UID,iso3,FIPS,Admin2,Province_State,Country_Region,Combined_Key,confirmed_latest,latest_date,cases_per_100k,deaths_latest,Population,deaths_per_100k
84001001,USA,1001.0,Autauga,Alabama,US,"Autauga, Alabama, US",7142,2021-05-29,12783.47563049276,110,55869,196.88915140775742
84001003,USA,1003.0,Baldwin,Alabama,US,"Baldwin, Alabama, US",21620,2021-05-29,9684.904629223147,311,223234,139.31569563776128
84001005,USA,1005.0,Barbour,Alabama,US,"Barbour, Alabama, US",2334,2021-05-29,9454.751681114802,59,24686,239.00186340435874
84001007,USA,1007.0,Bibb,Alabama,US,"Bibb, Alabama, US",2664,2021-05-29,11896.043583102617,64,22394,285.7908368312941
84001009,USA,1009.0,Blount,Alabama,US,"Blount, Alabama, US",6864,2021-05-29,11870.093037733892,139,57826,240.37630131774637
84001011,USA,1011.0,Bullock,Alabama,US,"Bullock, Alabama, US",1233,2021-05-29,12206.712206712207,42,10101,415.8004158004158
84001013,USA,1013.0,Butler,Alabama,US,"Butler, Alabama, US",2219,2021-05-29,11409.91361579597,71,19448,365.076100370218
84001015,USA,1015.0,Calhoun,Alabama,US,"Calhoun, Alabama, US",14622,2021-05-29,12870.912371814622,324,113605,285.1987148452973
84001017,USA,1017.0,Chambers,Alabama,US,"Chambers, Alabama, US",3665,2021-05-29,11021.230528658207,123,33254,369.88031515005713
84001019,USA,1019.0,Cherokee,Alabama,US,"Cherokee, Alabama, US",1862,2021-05-29,7107.955413040158,45,26196,171.7819514429684
84001021,USA,1021.0,Chilton,Alabama,US,"Chilton, Alabama, US",4430,2021-05-29,9971.18934005582,115,44428,258.8457729359863
84001023,USA,1023.0,Choctaw,Alabama,US,"Choctaw, Alabama, US",613,2021-05-29,4869.3303677813965,25,12589,198.58606720152514
84001025,USA,1025.0,Clarke,Alabama,US,"Clarke, Alabama, US",3521,2021-05-29,14905.596477859623,61,23622,258.23384980103293
84001027,USA,1027.0,Clay,Alabama,US,"Clay, Alabama, US",1578,2021-05-29,11922.931620702682,57,13235,430.6762372497166
84001029,USA,1029.0,Cleburne,Alabama,US,"Cleburne, Alabama, US",1504,2021-05-29,10087.189805499665,42,14910,281.69014084507046
84001031,USA,1031.0,Coffee,Alabama,US,"Coffee, Alabama, US",5605,2021-05-29,10708.41771426388,121,52342,231.17190783691873
84001033,USA,1033.0,Colbert,Alabama,US,"Colbert, Alabama, US",6347,2021-05-29,11489.654423344979,137,55241,248.00419977914953
84001035,USA,1035.0,Conecuh,Alabama,US,"Conecuh, Alabama, US",1119,2021-05-29,9273.224496560868,30,12067,248.6119167978785
84001037,USA,1037.0,Coosa,Alabama,US,"Coosa, Alabama, US",1100,2021-05-29,10316.04614086092,29,10663,271.96848916815156
84001039,USA,1039.0,Covington,Alabama,US,"Covington, Alabama, US",4217,2021-05-29,11382.223541796,119,37049,321.19625361008394
84001041,USA,1041.0,Crenshaw,Alabama,US,"Crenshaw, Alabama, US",1540,2021-05-29,11182.108626198082,57,13772,413.8832413592797
84001043,USA,1043.0,Cullman,Alabama,US,"Cullman, Alabama, US",9843,2021-05-29,11750.310381052432,198,83768,236.36710915862858
84001045,USA,1045.0,Dale,Alabama,US,"Dale, Alabama, US",4902,2021-05-29,9969.088098918082,114,49172,231.83925811437402
84001047,USA,1047.0,Dallas,Alabama,US,"Dallas, Alabama, US",3597,2021-05-29,9670.394666093129,154,37196,414.0230132272288
84001049,USA,1049.0,DeKalb,Alabama,US,"DeKalb, Alabama, US",8896,2021-05-29,12439.696278998224,188,71513,262.8892648889013
84001051,USA,1051.0,Elmore,Alabama,US,"Elmore, Alabama, US",10233,2021-05-29,12600.820106145871,208,81209,256.1292467583642
84001053,USA,1053.0,Escambia,Alabama,US,"Escambia, Alabama, US",3968,2021-05-29,10831.763710315836,77,36633,210.19299538667323
84001055,USA,1055.0,Etowah,Alabama,US,"Etowah, Alabama, US",13981,2021-05-29,13670.94301247702,359,102268,351.03844799937417
84001057,USA,1057.0,Fayette,Alabama,US,"Fayette, Alabama, US",2147,2021-05-29,13170.16317016317,62,16302,380.3214329530119
84001059,USA,1059.0,Franklin,Alabama,US,"Franklin, Alabama, US",4273,2021-05-29,13624.768828518589,82,31362,261.4629169058096
84001061,USA,1061.0,Geneva,Alabama,US,"Geneva, Alabama, US",2559,2021-05-29,9740.778805527007,81,26271,308.3247687564234
84001063,USA,1063.0,Greene,Alabama,US,"Greene, Alabama, US",928,2021-05-29,11441.252619898904,34,8111,419.1838244359512
84001065,USA,1065.0,Hale,Alabama,US,"Hale, Alabama, US",2252,2021-05-29,15370.964439287422,78,14651,532.3868677905945
84001067,USA,1067.0,Henry,Alabama,US,"Henry, Alabama, US",1934,2021-05-29,11240.91833769253,43,17205,249.92734670154027
84001069,USA,1069.0,Houston,Alabama,US,"Houston, Alabama, US",10714,2021-05-29,10118.811507149469,285,105882,269.16756389187964
84001071,USA,1071.0,Jackson,Alabama,US,"Jackson, Alabama, US",6866,2021-05-29,13299.500251811103,112,51626,216.94495021888196
84001073,USA,1073.0,Jefferson,Alabama,US,"Jefferson, Alabama, US",80195,2021-05-29,12177.085911508671,1539,658573,233.68707797009597
84001075,USA,1075.0,Lamar,Alabama,US,"Lamar, Alabama, US",1450,2021-05-29,10503.440782325244,37,13805,268.01883375588557
84001077,USA,1077.0,Lauderdale,Alabama,US,"Lauderdale, Alabama, US",9511,2021-05-29,10256.769726838422,245,92729,264.21076470144186
84001079,USA,1079.0,Lawrence,Alabama,US,"Lawrence, Alabama, US",3076,2021-05-29,9342.728708540883,100,32924,303.7298019681691
84001081,USA,1081.0,Lee,Alabama,US,"Lee, Alabama, US",16115,2021-05-29,9793.852025622637,173,164542,105.14032891298271
84001083,USA,1083.0,Limestone,Alabama,US,"Limestone, Alabama, US",10118,2021-05-29,10228.98448162564,156,98915,157.71116615275741
84001085,USA,1085.0,Lowndes,Alabama,US,"Lowndes, Alabama, US",1412,2021-05-29,14517.787374048941,54,9726,555.2128315854411
84001087,USA,1087.0,Macon,Alabama,US,"Macon, Alabama, US",1622,2021-05-29,8977.197254815143,50,18068,276.7323444764224
84001089,USA,1089.0,Madison,Alabama,US,"Madison, Alabama, US",35344,2021-05-29,9477.915523626409,513,372909,137.56707400464992
84001091,USA,1091.0,Marengo,Alabama,US,"Marengo, Alabama, US",2502,2021-05-29,13264.061920161163,65,18863,344.5899379738112
84001093,USA,1093.0,Marion,Alabama,US,"Marion, Alabama, US",3178,2021-05-29,10697.095156349927,102,29709,343.3303039482985
84001095,USA,1095.0,Marshall,Alabama,US,"Marshall, Alabama, US",12338,2021-05-29,12749.292165250998,227,96774,234.56713580093827
84001097,USA,1097.0,Mobile,Alabama,US,"Mobile, Alabama, US",41551,2021-05-29,10055.661770044288,815,413210,197.2362721134532
84001099,USA,1099.0,Monroe,Alabama,US,"Monroe, Alabama, US",1790,2021-05-29,8633.579317995465,41,20733,197.7523754401196
84001101,USA,1101.0,Montgomery,Alabama,US,"Montgomery, Alabama, US",24871,2021-05-29,10981.252704361417,600,226486,264.9170368146375
84001103,USA,1103.0,Morgan,Alabama,US,"Morgan, Alabama, US",14520,2021-05-29,12132.454315293411,283,119679,236.46587956115943
84080001,USA,80001.0,Out of AL,Alabama,US,"Out of AL, Alabama, US",0,2021-05-29,,0,0,
84001105,USA,1105.0,Perry,Alabama,US,"Perry, Alabama, US",1081,2021-05-29,12114.759609996638,26,8923,291.38182225708846
84001107,USA,1107.0,Pickens,Alabama,US,"Pickens, Alabama, US",2356,2021-05-29,11821.374811841446,62,19930,311.0888108379328
84001109,USA,1109.0,Pike,Alabama,US,"Pike, Alabama, US",3132,2021-05-29,9458.235187533974,77,33114,232.53004771395786
84001111,USA,1111.0,Randolph,Alabama,US,"Randolph, Alabama, US",1846,2021-05-29,8124.284834081506,43,22722,189.24390458586393
84001113,USA,1113.0,Russell,Alabama,US,"Russell, Alabama, US",4505,2021-05-29,7772.467693794102,40,57961,69.01192180949259
84001117,USA,1117.0,Shelby,Alabama,US,"Shelby, Alabama, US",25401,2021-05-29,11667.784402531901,253,217702,116.21390708399557
84001115,USA,1115.0,St. Clair,Alabama,US,"St. Clair, Alabama, US",10034,2021-05-29,11209.670211815175,247,89512,275.94065600143
84001119,USA,1119.0,Sumter,Alabama,US,"Sumter, Alabama, US",1056,2021-05-29,8497.626136637966,32,12427,257.50382232236257
84001121,USA,1121.0,Talladega,Alabama,US,"Talladega, Alabama, US",8373,2021-05-29,10469.129010477882,180,79978,225.06189202030558
84001123,USA,1123.0,Tallapoosa,Alabama,US,"Tallapoosa, Alabama, US",4077,2021-05-29,10099.834022840438,153,40367,379.0224688483167
84001125,USA,1125.0,Tuscaloosa,Alabama,US,"Tuscaloosa, Alabama, US",26031,2021-05-29,12433.904134126245,457,209355,218.28950825153447
84090001,USA,90001.0,Unassigned,Alabama,US,"Unassigned, Alabama, US",0,2021-05-29,,0,0,
84001127,USA,1127.0,Walker,Alabama,US,"Walker, Alabama, US",7284,2021-05-29,11467.073881078699,278,63521,437.6505407660458
84001129,USA,1129.0,Washington,Alabama,US,"Washington, Alabama, US",1687,2021-05-29,10333.210829351954,39,16326,238.8827636898199
84001131,USA,1131.0,Wilcox,Alabama,US,"Wilcox, Alabama, US",1271,2021-05-29,12252.96442687747,30,10373,289.21237828979076
84001133,USA,1133.0,Winston,Alabama,US,"Winston, Alabama, US",2786,2021-05-29,11790.59630115536,73,23629,308.9424012865547
84002013,USA,2013.0,Aleutians East,Alaska,US,"Aleutians East, Alaska, US",369,2021-05-29,11057.83637998202,3,3337,89.90110878034163
84002016,USA,2016.0,Aleutians West,Alaska,US,"Aleutians West, Alaska, US",706,2021-05-29,12531.06141285055,1,5634,17.74937877174299
84002020,USA,2020.0,Anchorage,Alaska,US,"Anchorage, Alaska, US",30786,2021-05-29,10689.583333333332,179,288000,62.15277777777778
84002050,USA,2050.0,Bethel,Alaska,US,"Bethel, Alaska, US",3902,2021-05-29,21222.669422386596,22,18386,119.65626019797672
84002060,USA,2060.0,Bristol Bay,Alaska,US,"Bristol Bay, Alaska, US",0,2021-05-29,0.0,0,836,0.0
84002164,USA,2164.0,Bristol Bay plus Lake and Peninsula,Alaska,US,"Bristol Bay plus Lake and Peninsula, Alaska, US",198,2021-05-29,12437.185929648242,0,1592,0.0
84002063,USA,2063.0,Chugach,Alaska,US,"Chugach, Alaska, US",437,2021-05-29,6473.115094060139,3,6751,44.43786105762109
84002066,USA,2066.0,Copper River,Alaska,US,"Copper River, Alaska, US",244,2021-05-29,9040.385327899223,0,2699,0.0
84002068,USA,2068.0,Denali,Alaska,US,"Denali, Alaska, US",110,2021-05-29,5245.58893657606,0,2097,0.0
84002070,USA,2070.0,Dillingham,Alaska,US,"Dillingham, Alaska, US",230,2021-05-29,4678.6004882017905,2,4916,40.68348250610252
84002090,USA,2090.0,Fairbanks North Star,Alaska,US,"Fairbanks North Star,Alaska,US",8017,2021-05-29,8277.834567212878,43,96849,44.39901289636445
84002100,USA,2100.0,Haines,Alaska,US,"Haines, Alaska, US",31,2021-05-29,1225.296442687747,0,2530,0.0
84002105,USA,2105.0,Hoonah-Angoon,Alaska,US,"Hoonah-Angoon, Alaska, US",0,2021-05-29,0.0,0,2148,0.0
84002110,USA,2110.0,Juneau,Alaska,US,"Juneau, Alaska, US",1448,2021-05-29,4528.67955213611,5,31974,15.63770563582911
84002122,USA,2122.0,Kenai Peninsula,Alaska,US,"Kenai Peninsula,Alaska,US",4572,2021-05-29,7787.6950330449,22,58708,37.47359814676023
84002130,USA,2130.0,Ketchikan Gateway,Alaska,US,"Ketchikan Gateway, Alaska, US",654,2021-05-29,4704.697503776706,2,13901,14.387454139989927
84002150,USA,2150.0,Kodiak Island,Alaska,US,"Kodiak Island, Alaska, US",1125,2021-05-29,8655.177719649177,6,12998,46.16094783812894
84002158,USA,2158.0,Kusilvak,Alaska,US,"Kusilvak, Alaska, US",1310,2021-05-29,15756.555208082751,4,8314,48.11161895597787
84002170,USA,2170.0,Matanuska-Susitna,Alaska,US,"Matanuska-Susitna,Alaska,US",11740,2021-05-29,10838.557197854445,57,108317,52.623318592649355
84002180,USA,2180.0,Nome,Alaska,US,"Nome, Alaska, US",368,2021-05-29,3678.5285885645744,0,10004,0.0
84002185,USA,2185.0,North Slope,Alaska,US,"North Slope, Alaska, US",1088,2021-05-29,11065.907241659886,4,9832,40.68348250610252
84002188,USA,2188.0,Northwest Arctic,Alaska,US,"Northwest Arctic, Alaska, US",621,2021-05-29,8148.536937409789,2,7621,26.243275160740062
84080002,USA,80002.0,Out of AK,Alaska,US,"Out of AK, Alaska, US",0,2021-05-29,,0,0,
84002195,USA,2195.0,Petersburg,Alaska,US,"Petersburg, Alaska, US",173,2021-05-29,5296.999387630129,1,3266,30.61849357011635
84002198,USA,2198.0,Prince of Wales-Hyder,Alaska,US,"Prince of Wales-Hyder, Alaska, US",150,2021-05-29,2418.1847493148475,1,6203,16.12123166209898
84002220,USA,2220.0,Sitka,Alaska,US,"Sitka, Alaska, US",370,2021-05-29,4356.528906158012,1,8493,11.77440244907571
84002230,USA,2230.0,Skagway,Alaska,US,"Skagway, Alaska, US",21,2021-05-29,1775.1479289940828,0,1183,0.0
84002240,USA,2240.0,Southeast Fairbanks,Alaska,US,"Southeast Fairbanks, Alaska, US",728,2021-05-29,10561.439141157696,5,6893,72.53735673872045
84090002,USA,90002.0,Unassigned,Alaska,US,"Unassigned, Alaska, US",295,2021-05-29,,0,0,
84002261,USA,2261.0,Valdez-Cordova,Alaska,US,"Valdez-Cordova, Alaska, US",0,2021-05-29,0.0,0,9202,0.0
84002275,USA,2275.0,Wrangell,Alaska,US,"Wrangell, Alaska, US",58,2021-05-29,2318.1454836131097,0,2502,0.0
84002282,USA,2282.0,Yakutat,Alaska,US,"Yakutat, Alaska, US",89,2021-05-29,15371.3298791019,2,579,345.42314335060445
84002290,USA,2290.0,Yukon-Koyukuk,Alaska,US,"Yukon-Koyukuk, Alaska, US",368,2021-05-29,7036.328871892926,4,5230,76.48183556405354
16,ASM,60.0,,American Samoa,US,"American Samoa, US",0,2021-05-29,0.0,0,55641,0.0
84004001,USA,4001.0,Apache,Arizona,US,"Apache, Arizona, US",11405,2021-05-29,15865.177292139051,432,71887,600.9431468833029
84004003,USA,4003.0,Cochise,Arizona,US,"Cochise, Arizona, US",12080,2021-05-29,9593.240259843396,288,125922,228.71301281745843
84004005,USA,4005.0,Coconino,Arizona,US,"Coconino, Arizona, US",17858,2021-05-29,12446.680978003289,330,143476,230.0036242995344
84004007,USA,4007.0,Gila,Arizona,US,"Gila, Arizona, US",6935,2021-05-29,12838.3131548743,230,54018,425.783997926617
84004009,USA,4009.0,Graham,Arizona,US,"Graham, Arizona, US",5618,2021-05-29,14465.586940288898,83,38837,213.7137266009218
84004011,USA,4011.0,Greenlee,Arizona,US,"Greenlee, Arizona, US",575,2021-05-29,6053.9060854916825,10,9498,105.28532322594232
84004012,USA,4012.0,La Paz,Arizona,US,"La Paz, Arizona, US",2478,2021-05-29,11739.624786810688,80,21108,379.00322152738295
84004013,USA,4013.0,Maricopa,Arizona,US,"Maricopa, Arizona, US",550067,2021-05-29,12263.461076279693,10069,4485414,224.48318037086432
84004015,USA,4015.0,Mohave,Arizona,US,"Mohave, Arizona, US",23068,2021-05-29,10871.849977142158,736,212181,346.8736597527583
84004017,USA,4017.0,Navajo,Arizona,US,"Navajo, Arizona, US",16442,2021-05-29,14822.761530417221,540,110924,486.81980455086364
84080004,USA,80004.0,Out of AZ,Arizona,US,"Out of AZ, Arizona, US",0,2021-05-29,,0,0,
84004019,USA,4019.0,Pima,Arizona,US,"Pima, Arizona, US",116539,2021-05-29,11127.789251956738,2411,1047279,230.21563499315846
84004021,USA,4021.0,Pinal,Arizona,US,"Pinal, Arizona, US",52850,2021-05-29,11419.891138294124,891,462789,192.52834445071082
84004023,USA,4023.0,Santa Cruz,Arizona,US,"Santa Cruz, Arizona, US",8038,2021-05-29,17286.76502215149,180,46498,387.11342423330035
84090004,USA,90004.0,Unassigned,Arizona,US,"Unassigned, Arizona, US",8,2021-05-29,,0,0,
84004025,USA,4025.0,Yavapai,Arizona,US,"Yavapai, Arizona, US",19275,2021-05-29,8198.67375020736,509,235099,216.50453638679875
84004027,USA,4027.0,Yuma,Arizona,US,"Yuma, Arizona, US",37230,2021-05-29,17414.52941479136,839,213787,392.4466875909199
84005001,USA,5001.0,Arkansas,Arkansas,US,"Arkansas, Arkansas, US",2124,2021-05-29,12146.860345419193,37,17486,211.59784970833812
84005003,USA,5003.0,Ashley,Arkansas,US,"Ashley, Arkansas, US",2036,2021-05-29,10357.633413033525,35,19657,178.05361957572367
84005005,USA,5005.0,Baxter,Arkansas,US,"Baxter, Arkansas, US",3203,2021-05-29,7638.557664790613,104,41932,248.02060478870555
84005007,USA,5007.0,Benton,Arkansas,US,"Benton, Arkansas, US",29391,2021-05-29,10529.087450428278,419,279141,150.10335278586808
84005009,USA,5009.0,Boone,Arkansas,US,"Boone, Arkansas, US",3869,2021-05-29,10336.076084633469,80,37432,213.72088053002776
84005011,USA,5011.0,Bradley,Arkansas,US,"Bradley, Arkansas, US",1410,2021-05-29,13100.436681222707,32,10763,297.3148750348416
84005013,USA,5013.0,Calhoun,Arkansas,US,"Calhoun, Arkansas, US",412,2021-05-29,7939.872807862787,3,5189,57.814607824243595
84005015,USA,5015.0,Carroll,Arkansas,US,"Carroll, Arkansas, US",2814,2021-05-29,9915.433403805497,46,28380,162.0859760394644
84005017,USA,5017.0,Chicot,Arkansas,US,"Chicot, Arkansas, US",1620,2021-05-29,16011.069381300653,41,10118,405.21842261316465
84005019,USA,5019.0,Clark,Arkansas,US,"Clark, Arkansas, US",2122,2021-05-29,9507.168458781362,41,22320,183.69175627240142
84005021,USA,5021.0,Clay,Arkansas,US,"Clay, Arkansas, US",1790,2021-05-29,12301.560030238472,52,14551,357.36375506838016
84005023,USA,5023.0,Cleburne,Arkansas,US,"Cleburne, Arkansas, US",2012,2021-05-29,8074.160279304948,75,24919,300.97515951683454
84005025,USA,5025.0,Cleveland,Arkansas,US,"Cleveland, Arkansas, US",959,2021-05-29,12053.795877325289,25,7956,314.228255404726
84005027,USA,5027.0,Columbia,Arkansas,US,"Columbia, Arkansas, US",2360,2021-05-29,10060.962612439784,56,23457,238.7347060578932
84005029,USA,5029.0,Conway,Arkansas,US,"Conway, Arkansas, US",2248,2021-05-29,10783.843423198696,33,20846,158.30375131919791
84005031,USA,5031.0,Craighead,Arkansas,US,"Craighead, Arkansas, US",13595,2021-05-29,12321.90117101113,182,110332,164.95667621360982
84005033,USA,5033.0,Crawford,Arkansas,US,"Crawford, Arkansas, US",7126,2021-05-29,11265.156425375848,120,63257,189.7023254343393
84005035,USA,5035.0,Crittenden,Arkansas,US,"Crittenden, Arkansas, US",6145,2021-05-29,12814.096548847878,97,47955,202.27296423730579
84005037,USA,5037.0,Cross,Arkansas,US,"Cross, Arkansas, US",1963,2021-05-29,11955.661124307206,50,16419,304.5252451428223
84005039,USA,5039.0,Dallas,Arkansas,US,"Dallas, Arkansas, US",761,2021-05-29,10857.468968469111,15,7009,214.01055785418748
84005041,USA,5041.0,Desha,Arkansas,US,"Desha, Arkansas, US",1367,2021-05-29,12032.39151483144,24,11361,211.2490097702667
84005043,USA,5043.0,Drew,Arkansas,US,"Drew, Arkansas, US",2015,2021-05-29,11059.88254020528,45,18219,246.9948954388276
84005045,USA,5045.0,Faulkner,Arkansas,US,"Faulkner, Arkansas, US",12805,2021-05-29,10162.133849706763,162,126007,128.56428611108907
84005047,USA,5047.0,Franklin,Arkansas,US,"Franklin, Arkansas, US",1701,2021-05-29,9602.03217612193,40,17715,225.79734688117415
84005049,USA,5049.0,Fulton,Arkansas,US,"Fulton, Arkansas, US",1147,2021-05-29,9192.9149635329,47,12477,376.6931153322113
84005051,USA,5051.0,Garland,Arkansas,US,"Garland, Arkansas, US",10322,2021-05-29,10385.768619322642,261,99386,262.6124403839575
84005053,USA,5053.0,Grant,Arkansas,US,"Grant, Arkansas, US",1689,2021-05-29,9247.19408705174,33,18265,180.67341910758282
84005055,USA,5055.0,Greene,Arkansas,US,"Greene, Arkansas, US",6169,2021-05-29,13610.590182018754,77,45325,169.8841698841699
84005057,USA,5057.0,Hempstead,Arkansas,US,"Hempstead, Arkansas, US",2012,2021-05-29,9344.231840980865,20,21532,92.88500835965075
84005059,USA,5059.0,Hot Spring,Arkansas,US,"Hot Spring, Arkansas, US",5181,2021-05-29,15341.565248289953,74,33771,219.1229161114566
84005061,USA,5061.0,Howard,Arkansas,US,"Howard, Arkansas, US",1665,2021-05-29,12611.725496136949,25,13202,189.36524768974397
84005063,USA,5063.0,Independence,Arkansas,US,"Independence, Arkansas, US",3794,2021-05-29,10030.403172504957,124,37825,327.8255122273629
84005065,USA,5065.0,Izard,Arkansas,US,"Izard, Arkansas, US",1686,2021-05-29,12370.680167290337,42,13629,308.1664098613251
84005067,USA,5067.0,Jackson,Arkansas,US,"Jackson, Arkansas, US",3228,2021-05-29,19307.374842993002,38,16719,227.28632095221005
84005069,USA,5069.0,Jefferson,Arkansas,US,"Jefferson, Arkansas, US",8962,2021-05-29,13411.349215850592,167,66824,249.91021189991622
84005071,USA,5071.0,Johnson,Arkansas,US,"Johnson, Arkansas, US",2934,2021-05-29,11039.205357814733,38,26578,142.97539318233126
84005073,USA,5073.0,Lafayette,Arkansas,US,"Lafayette, Arkansas, US",554,2021-05-29,8363.526570048309,9,6624,135.8695652173913
84005075,USA,5075.0,Lawrence,Arkansas,US,"Lawrence, Arkansas, US",2130,2021-05-29,12983.054979885408,43,16406,262.09923198829694
84005077,USA,5077.0,Lee,Arkansas,US,"Lee, Arkansas, US",1699,2021-05-29,19182.567460765495,35,8857,395.1676639945806
84005079,USA,5079.0,Lincoln,Arkansas,US,"Lincoln, Arkansas, US",3207,2021-05-29,24623.7714987715,48,13024,368.55036855036855
84005081,USA,5081.0,Little River,Arkansas,US,"Little River, Arkansas, US",1254,2021-05-29,10229.219349049677,42,12259,342.60543274329063
84005083,USA,5083.0,Logan,Arkansas,US,"Logan, Arkansas, US",2249,2021-05-29,10477.033448243734,25,21466,116.46324420013043
84005085,USA,5085.0,Lonoke,Arkansas,US,"Lonoke, Arkansas, US",7470,2021-05-29,10189.74477894938,121,73309,165.05476817307562
84005087,USA,5087.0,Madison,Arkansas,US,"Madison, Arkansas, US",1463,2021-05-29,8826.013513513513,23,16576,138.75482625482627
84005089,USA,5089.0,Marion,Arkansas,US,"Marion, Arkansas, US",1067,2021-05-29,6391.517910626572,30,16694,179.70528333533005
84005091,USA,5091.0,Miller,Arkansas,US,"Miller, Arkansas, US",4405,2021-05-29,10183.32293039277,38,43257,87.84705365605566
84005093,USA,5093.0,Mississippi,Arkansas,US,"Mississippi, Arkansas, US",5893,2021-05-29,14496.568350102087,109,40651,268.13608521315587
84005095,USA,5095.0,Monroe,Arkansas,US,"Monroe, Arkansas, US",871,2021-05-29,12998.059991046113,17,6701,253.6934785852858
84005097,USA,5097.0,Montgomery,Arkansas,US,"Montgomery, Arkansas, US",758,2021-05-29,8435.343868239484,33,8986,367.2379256621411
84005099,USA,5099.0,Nevada,Arkansas,US,"Nevada, Arkansas, US",831,2021-05-29,10070.285991274843,24,8252,290.838584585555
84005101,USA,5101.0,Newton,Arkansas,US,"Newton, Arkansas, US",732,2021-05-29,9441.506513607635,26,7753,335.3540564942603
84005103,USA,5103.0,Ouachita,Arkansas,US,"Ouachita, Arkansas, US",2338,2021-05-29,9999.144641176974,63,23382,269.43802925327174
84080005,USA,80005.0,Out of AR,Arkansas,US,"Out of AR, Arkansas, US",0,2021-05-29,,0,0,
84005105,USA,5105.0,Perry,Arkansas,US,"Perry, Arkansas, US",846,2021-05-29,8091.822094691535,10,10455,95.64801530368246
84005107,USA,5107.0,Phillips,Arkansas,US,"Phillips, Arkansas, US",1851,2021-05-29,10409.402766842875,43,17782,241.81756832752222
84005109,USA,5109.0,Pike,Arkansas,US,"Pike, Arkansas, US",1016,2021-05-29,9479.380481433103,22,10718,205.26217577906326
84005111,USA,5111.0,Poinsett,Arkansas,US,"Poinsett, Arkansas, US",3186,2021-05-29,13541.312478748723,77,23528,327.2696361781707
84005113,USA,5113.0,Polk,Arkansas,US,"Polk, Arkansas, US",2010,2021-05-29,10068.122620717291,74,19964,370.6672009617311
84005115,USA,5115.0,Pope,Arkansas,US,"Pope, Arkansas, US",8088,2021-05-29,12623.29878886253,109,64072,170.1211137470346
84005117,USA,5117.0,Prairie,Arkansas,US,"Prairie, Arkansas, US",909,2021-05-29,11275.11783676507,21,8062,260.48127015628876
84005119,USA,5119.0,Pulaski,Arkansas,US,"Pulaski, Arkansas, US",39801,2021-05-29,10155.622067255066,663,391911,169.17106179719374
84005121,USA,5121.0,Randolph,Arkansas,US,"Randolph, Arkansas, US",2177,2021-05-29,12122.73081634926,47,17958,261.7217953001448
84005125,USA,5125.0,Saline,Arkansas,US,"Saline, Arkansas, US",12142,2021-05-29,9916.936873657472,171,122437,139.66366376177135
84005127,USA,5127.0,Scott,Arkansas,US,"Scott, Arkansas, US",943,2021-05-29,9172.259507829978,14,10281,136.1735239762669
84005129,USA,5129.0,Searcy,Arkansas,US,"Searcy, Arkansas, US",716,2021-05-29,9085.141479507678,19,7881,241.08615657911434
84005131,USA,5131.0,Sebastian,Arkansas,US,"Sebastian, Arkansas, US",15319,2021-05-29,11984.166099493847,283,127827,221.39297644472606
84005133,USA,5133.0,Sevier,Arkansas,US,"Sevier, Arkansas, US",2800,2021-05-29,16463.80901981537,24,17007,141.1183630269889
84005135,USA,5135.0,Sharp,Arkansas,US,"Sharp, Arkansas, US",1615,2021-05-29,9259.25925925926,46,17442,263.7312234835455
84005123,USA,5123.0,St. Francis,Arkansas,US,"St. Francis, Arkansas, US",3608,2021-05-29,14435.464511482756,44,24994,176.04225014003362
84005137,USA,5137.0,Stone,Arkansas,US,"Stone, Arkansas, US",993,2021-05-29,7940.188709419478,30,12506,239.88485526947068
84090005,USA,90005.0,Unassigned,Arkansas,US,"Unassigned, Arkansas, US",2906,2021-05-29,,0,0,
84005139,USA,5139.0,Union,Arkansas,US,"Union, Arkansas, US",4049,2021-05-29,10467.400858280338,114,38682,294.7107181634869
84005141,USA,5141.0,Van Buren,Arkansas,US,"Van Buren, Arkansas, US",1336,2021-05-29,8074.947113931702,23,16545,139.0148080991236
84005143,USA,5143.0,Washington,Arkansas,US,"Washington, Arkansas, US",31192,2021-05-29,13040.842520705557,352,239187,147.1651887435354
84005145,USA,5145.0,White,Arkansas,US,"White, Arkansas, US",8130,2021-05-29,10323.416250809492,120,78753,152.37514761342425
84005147,USA,5147.0,Woodruff,Arkansas,US,"Woodruff, Arkansas, US",651,2021-05-29,10300.632911392404,13,6320,205.69620253164558
84005149,USA,5149.0,Yell,Arkansas,US,"Yell, Arkansas, US",3448,2021-05-29,16156.6936882058,65,21341,304.5780422660606
84006001,USA,6001.0,Alameda,California,US,"Alameda, California, US",88893,2021-05-29,5318.701464523143,1693,1671329,101.29663279940694
84006003,USA,6003.0,Alpine,California,US,"Alpine, California, US",89,2021-05-29,7883.082373782107,0,1129,0.0
84006005,USA,6005.0,Amador,California,US,"Amador, California, US",3680,2021-05-29,9257.39585429664,47,39752,118.23304487824512
84006007,USA,6007.0,Butte,California,US,"Butte, California, US",12407,2021-05-29,5660.489264825308,190,219186,86.68436852718696
84006009,USA,6009.0,Calaveras,California,US,"Calaveras, California, US",2174,2021-05-29,4735.867552554188,56,45905,121.99106851105545
84006011,USA,6011.0,Colusa,California,US,"Colusa, California, US",2265,2021-05-29,10511.9042094027,18,21547,83.53831159790226
84006013,USA,6013.0,Contra Costa,California,US,"Contra Costa, California, US",69635,2021-05-29,6036.708318668153,813,1153526,70.47955572739582
84006015,USA,6015.0,Del Norte,California,US,"Del Norte, California, US",1431,2021-05-29,5145.26103840069,8,27812,28.764562059542644
84006017,USA,6017.0,El Dorado,California,US,"El Dorado, California, US",10296,2021-05-29,5339.058197601158,113,192843,58.5968896978371
84006019,USA,6019.0,Fresno,California,US,"Fresno, California, US",102437,2021-05-29,10252.917372718073,1705,999101,170.6534174222626
84006021,USA,6021.0,Glenn,California,US,"Glenn, California, US",2419,2021-05-29,8519.705561229881,26,28393,91.57186630507519
84006023,USA,6023.0,Humboldt,California,US,"Humboldt, California, US",4285,2021-05-29,3161.0085719765707,43,135558,31.720739462075276
84006025,USA,6025.0,Imperial,California,US,"Imperial, California, US",28722,2021-05-29,15849.681317771709,736,181215,406.14739397952707
84006027,USA,6027.0,Inyo,California,US,"Inyo, California, US",1431,2021-05-29,7932.812240146351,38,18039,210.6546926104551
84006029,USA,6029.0,Kern,California,US,"Kern, California, US",110089,2021-05-29,12229.366297786497,1389,900202,154.2987018469188
84006031,USA,6031.0,Kings,California,US,"Kings, California, US",23067,2021-05-29,15082.3852491173,247,152940,161.5012423172486
84006033,USA,6033.0,Lake,California,US,"Lake, California, US",3515,2021-05-29,5459.261330102817,45,64386,69.89097008666481
84006035,USA,6035.0,Lassen,California,US,"Lassen, California, US",5736,2021-05-29,18761.652438426063,24,30573,78.50063781768226
84006037,USA,6037.0,Los Angeles,California,US,"Los Angeles, California, US",1243712,2021-05-29,12388.671621888281,24357,10039107,242.62118134610978
84006039,USA,6039.0,Madera,California,US,"Madera, California, US",16530,2021-05-29,10506.778874573341,244,157327,155.09098883217754
84006041,USA,6041.0,Marin,California,US,"Marin, California, US",14137,2021-05-29,5461.970590280729,229,258826,88.47642817954919
84006043,USA,6043.0,Mariposa,California,US,"Mariposa, California, US",454,2021-05-29,2639.0745800151135,7,17203,40.69057722490263
84006045,USA,6045.0,Mendocino,California,US,"Mendocino, California, US",4197,2021-05-29,4838.096116381746,49,86749,56.484800977532885
84006047,USA,6047.0,Merced,California,US,"Merced, California, US",32142,2021-05-29,11575.194468452895,469,277680,168.89945260731778
84006049,USA,6049.0,Modoc,California,US,"Modoc, California, US",514,2021-05-29,5813.821965840968,4,8841,45.243750706933604
84006051,USA,6051.0,Mono,California,US,"Mono, California, US",1294,2021-05-29,8958.737191913597,4,14444,27.693159789531986
84006053,USA,6053.0,Monterey,California,US,"Monterey, California, US",43739,2021-05-29,10076.694289512303,385,434061,88.69721076069953
84006055,USA,6055.0,Napa,California,US,"Napa, California, US",9941,2021-05-29,7217.01126727843,82,137744,59.5307236612847
84006057,USA,6057.0,Nevada,California,US,"Nevada, California, US",4813,2021-05-29,4824.820810986917,75,99755,75.18420129316826
84006059,USA,6059.0,Orange,California,US,"Orange, California, US",272059,2021-05-29,8566.920217703731,5063,3175692,159.42981876076144
84080006,USA,80006.0,Out of CA,California,US,"Out of CA, California, US",0,2021-05-29,,0,0,
84006061,USA,6061.0,Placer,California,US,"Placer, California, US",23004,2021-05-29,5775.125587140278,297,398329,74.56148058514444
84006063,USA,6063.0,Plumas,California,US,"Plumas, California, US",724,2021-05-29,3849.630456744829,6,18807,31.9030148349019
84006065,USA,6065.0,Riverside,California,US,"Riverside, California, US",300701,2021-05-29,12171.439026029064,4608,2470546,186.51747427491736
84006067,USA,6067.0,Sacramento,California,US,"Sacramento, California, US",106265,2021-05-29,6846.715779951522,1707,1552058,109.98300321250882
84006069,USA,6069.0,San Benito,California,US,"San Benito, California, US",6088,2021-05-29,9693.03273468348,63,62808,100.30569354222392
84006071,USA,6071.0,San Bernardino,California,US,"San Bernardino, California, US",298289,2021-05-29,13682.448161424898,4757,2180085,218.20250127861985
84006073,USA,6073.0,San Diego,California,US,"San Diego, California, US",280150,2021-05-29,8391.92051115378,3756,3338330,112.51134549310584
84006075,USA,6075.0,San Francisco,California,US,"San Francisco, California, US",36987,2021-05-29,4195.682826479299,546,881549,61.936432348060066
84006077,USA,6077.0,San Joaquin,California,US,"San Joaquin, California, US",73794,2021-05-29,9682.371402929615,1419,762148,186.18431065882217
84006079,USA,6079.0,San Luis Obispo,California,US,"San Luis Obispo, California, US",21315,2021-05-29,7528.849108653496,261,283111,92.18998908555302
84006081,USA,6081.0,San Mateo,California,US,"San Mateo, California, US",42364,2021-05-29,5526.414314096635,576,766573,75.13961488338357
84006083,USA,6083.0,Santa Barbara,California,US,"Santa Barbara, California, US",34488,2021-05-29,7724.093447017799,455,446499,101.90392363700703
84006085,USA,6085.0,Santa Clara,California,US,"Santa Clara, California, US",119462,2021-05-29,6196.637501218973,2142,1927852,111.10811410834441
84006087,USA,6087.0,Santa Cruz,California,US,"Santa Cruz, California, US",16169,2021-05-29,5918.093209327521,207,273213,75.76506242382318
84006089,USA,6089.0,Shasta,California,US,"Shasta, California, US",12413,2021-05-29,6893.047534429142,230,180080,127.72101288316304
84006091,USA,6091.0,Sierra,California,US,"Sierra, California, US",113,2021-05-29,3760.3993344425953,0,3005,0.0
84006093,USA,6093.0,Siskiyou,California,US,"Siskiyou, California, US",2352,2021-05-29,5402.0533314959,33,43539,75.7941156204782
84006095,USA,6095.0,Solano,California,US,"Solano, California, US",33293,2021-05-29,7437.399892324911,256,447643,57.18842917235386
84006097,USA,6097.0,Sonoma,California,US,"Sonoma, California, US",30333,2021-05-29,6136.109852408079,321,494336,64.93559036768514
84006099,USA,6099.0,Stanislaus,California,US,"Stanislaus, California, US",62788,2021-05-29,11402.317219336795,1066,550660,193.58587876366542
84006101,USA,6101.0,Sutter,California,US,"Sutter, California, US",9527,2021-05-29,9824.586732115788,111,96971,114.46721184684081
84006103,USA,6103.0,Tehama,California,US,"Tehama, California, US",5678,2021-05-29,8724.110380431443,63,65084,96.79798414356831
84006105,USA,6105.0,Trinity,California,US,"Trinity, California, US",411,2021-05-29,3345.5433455433454,5,12285,40.700040700040695
84006107,USA,6107.0,Tulare,California,US,"Tulare, California, US",49934,2021-05-29,10710.968586106672,846,466195,181.46912772552258
84006109,USA,6109.0,Tuolumne,California,US,"Tuolumne, California, US",4168,2021-05-29,7650.794816256104,67,54478,122.98542530929917
84090006,USA,90006.0,Unassigned,California,US,"Unassigned, California, US",35,2021-05-29,,0,0,
84006111,USA,6111.0,Ventura,California,US,"Ventura, California, US",81344,2021-05-29,9615.061831712777,1021,846006,120.68472327619426
84006113,USA,6113.0,Yolo,California,US,"Yolo, California, US",14050,2021-05-29,6371.8820861678005,210,220500,95.23809523809524
84006115,USA,6115.0,Yuba,California,US,"Yuba, California, US",6371,2021-05-29,8098.591549295775,48,78668,61.01591498449179
84008001,USA,8001.0,Adams,Colorado,US,"Adams, Colorado, US",59705,2021-05-29,11538.959570639769,699,517421,135.09308667410096
84008003,USA,8003.0,Alamosa,Colorado,US,"Alamosa, Colorado, US",1681,2021-05-29,10355.448777182282,32,16233,197.12930450317256
84008005,USA,8005.0,Arapahoe,Colorado,US,"Arapahoe, Colorado, US",61397,2021-05-29,9350.888682435005,748,656590,113.92192997151953
84008007,USA,8007.0,Archuleta,Colorado,US,"Archuleta, Colorado, US",985,2021-05-29,7021.170432675172,2,14029,14.256183619645022
84008009,USA,8009.0,Baca,Colorado,US,"Baca, Colorado, US",315,2021-05-29,8796.425579447081,4,3581,111.7006422786931
84008011,USA,8011.0,Bent,Colorado,US,"Bent, Colorado, US",1542,2021-05-29,27649.273803119955,21,5577,376.54653039268425
84008013,USA,8013.0,Boulder,Colorado,US,"Boulder, Colorado, US",23658,2021-05-29,7252.694698892691,232,326196,71.1228831745331
84008014,USA,8014.0,Broomfield,Colorado,US,"Broomfield, Colorado, US",4874,2021-05-29,6916.9091038104025,75,70465,106.43581920102179
84008015,USA,8015.0,Chaffee,Colorado,US,"Chaffee, Colorado, US",1723,2021-05-29,8464.334839850659,25,20356,122.81391235999213
84008017,USA,8017.0,Cheyenne,Colorado,US,"Cheyenne, Colorado, US",130,2021-05-29,7099.9453850355,6,1831,327.6897870016384
84008019,USA,8019.0,Clear Creek,Colorado,US,"Clear Creek, Colorado, US",462,2021-05-29,4762.886597938144,3,9700,30.92783505154639
84008021,USA,8021.0,Conejos,Colorado,US,"Conejos, Colorado, US",668,2021-05-29,8141.37720901889,12,8205,146.25228519195613
84008023,USA,8023.0,Costilla,Colorado,US,"Costilla, Colorado, US",246,2021-05-29,6328.7882685876,3,3887,77.18034473887317
84008025,USA,8025.0,Crowley,Colorado,US,"Crowley, Colorado, US",2206,2021-05-29,36396.634218775784,16,6061,263.9828411153275
84008027,USA,8027.0,Custer,Colorado,US,"Custer, Colorado, US",205,2021-05-29,4044.9881610102607,1,5068,19.73164956590371
84008029,USA,8029.0,Delta,Colorado,US,"Delta, Colorado, US",2771,2021-05-29,8892.240549387074,63,31162,202.1693087735062
84008031,USA,8031.0,Denver,Colorado,US,"Denver, Colorado, US",73055,2021-05-29,10045.915147048105,825,727211,113.44712882505902
84008033,USA,8033.0,Dolores,Colorado,US,"Dolores, Colorado, US",111,2021-05-29,5401.459854014599,1,2055,48.661800486618006
84008035,USA,8035.0,Douglas,Colorado,US,"Douglas, Colorado, US",29499,2021-05-29,8400.587776303275,239,351154,68.06130643535315
84008037,USA,8037.0,Eagle,Colorado,US,"Eagle, Colorado, US",6321,2021-05-29,11466.250657572515,23,55127,41.72184229143614
84008041,USA,8041.0,El Paso,Colorado,US,"El Paso, Colorado, US",70244,2021-05-29,9750.653453691892,840,720403,116.6014022706735
84008039,USA,8039.0,Elbert,Colorado,US,"Elbert, Colorado, US",1805,2021-05-29,6752.964944442366,13,26729,48.6363126192525
84008043,USA,8043.0,Fremont,Colorado,US,"Fremont, Colorado, US",6437,2021-05-29,13455.548820000418,61,47839,127.51102656828111
84008045,USA,8045.0,Garfield,Colorado,US,"Garfield, Colorado, US",5942,2021-05-29,9893.275170243585,42,60061,69.92890561262716
84008047,USA,8047.0,Gilpin,Colorado,US,"Gilpin, Colorado, US",266,2021-05-29,4260.772064712478,3,6243,48.05382027871216
84008049,USA,8049.0,Grand,Colorado,US,"Grand, Colorado, US",1483,2021-05-29,9425.448074234142,6,15734,38.13397737384009
84008051,USA,8051.0,Gunnison,Colorado,US,"Gunnison, Colorado, US",1349,2021-05-29,7725.346466613217,6,17462,34.36032527774596
84008053,USA,8053.0,Hinsdale,Colorado,US,"Hinsdale, Colorado, US",18,2021-05-29,2195.121951219512,0,820,0.0
84008055,USA,8055.0,Huerfano,Colorado,US,"Huerfano, Colorado, US",425,2021-05-29,6162.099463534871,17,6897,246.48397854139483
84008057,USA,8057.0,Jackson,Colorado,US,"Jackson, Colorado, US",63,2021-05-29,4525.862068965517,0,1392,0.0
84008059,USA,8059.0,Jefferson,Colorado,US,"Jefferson, Colorado, US",47914,2021-05-29,8220.202751505023,787,582881,135.01898329161526
84008061,USA,8061.0,Kiowa,Colorado,US,"Kiowa, Colorado, US",95,2021-05-29,6756.756756756758,3,1406,213.37126600284498
84008063,USA,8063.0,Kit Carson,Colorado,US,"Kit Carson, Colorado, US",628,2021-05-29,8848.809356065944,11,7097,154.99506833873468
84008067,USA,8067.0,La Plata,Colorado,US,"La Plata, Colorado, US",4026,2021-05-29,7161.025239679124,41,56221,72.92648654417388
84008065,USA,8065.0,Lake,Colorado,US,"Lake, Colorado, US",808,2021-05-29,9942.168081702965,0,8127,0.0
84008069,USA,8069.0,Larimer,Colorado,US,"Larimer, Colorado, US",26942,2021-05-29,7548.914398751467,242,356899,67.80629814037025
84008071,USA,8071.0,Las Animas,Colorado,US,"Las Animas, Colorado, US",1148,2021-05-29,7913.966634496071,13,14506,89.61808906659313
84008073,USA,8073.0,Lincoln,Colorado,US,"Lincoln, Colorado, US",1031,2021-05-29,18084.546570777056,4,5701,70.1631292755657
84008075,USA,8075.0,Logan,Colorado,US,"Logan, Colorado, US",4011,2021-05-29,17899.058414030078,68,22409,303.4495068945513
84008077,USA,8077.0,Mesa,Colorado,US,"Mesa, Colorado, US",15739,2021-05-29,10206.212307891836,230,154210,149.14726671422088
84008079,USA,8079.0,Mineral,Colorado,US,"Mineral, Colorado, US",93,2021-05-29,12093.628088426527,1,769,130.03901170351105
84008081,USA,8081.0,Moffat,Colorado,US,"Moffat, Colorado, US",827,2021-05-29,6226.00316193631,22,13283,165.62523526311827
84008083,USA,8083.0,Montezuma,Colorado,US,"Montezuma, Colorado, US",1991,2021-05-29,7604.170645075049,25,26183,95.48180116869725
84008085,USA,8085.0,Montrose,Colorado,US,"Montrose, Colorado, US",3588,2021-05-29,8391.412133401936,60,42758,140.324617615417
84008087,USA,8087.0,Morgan,Colorado,US,"Morgan, Colorado, US",2706,2021-05-29,9309.205999724783,94,29068,323.3796614834182
84008089,USA,8089.0,Otero,Colorado,US,"Otero, Colorado, US",2053,2021-05-29,11232.082284713864,67,18278,366.5608928766823
84008091,USA,8091.0,Ouray,Colorado,US,"Ouray, Colorado, US",288,2021-05-29,5815.831987075929,3,4952,60.58158319870759
84080008,USA,80008.0,Out of CO,Colorado,US,"Out of CO, Colorado, US",0,2021-05-29,,0,0,
84008093,USA,8093.0,Park,Colorado,US,"Park, Colorado, US",803,2021-05-29,4261.077208808703,5,18845,26.53223666755107
84008095,USA,8095.0,Phillips,Colorado,US,"Phillips, Colorado, US",392,2021-05-29,9191.090269636577,13,4265,304.8065650644783
84008097,USA,8097.0,Pitkin,Colorado,US,"Pitkin, Colorado, US",2598,2021-05-29,14622.614960319694,4,17767,22.51364889964541
84008099,USA,8099.0,Prowers,Colorado,US,"Prowers, Colorado, US",1262,2021-05-29,10368.057837660204,22,12172,180.7426881367072
84008101,USA,8101.0,Pueblo,Colorado,US,"Pueblo, Colorado, US",19079,2021-05-29,11327.958010734812,399,168424,236.90210421317627
84008103,USA,8103.0,Rio Blanco,Colorado,US,"Rio Blanco, Colorado, US",585,2021-05-29,9250.474383301707,4,6324,63.25110689437065
84008105,USA,8105.0,Rio Grande,Colorado,US,"Rio Grande, Colorado, US",843,2021-05-29,7482.027158959795,16,11267,142.00763291026894
84008107,USA,8107.0,Routt,Colorado,US,"Routt, Colorado, US",2250,2021-05-29,8776.03557219752,20,25638,78.00920508620017
84008109,USA,8109.0,Saguache,Colorado,US,"Saguache, Colorado, US",399,2021-05-29,5847.010550996483,4,6824,58.61664712778428
84008111,USA,8111.0,San Juan,Colorado,US,"San Juan, Colorado, US",49,2021-05-29,6730.7692307692305,0,728,0.0
84008113,USA,8113.0,San Miguel,Colorado,US,"San Miguel, Colorado, US",887,2021-05-29,10844.846558258956,0,8179,0.0
84008115,USA,8115.0,Sedgwick,Colorado,US,"Sedgwick, Colorado, US",234,2021-05-29,10409.252669039146,2,2248,88.9679715302491
84008117,USA,8117.0,Summit,Colorado,US,"Summit, Colorado, US",3735,2021-05-29,12044.113379123537,8,31011,25.79729773306246
84008119,USA,8119.0,Teller,Colorado,US,"Teller, Colorado, US",1821,2021-05-29,7172.68000630219,15,25388,59.0830313533953
84090008,USA,90008.0,Unassigned,Colorado,US,"Unassigned, Colorado, US",71,2021-05-29,,0,0,
84008121,USA,8121.0,Washington,Colorado,US,"Washington, Colorado, US",463,2021-05-29,9433.57783211084,13,4908,264.87367563162184
84008123,USA,8123.0,Weld,Colorado,US,"Weld, Colorado, US",32522,2021-05-29,10022.435067736647,345,324492,106.32003254317517
84008125,USA,8125.0,Yuma,Colorado,US,"Yuma, Colorado, US",938,2021-05-29,9362.21179758459,17,10019,169.67761253618127
84009001,USA,9001.0,Fairfield,Connecticut,US,"Fairfield, Connecticut, US",99995,2021-05-29,10600.191661048284,2196,943332,232.79184846904374
84009003,USA,9003.0,Hartford,Connecticut,US,"Hartford, Connecticut, US",83987,2021-05-29,9418.53945184587,2425,891720,271.94635087247116
84009005,USA,9005.0,Litchfield,Connecticut,US,"Litchfield, Connecticut, US",14592,2021-05-29,8091.697027166409,297,180333,164.69531366971103
84009007,USA,9007.0,Middlesex,Connecticut,US,"Middlesex, Connecticut, US",12780,2021-05-29,7867.714053534932,371,162436,228.39764584205471
84009009,USA,9009.0,New Haven,Connecticut,US,"New Haven, Connecticut, US",91876,2021-05-29,10748.785912253425,2119,854757,247.90671500789114
84009011,USA,9011.0,New London,Connecticut,US,"New London, Connecticut, US",22467,2021-05-29,8471.527793488835,448,265206,168.92528826647964
84080009,USA,80009.0,Out of CT,Connecticut,US,"Out of CT, Connecticut, US",0,2021-05-29,,0,0,
84009013,USA,9013.0,Tolland,Connecticut,US,"Tolland, Connecticut, US",9579,2021-05-29,6355.45146329974,187,150721,124.07030208132909
84090009,USA,90009.0,Unassigned,Connecticut,US,"Unassigned, Connecticut, US",1185,2021-05-29,,1,0,
84009015,USA,9015.0,Windham,Connecticut,US,"Windham, Connecticut, US",10880,2021-05-29,9316.504255792845,194,116782,166.121491325718
84010001,USA,10001.0,Kent,Delaware,US,"Kent, Delaware, US",18103,2021-05-29,10013.496620313519,344,180786,190.28022081355857
84010003,USA,10003.0,New Castle,Delaware,US,"New Castle, Delaware, US",64504,2021-05-29,11544.278062041725,824,558753,147.47124400226934
84080010,USA,80010.0,Out of DE,Delaware,US,"Out of DE, Delaware, US",0,2021-05-29,,0,0,
84010005,USA,10005.0,Sussex,Delaware,US,"Sussex, Delaware, US",25937,2021-05-29,11073.540399188814,493,234225,210.48137474650443
84090010,USA,90010.0,Unassigned,Delaware,US,"Unassigned, Delaware, US",226,2021-05-29,,0,0,
84088888,USA,88888.0,,Diamond Princess,US,"Diamond Princess, US",49,2021-05-29,,0,0,
84011001,USA,11001.0,District of Columbia,District of Columbia,US,"District of Columbia,District of Columbia,US",48898,2021-05-29,6928.525580624273,1132,705749,160.3969683272665
84080011,USA,80011.0,Out of DC,District of Columbia,US,"Out of DC, District of Columbia, US",0,2021-05-29,,0,0,
84090011,USA,90011.0,Unassigned,District of Columbia,US,"Unassigned, District of Columbia, US",0,2021-05-29,,0,0,
84012001,USA,12001.0,Alachua,Florida,US,"Alachua, Florida, US",25439,2021-05-29,9455.365870883094,283,269043,105.18764658437499
84012003,USA,12003.0,Baker,Florida,US,"Baker, Florida, US",3538,2021-05-29,12112.290311537145,62,29210,212.25607668606642
84012005,USA,12005.0,Bay,Florida,US,"Bay, Florida, US",20555,2021-05-29,11765.547637445981,394,174705,225.5230245270599
84012007,USA,12007.0,Bradford,Florida,US,"Bradford, Florida, US",3048,2021-05-29,10808.127371369808,58,28201,205.6664657281657
84012009,USA,12009.0,Brevard,Florida,US,"Brevard, Florida, US",42856,2021-05-29,7119.622820803333,903,601942,150.01445321974543
84012011,USA,12011.0,Broward,Florida,US,"Broward, Florida, US",244552,2021-05-29,12523.287337321499,3069,1952778,157.16072180247832
84012013,USA,12013.0,Calhoun,Florida,US,"Calhoun, Florida, US",1705,2021-05-29,12087.912087912087,45,14105,319.03580290677064
84012015,USA,12015.0,Charlotte,Florida,US,"Charlotte, Florida, US",13361,2021-05-29,7072.680112222751,436,188910,230.79773437086442
84012017,USA,12017.0,Citrus,Florida,US,"Citrus, Florida, US",11360,2021-05-29,7590.690712763185,462,149657,308.7059075085028
84012019,USA,12019.0,Clay,Florida,US,"Clay, Florida, US",19206,2021-05-29,8759.783263094521,351,219252,160.08975972853156
84012021,USA,12021.0,Collier,Florida,US,"Collier, Florida, US",37009,2021-05-29,9615.174771760085,544,384902,141.3346773984027
84012023,USA,12023.0,Columbia,Florida,US,"Columbia, Florida, US",8247,2021-05-29,11504.338364534218,170,71686,237.1453282370337
84012027,USA,12027.0,DeSoto,Florida,US,"DeSoto,Florida,US",4426,2021-05-29,11647.061919423173,97,38001,255.2564406199837
84012029,USA,12029.0,Dixie,Florida,US,"Dixie, Florida, US",1625,2021-05-29,9657.672649471057,24,16826,142.63639605372637
84012031,USA,12031.0,Duval,Florida,US,"Duval, Florida, US",100502,2021-05-29,10493.497815203262,1489,957755,155.46773444148033
84012033,USA,12033.0,Escambia,Florida,US,"Escambia, Florida, US",36590,2021-05-29,11494.866736199248,700,318316,219.9072619660966
84012035,USA,12035.0,Flagler,Florida,US,"Flagler, Florida, US",7480,2021-05-29,6499.769727409389,112,115081,97.32275527671813
84012037,USA,12037.0,Franklin,Florida,US,"Franklin, Florida, US",1358,2021-05-29,11200.0,20,12125,164.94845360824743
84012039,USA,12039.0,Gadsden,Florida,US,"Gadsden, Florida, US",5765,2021-05-29,12625.93079281647,100,45660,219.0100744634253
84012041,USA,12041.0,Gilchrist,Florida,US,"Gilchrist, Florida, US",1634,2021-05-29,8793.456032719836,44,18582,236.78828974276183
84012043,USA,12043.0,Glades,Florida,US,"Glades, Florida, US",980,2021-05-29,7095.793208312215,19,13811,137.57150097748172
84012045,USA,12045.0,Gulf,Florida,US,"Gulf, Florida, US",1976,2021-05-29,14487.865679302,45,13639,329.9362123322824
84012047,USA,12047.0,Hamilton,Florida,US,"Hamilton, Florida, US",1641,2021-05-29,11373.71777100083,25,14428,173.27418907679512
84012049,USA,12049.0,Hardee,Florida,US,"Hardee, Florida, US",3260,2021-05-29,12102.312803949957,45,26937,167.0564650851988
84012051,USA,12051.0,Hendry,Florida,US,"Hendry, Florida, US",4857,2021-05-29,11558.231402598638,86,42022,204.65470467850173
84012053,USA,12053.0,Hernando,Florida,US,"Hernando, Florida, US",14525,2021-05-29,7490.202145214521,481,193920,248.04042904290432
84012055,USA,12055.0,Highlands,Florida,US,"Highlands, Florida, US",8767,2021-05-29,8253.546850434472,366,106221,344.5646341118988
84012057,USA,12057.0,Hillsborough,Florida,US,"Hillsborough, Florida, US",142735,2021-05-29,9696.881997434726,1824,1471968,123.91573729863693
84012059,USA,12059.0,Holmes,Florida,US,"Holmes, Florida, US",2279,2021-05-29,11617.474639343427,49,19617,249.78335117500126
84012061,USA,12061.0,Indian River,Florida,US,"Indian River, Florida, US",12819,2021-05-29,8015.732571299938,305,159923,190.7167824515548
84012063,USA,12063.0,Jackson,Florida,US,"Jackson, Florida, US",6300,2021-05-29,13573.490757099153,158,46414,340.4145300986771
84012065,USA,12065.0,Jefferson,Florida,US,"Jefferson, Florida, US",1520,2021-05-29,10669.661659413168,28,14246,196.54639898918995
84012067,USA,12067.0,Lafayette,Florida,US,"Lafayette, Florida, US",1623,2021-05-29,19270.95701733555,26,8422,308.7152695321776
84012069,USA,12069.0,Lake,Florida,US,"Lake, Florida, US",30960,2021-05-29,8433.255792415517,664,367118,180.8682766848806
84012071,USA,12071.0,Lee,Florida,US,"Lee, Florida, US",73462,2021-05-29,9533.375639293672,1004,770577,130.29197601278003
84012073,USA,12073.0,Leon,Florida,US,"Leon, Florida, US",32797,2021-05-29,11171.325217486086,329,293582,112.06409112275274
84012075,USA,12075.0,Levy,Florida,US,"Levy, Florida, US",3555,2021-05-29,8565.645856926005,55,41503,132.520540683806
84012077,USA,12077.0,Liberty,Florida,US,"Liberty, Florida, US",1082,2021-05-29,12951.879339238689,16,8354,191.52501795547042
84012079,USA,12079.0,Madison,Florida,US,"Madison, Florida, US",2087,2021-05-29,11285.351213972855,45,18493,243.3353160655383
84012081,USA,12081.0,Manatee,Florida,US,"Manatee, Florida, US",39793,2021-05-29,9867.998502181013,687,403253,170.36451061740397
84012083,USA,12083.0,Marion,Florida,US,"Marion, Florida, US",31868,2021-05-29,8717.13090740989,984,365579,269.1620689372201
84012085,USA,12085.0,Martin,Florida,US,"Martin, Florida, US",12680,2021-05-29,7875.7763975155285,330,161000,204.96894409937886
84012086,USA,12086.0,Miami-Dade,Florida,US,"Miami-Dade, Florida, US",500323,2021-05-29,18414.94475402475,6424,2716940,236.44246836514608
84012087,USA,12087.0,Monroe,Florida,US,"Monroe, Florida, US",7091,2021-05-29,9552.998868351566,50,74228,67.36002586624993
84012089,USA,12089.0,Nassau,Florida,US,"Nassau, Florida, US",8615,2021-05-29,9720.733427362482,126,88625,142.17207334273624
84012091,USA,12091.0,Okaloosa,Florida,US,"Okaloosa, Florida, US",20864,2021-05-29,9900.445102449487,367,210738,174.14989228330913
84012093,USA,12093.0,Okeechobee,Florida,US,"Okeechobee, Florida, US",4162,2021-05-29,9870.043634983875,89,42168,211.06051982546003
84012095,USA,12095.0,Orange,Florida,US,"Orange, Florida, US",142541,2021-05-29,10229.344103707914,1302,1393452,93.43701828265344
84012097,USA,12097.0,Osceola,Florida,US,"Osceola, Florida, US",46052,2021-05-29,12255.988673350172,525,375751,139.72018703875705
84080012,USA,80012.0,Out of FL,Florida,US,"Out of FL, Florida, US",0,2021-05-29,,0,0,
84012099,USA,12099.0,Palm Beach,Florida,US,"Palm Beach, Florida, US",148277,2021-05-29,9906.465255182826,2875,1496770,192.08027953526596
84012101,USA,12101.0,Pasco,Florida,US,"Pasco, Florida, US",42754,2021-05-29,7718.066890875843,781,553947,140.98821728432503
84012103,USA,12103.0,Pinellas,Florida,US,"Pinellas, Florida, US",81289,2021-05-29,8337.367537918104,1667,974996,170.97506041050426
84012105,USA,12105.0,Polk,Florida,US,"Polk, Florida, US",70908,2021-05-29,9783.423039086505,1378,724777,190.12744609721335
84012107,USA,12107.0,Putnam,Florida,US,"Putnam, Florida, US",6703,2021-05-29,8994.779994900766,158,74521,212.02077266810699
84012113,USA,12113.0,Santa Rosa,Florida,US,"Santa Rosa, Florida, US",18522,2021-05-29,10049.209768166109,291,184313,157.88360018012835
84012115,USA,12115.0,Sarasota,Florida,US,"Sarasota, Florida, US",33627,2021-05-29,7752.765468873202,842,433742,194.12461786038705
84012117,USA,12117.0,Seminole,Florida,US,"Seminole, Florida, US",35243,2021-05-29,7469.490871634882,512,471826,108.51457952719859
84012109,USA,12109.0,St. Johns,Florida,US,"St. Johns, Florida, US",23228,2021-05-29,8776.145568855036,221,264672,83.49957683472374
84012111,USA,12111.0,St. Lucie,Florida,US,"St. Lucie, Florida, US",27378,2021-05-29,8339.39999451716,654,328297,199.20986180196593
84012119,USA,12119.0,Sumter,Florida,US,"Sumter, Florida, US",9487,2021-05-29,7164.3256305694,281,132420,212.20359462316873
84012121,USA,12121.0,Suwannee,Florida,US,"Suwannee, Florida, US",5387,2021-05-29,12128.239187698404,139,44417,312.94324245221424
84012123,USA,12123.0,Taylor,Florida,US,"Taylor, Florida, US",2751,2021-05-29,12754.416060086234,48,21569,222.54161064490705
84090012,USA,90012.0,Unassigned,Florida,US,"Unassigned, Florida, US",3034,2021-05-29,,0,0,
84012125,USA,12125.0,Union,Florida,US,"Union, Florida, US",1841,2021-05-29,12082.430924722714,74,15237,485.65990680580165
84012127,USA,12127.0,Volusia,Florida,US,"Volusia, Florida, US",44745,2021-05-29,8087.1668076430915,840,553284,151.8207647428807
84012129,USA,12129.0,Wakulla,Florida,US,"Wakulla, Florida, US",3518,2021-05-29,10427.102166632088,56,33739,165.98002311864607
84012131,USA,12131.0,Walton,Florida,US,"Walton, Florida, US",7907,2021-05-29,10674.893008059835,88,74071,118.8049304046118
84012133,USA,12133.0,Washington,Florida,US,"Washington, Florida, US",2749,2021-05-29,10791.81878852118,52,25473,204.13771444274332
84013001,USA,13001.0,Appling,Georgia,US,"Appling, Georgia, US",2319,2021-05-29,12612.857609050365,72,18386,391.60230610246924
84013003,USA,13003.0,Atkinson,Georgia,US,"Atkinson, Georgia, US",1033,2021-05-29,12651.561543172076,22,8165,269.4427434170239
84013005,USA,13005.0,Bacon,Georgia,US,"Bacon, Georgia, US",1650,2021-05-29,14779.648871372267,39,11164,349.3371551415263
84013007,USA,13007.0,Baker,Georgia,US,"Baker, Georgia, US",230,2021-05-29,7570.770243581304,9,3038,296.2475312705728
84013009,USA,13009.0,Baldwin,Georgia,US,"Baldwin, Georgia, US",4557,2021-05-29,10151.481398975273,132,44890,294.05212742258857
84013011,USA,13011.0,Banks,Georgia,US,"Banks, Georgia, US",1839,2021-05-29,9561.193719455132,40,19234,207.9650618696059
84013013,USA,13013.0,Barrow,Georgia,US,"Barrow, Georgia, US",10120,2021-05-29,12157.616530514177,140,83240,168.18837097549255
84013015,USA,13015.0,Bartow,Georgia,US,"Bartow, Georgia, US",14800,2021-05-29,13737.028717815441,233,107738,216.26538454398636
84013017,USA,13017.0,Ben Hill,Georgia,US,"Ben Hill, Georgia, US",2106,2021-05-29,12610.778443113773,81,16700,485.02994011976045
84013019,USA,13019.0,Berrien,Georgia,US,"Berrien, Georgia, US",1872,2021-05-29,9650.976955199258,46,19397,237.1500747538279
84013021,USA,13021.0,Bibb,Georgia,US,"Bibb, Georgia, US",15960,2021-05-29,10420.54335690361,455,153159,297.0768939468134
84013023,USA,13023.0,Bleckley,Georgia,US,"Bleckley, Georgia, US",1464,2021-05-29,11372.640410160802,51,12873,396.17804707527387
84013025,USA,13025.0,Brantley,Georgia,US,"Brantley, Georgia, US",1647,2021-05-29,8618.975351928411,40,19109,209.32544874143073
84013027,USA,13027.0,Brooks,Georgia,US,"Brooks, Georgia, US",1409,2021-05-29,9115.611050009704,48,15457,310.53891440771173
84013029,USA,13029.0,Bryan,Georgia,US,"Bryan, Georgia, US",3688,2021-05-29,9306.785777374012,41,39627,103.46480934716227
84013031,USA,13031.0,Bulloch,Georgia,US,"Bulloch, Georgia, US",6831,2021-05-29,8580.795899909557,120,79608,150.7386192342478
84013033,USA,13033.0,Burke,Georgia,US,"Burke, Georgia, US",2603,2021-05-29,11629.361569047938,64,22383,285.93128713755976
84013035,USA,13035.0,Butts,Georgia,US,"Butts, Georgia, US",3167,2021-05-29,12700.513314084055,88,24936,352.9034327879371
84013037,USA,13037.0,Calhoun,Georgia,US,"Calhoun, Georgia, US",589,2021-05-29,9516.884795605105,15,6189,242.36548715462916
84013039,USA,13039.0,Camden,Georgia,US,"Camden, Georgia, US",4001,2021-05-29,7318.991695020672,37,54666,67.68375224088099
84013043,USA,13043.0,Candler,Georgia,US,"Candler, Georgia, US",968,2021-05-29,8960.473942423401,67,10803,620.1980931222809
84013045,USA,13045.0,Carroll,Georgia,US,"Carroll, Georgia, US",11475,2021-05-29,9563.137542502835,243,119992,202.51350090006002
84013047,USA,13047.0,Catoosa,Georgia,US,"Catoosa, Georgia, US",6493,2021-05-29,9607.87215152412,71,67580,105.060668836934
84013049,USA,13049.0,Charlton,Georgia,US,"Charlton, Georgia, US",1550,2021-05-29,11574.074074074075,34,13392,253.88291517323773
84013051,USA,13051.0,Chatham,Georgia,US,"Chatham, Georgia, US",23463,2021-05-29,8106.623363162077,458,289430,158.2420619838994
84013053,USA,13053.0,Chattahoochee,Georgia,US,"Chattahoochee, Georgia, US",4274,2021-05-29,39185.8439534244,16,10907,146.69478316677365
84013055,USA,13055.0,Chattooga,Georgia,US,"Chattooga, Georgia, US",2860,2021-05-29,11537.375448787769,74,24789,298.51950461898423
84013057,USA,13057.0,Cherokee,Georgia,US,"Cherokee, Georgia, US",31337,2021-05-29,12109.841444045553,328,258773,126.75201817809432
84013059,USA,13059.0,Clarke,Georgia,US,"Clarke, Georgia, US",15135,2021-05-29,11793.720924796035,147,128331,114.5475372279496
84013061,USA,13061.0,Clay,Georgia,US,"Clay, Georgia, US",238,2021-05-29,8398.02399435427,3,2834,105.85744530698659
84013063,USA,13063.0,Clayton,Georgia,US,"Clayton, Georgia, US",27126,2021-05-29,9281.58874411475,501,292256,171.4250520091974
84013065,USA,13065.0,Clinch,Georgia,US,"Clinch, Georgia, US",986,2021-05-29,14898.76095497129,27,6618,407.97824116047144
84013067,USA,13067.0,Cobb,Georgia,US,"Cobb, Georgia, US",79482,2021-05-29,10456.217991135854,1080,760141,142.0789037823246
84013069,USA,13069.0,Coffee,Georgia,US,"Coffee, Georgia, US",5309,2021-05-29,12268.620155755321,172,43273,397.4764864927322
84013071,USA,13071.0,Colquitt,Georgia,US,"Colquitt, Georgia, US",4723,2021-05-29,10357.456140350878,124,45600,271.9298245614035
84013073,USA,13073.0,Columbia,Georgia,US,"Columbia, Georgia, US",17023,2021-05-29,10862.462830378907,209,156714,133.3639623773243
84013075,USA,13075.0,Cook,Georgia,US,"Cook, Georgia, US",1834,2021-05-29,10619.571511291257,43,17270,248.98668210770123
84013077,USA,13077.0,Coweta,Georgia,US,"Coweta, Georgia, US",14258,2021-05-29,9600.764936805177,222,148509,149.4858897440559
84013079,USA,13079.0,Crawford,Georgia,US,"Crawford, Georgia, US",654,2021-05-29,5272.49274427604,20,12404,161.23831022250886
84013081,USA,13081.0,Crisp,Georgia,US,"Crisp, Georgia, US",2098,2021-05-29,9377.793670659754,83,22372,370.9994636152333
84013083,USA,13083.0,Dade,Georgia,US,"Dade, Georgia, US",1452,2021-05-29,9009.679821295607,14,16116,86.87019111442045
84013085,USA,13085.0,Dawson,Georgia,US,"Dawson, Georgia, US",3092,2021-05-29,11843.113222000919,47,26108,180.02144936417957
84013089,USA,13089.0,DeKalb,Georgia,US,"DeKalb, Georgia, US",66690,2021-05-29,8783.124390060806,1044,759297,137.49560448678184
84013087,USA,13087.0,Decatur,Georgia,US,"Decatur, Georgia, US",2957,2021-05-29,11199.06074837146,70,26404,265.1113467656416
84013091,USA,13091.0,Dodge,Georgia,US,"Dodge, Georgia, US",2110,2021-05-29,10240.232953166707,103,20605,499.8786702256734
84013093,USA,13093.0,Dooly,Georgia,US,"Dooly, Georgia, US",1088,2021-05-29,8125.466766243465,46,13390,343.53995519044065
84013095,USA,13095.0,Dougherty,Georgia,US,"Dougherty, Georgia, US",7634,2021-05-29,8679.339669834917,305,87956,346.76429123652736
84013097,USA,13097.0,Douglas,Georgia,US,"Douglas, Georgia, US",15458,2021-05-29,10562.855756681221,226,146343,154.4317118003594
84013099,USA,13099.0,Early,Georgia,US,"Early, Georgia, US",1179,2021-05-29,11570.166830225711,48,10190,471.0500490677135
84013101,USA,13101.0,Echols,Georgia,US,"Echols, Georgia, US",473,2021-05-29,11807.289066400399,9,4006,224.66300549176236
84013103,USA,13103.0,Effingham,Georgia,US,"Effingham, Georgia, US",4648,2021-05-29,7229.065571730745,69,64296,107.31616274729377
84013105,USA,13105.0,Elbert,Georgia,US,"Elbert, Georgia, US",2292,2021-05-29,11941.231634885902,74,19194,385.537147025112
84013107,USA,13107.0,Emanuel,Georgia,US,"Emanuel, Georgia, US",2577,2021-05-29,11379.493067208336,82,22646,362.0948511878477
84013109,USA,13109.0,Evans,Georgia,US,"Evans, Georgia, US",977,2021-05-29,9170.264689318567,29,10654,272.19823540454286
84013111,USA,13111.0,Fannin,Georgia,US,"Fannin, Georgia, US",2397,2021-05-29,9153.047197189553,74,26188,282.57217045975256
84013113,USA,13113.0,Fayette,Georgia,US,"Fayette, Georgia, US",9061,2021-05-29,7919.000882705098,174,114421,152.069987152708
84013115,USA,13115.0,Floyd,Georgia,US,"Floyd, Georgia, US",12037,2021-05-29,12220.552701577697,235,98498,238.58352453856932
84013117,USA,13117.0,Forsyth,Georgia,US,"Forsyth, Georgia, US",22691,2021-05-29,9289.995578337128,200,244252,81.88264579205082
84013119,USA,13119.0,Franklin,Georgia,US,"Franklin, Georgia, US",2679,2021-05-29,11473.724784787357,51,23349,218.42477193884108
84013121,USA,13121.0,Fulton,Georgia,US,"Fulton, Georgia, US",98371,2021-05-29,9245.942193945695,1419,1063937,133.37255871353284
84013123,USA,13123.0,Gilmer,Georgia,US,"Gilmer, Georgia, US",2998,2021-05-29,9557.20615894673,87,31369,277.3438745258057
84013125,USA,13125.0,Glascock,Georgia,US,"Glascock, Georgia, US",267,2021-05-29,8986.873106698082,19,2971,639.5153147088522
84013127,USA,13127.0,Glynn,Georgia,US,"Glynn, Georgia, US",8265,2021-05-29,9690.240585283496,178,85292,208.69483656145945
84013129,USA,13129.0,Gordon,Georgia,US,"Gordon, Georgia, US",8200,2021-05-29,14146.955816641652,117,57963,201.85290616427724
84013131,USA,13131.0,Grady,Georgia,US,"Grady, Georgia, US",2227,2021-05-29,9040.71773636991,62,24633,251.69488085089105
84013133,USA,13133.0,Greene,Georgia,US,"Greene, Georgia, US",1830,2021-05-29,9986.902423051735,62,18324,338.35407116350143
84013135,USA,13135.0,Gwinnett,Georgia,US,"Gwinnett, Georgia, US",102519,2021-05-29,10949.959946595462,1179,936250,125.9279038718291
84013137,USA,13137.0,Habersham,Georgia,US,"Habersham, Georgia, US",5078,2021-05-29,11202.788563360395,160,45328,352.98270384751146
84013139,USA,13139.0,Hall,Georgia,US,"Hall, Georgia, US",27497,2021-05-29,13449.846165886489,483,204441,236.25398036597355
84013141,USA,13141.0,Hancock,Georgia,US,"Hancock, Georgia, US",920,2021-05-29,10878.56213787395,67,8457,792.2431122147333
84013143,USA,13143.0,Haralson,Georgia,US,"Haralson, Georgia, US",2649,2021-05-29,8891.648764769065,86,29792,288.66809881847473
84013145,USA,13145.0,Harris,Georgia,US,"Harris, Georgia, US",2619,2021-05-29,7432.739243955046,60,35236,170.28039505051652
84013147,USA,13147.0,Hart,Georgia,US,"Hart, Georgia, US",2377,2021-05-29,9070.788017553901,56,26205,213.6996756344209
84013149,USA,13149.0,Heard,Georgia,US,"Heard, Georgia, US",882,2021-05-29,7397.467080432776,22,11923,184.51731946657722
84013151,USA,13151.0,Henry,Georgia,US,"Henry, Georgia, US",25657,2021-05-29,10938.306027003637,329,234561,140.26202139315572
84013153,USA,13153.0,Houston,Georgia,US,"Houston, Georgia, US",14763,2021-05-29,9351.77970772125,266,157863,168.50053527425678
84013155,USA,13155.0,Irwin,Georgia,US,"Irwin, Georgia, US",918,2021-05-29,9749.362786745965,30,9416,318.60662701784196
84013157,USA,13157.0,Jackson,Georgia,US,"Jackson, Georgia, US",9934,2021-05-29,13612.508050481658,146,72977,200.06303355851844
84013159,USA,13159.0,Jasper,Georgia,US,"Jasper, Georgia, US",1405,2021-05-29,9881.144946902032,39,14219,274.2808917645404
84013161,USA,13161.0,Jeff Davis,Georgia,US,"Jeff Davis, Georgia, US",1898,2021-05-29,12557.062520674828,43,15115,284.4856103208733
84013163,USA,13163.0,Jefferson,Georgia,US,"Jefferson, Georgia, US",1954,2021-05-29,12719.697955995312,69,15362,449.1602655904179
84013165,USA,13165.0,Jenkins,Georgia,US,"Jenkins, Georgia, US",857,2021-05-29,9877.82388197326,44,8676,507.1461502996773
84013167,USA,13167.0,Johnson,Georgia,US,"Johnson, Georgia, US",1121,2021-05-29,11625.012962770923,50,9643,518.5108368764908
84013169,USA,13169.0,Jones,Georgia,US,"Jones, Georgia, US",2031,2021-05-29,7068.035496780929,57,28735,198.36436401600835
84013171,USA,13171.0,Lamar,Georgia,US,"Lamar, Georgia, US",2054,2021-05-29,10766.892068983592,57,19077,298.7891177858154
84013173,USA,13173.0,Lanier,Georgia,US,"Lanier, Georgia, US",792,2021-05-29,7598.5800633215,13,10423,124.72416770603473
84013175,USA,13175.0,Laurens,Georgia,US,"Laurens, Georgia, US",5613,2021-05-29,11805.409498170193,169,47546,355.44525301812985
84013177,USA,13177.0,Lee,Georgia,US,"Lee, Georgia, US",2749,2021-05-29,9165.777540677514,58,29992,193.38490264070418
84013179,USA,13179.0,Liberty,Georgia,US,"Liberty, Georgia, US",4138,2021-05-29,6735.574184097014,65,61435,105.80288109383902
84013181,USA,13181.0,Lincoln,Georgia,US,"Lincoln, Georgia, US",826,2021-05-29,10427.976265623027,28,7921,353.4907208685772
84013183,USA,13183.0,Long,Georgia,US,"Long, Georgia, US",874,2021-05-29,4468.531110997495,13,19559,66.46556572421902
84013185,USA,13185.0,Lowndes,Georgia,US,"Lowndes, Georgia, US",12847,2021-05-29,10942.370918011005,213,117406,181.42173313118582
84013187,USA,13187.0,Lumpkin,Georgia,US,"Lumpkin, Georgia, US",2998,2021-05-29,8919.964296340375,76,33610,226.12317762570663
84013193,USA,13193.0,Macon,Georgia,US,"Macon, Georgia, US",887,2021-05-29,6851.00795551093,34,12947,262.60909863288794
84013195,USA,13195.0,Madison,Georgia,US,"Madison, Georgia, US",3259,2021-05-29,10906.961178045516,56,29880,187.41633199464525
84013197,USA,13197.0,Marion,Georgia,US,"Marion, Georgia, US",568,2021-05-29,6795.071180763249,21,8359,251.22622323244408
84013189,USA,13189.0,McDuffie,Georgia,US,"McDuffie,Georgia,US",2522,2021-05-29,11833.708708708707,50,21312,234.6096096096096
84013191,USA,13191.0,McIntosh,Georgia,US,"McIntosh, Georgia, US",863,2021-05-29,6002.225622478787,16,14378,111.28112393935179
84013199,USA,13199.0,Meriwether,Georgia,US,"Meriwether, Georgia, US",2039,2021-05-29,9632.919166627298,88,21167,415.74148438607267
84013201,USA,13201.0,Miller,Georgia,US,"Miller, Georgia, US",853,2021-05-29,14917.803427771947,13,5718,227.35222105631337
84013205,USA,13205.0,Mitchell,Georgia,US,"Mitchell, Georgia, US",2094,2021-05-29,9577.825550016008,82,21863,375.0628916434158
84013207,USA,13207.0,Monroe,Georgia,US,"Monroe, Georgia, US",2681,2021-05-29,9721.517151352527,99,27578,358.98179708463266
84013209,USA,13209.0,Montgomery,Georgia,US,"Montgomery, Georgia, US",895,2021-05-29,9757.959005669429,21,9172,228.9576973397296
84013211,USA,13211.0,Morgan,Georgia,US,"Morgan, Georgia, US",2139,2021-05-29,11096.700560282216,31,19276,160.8217472504669
84013213,USA,13213.0,Murray,Georgia,US,"Murray, Georgia, US",5010,2021-05-29,12495.011971268954,89,40096,221.96727853152436
84013215,USA,13215.0,Muscogee,Georgia,US,"Muscogee, Georgia, US",16681,2021-05-29,8520.756605999928,477,195769,243.65451118409962
84013217,USA,13217.0,Newton,Georgia,US,"Newton, Georgia, US",11268,2021-05-29,10083.762886597939,254,111744,227.3052691867125
84013219,USA,13219.0,Oconee,Georgia,US,"Oconee, Georgia, US",4028,2021-05-29,10000.0,73,40280,181.23138033763655
84013221,USA,13221.0,Oglethorpe,Georgia,US,"Oglethorpe, Georgia, US",1496,2021-05-29,9804.050068811848,30,15259,196.6052821285799
84080013,USA,80013.0,Out of GA,Georgia,US,"Out of GA, Georgia, US",29694,2021-05-29,,657,0,
84013223,USA,13223.0,Paulding,Georgia,US,"Paulding, Georgia, US",17122,2021-05-29,10151.363337226605,225,168667,133.39894585188566
84013225,USA,13225.0,Peach,Georgia,US,"Peach, Georgia, US",2677,2021-05-29,9718.289406810427,60,27546,217.81746896101066
84013227,USA,13227.0,Pickens,Georgia,US,"Pickens, Georgia, US",3478,2021-05-29,10671.65781964346,78,32591,239.32987634623055
84013229,USA,13229.0,Pierce,Georgia,US,"Pierce, Georgia, US",2494,2021-05-29,12812.740816850757,55,19465,282.55843822245055
84013231,USA,13231.0,Pike,Georgia,US,"Pike, Georgia, US",2314,2021-05-29,12203.3540765742,41,18962,216.22191751924902
84013233,USA,13233.0,Polk,Georgia,US,"Polk, Georgia, US",5674,2021-05-29,13315.185506770236,97,42613,227.63006594231808
84013235,USA,13235.0,Pulaski,Georgia,US,"Pulaski, Georgia, US",930,2021-05-29,8350.543234264163,45,11137,404.0585435934273
84013237,USA,13237.0,Putnam,Georgia,US,"Putnam, Georgia, US",2204,2021-05-29,9964.28409964284,56,22119,253.17600253176002
84013239,USA,13239.0,Quitman,Georgia,US,"Quitman, Georgia, US",169,2021-05-29,7351.022183558069,2,2299,86.9943453675511
84013241,USA,13241.0,Rabun,Georgia,US,"Rabun, Georgia, US",1767,2021-05-29,10311.022932835385,49,17137,285.93102643403165
84013243,USA,13243.0,Randolph,Georgia,US,"Randolph, Georgia, US",632,2021-05-29,9324.284449690174,34,6778,501.62289760991445
84013245,USA,13245.0,Richmond,Georgia,US,"Richmond, Georgia, US",24949,2021-05-29,12319.398769492094,514,202518,253.8046000849307
84013247,USA,13247.0,Rockdale,Georgia,US,"Rockdale, Georgia, US",7791,2021-05-29,8571.334272135187,173,90896,190.32740714662913
84013249,USA,13249.0,Schley,Georgia,US,"Schley, Georgia, US",350,2021-05-29,6657.789613848203,4,5257,76.08902415826518
84013251,USA,13251.0,Screven,Georgia,US,"Screven, Georgia, US",995,2021-05-29,7124.445080910784,31,13966,221.96763568666762
84013253,USA,13253.0,Seminole,Georgia,US,"Seminole, Georgia, US",950,2021-05-29,11742.892459826946,19,8090,234.85784919653895
84013255,USA,13255.0,Spalding,Georgia,US,"Spalding, Georgia, US",6402,2021-05-29,9597.769215777402,195,66703,292.3406743324888
84013257,USA,13257.0,Stephens,Georgia,US,"Stephens, Georgia, US",3122,2021-05-29,12042.430086788814,80,25925,308.58244937319193
84013259,USA,13259.0,Stewart,Georgia,US,"Stewart, Georgia, US",917,2021-05-29,13849.871620601118,25,6621,377.5864673010119
84013261,USA,13261.0,Sumter,Georgia,US,"Sumter, Georgia, US",2589,2021-05-29,8769.136973309849,104,29524,352.2557918981168
84013263,USA,13263.0,Talbot,Georgia,US,"Talbot, Georgia, US",493,2021-05-29,7958.030669895076,18,6195,290.55690072639226
84013265,USA,13265.0,Taliaferro,Georgia,US,"Taliaferro, Georgia, US",124,2021-05-29,8067.664281067014,3,1537,195.1854261548471
84013267,USA,13267.0,Tattnall,Georgia,US,"Tattnall, Georgia, US",2322,2021-05-29,9182.947085343669,65,25286,257.05924226844894
84013269,USA,13269.0,Taylor,Georgia,US,"Taylor, Georgia, US",801,2021-05-29,9987.531172069826,25,8020,311.7206982543641
84013271,USA,13271.0,Telfair,Georgia,US,"Telfair, Georgia, US",1311,2021-05-29,8266.078184110971,58,15860,365.6998738965952
84013273,USA,13273.0,Terrell,Georgia,US,"Terrell, Georgia, US",814,2021-05-29,9541.671550814675,48,8531,562.6538506622904
84013275,USA,13275.0,Thomas,Georgia,US,"Thomas, Georgia, US",4501,2021-05-29,10125.756450923489,124,44451,278.95885356909855
84013277,USA,13277.0,Tift,Georgia,US,"Tift, Georgia, US",4934,2021-05-29,12139.55319358331,127,40644,312.4692451530361
84013279,USA,13279.0,Toombs,Georgia,US,"Toombs, Georgia, US",3429,2021-05-29,12780.46962355572,116,26830,432.35184494968325
84013281,USA,13281.0,Towns,Georgia,US,"Towns, Georgia, US",1244,2021-05-29,10334.801030157016,56,12037,465.2322007144638
84013283,USA,13283.0,Treutlen,Georgia,US,"Treutlen, Georgia, US",854,2021-05-29,12375.01811331691,29,6901,420.22895232574984
84013285,USA,13285.0,Troup,Georgia,US,"Troup, Georgia, US",7576,2021-05-29,10834.930350962502,231,69922,330.3681244815652
84013287,USA,13287.0,Turner,Georgia,US,"Turner, Georgia, US",1031,2021-05-29,12911.709455228554,39,7985,488.41577958672514
84013289,USA,13289.0,Twiggs,Georgia,US,"Twiggs, Georgia, US",727,2021-05-29,8953.20197044335,44,8120,541.871921182266
84090013,USA,90013.0,Unassigned,Georgia,US,"Unassigned, Georgia, US",3131,2021-05-29,,7,0,
84013291,USA,13291.0,Union,Georgia,US,"Union, Georgia, US",2246,2021-05-29,9163.23283423769,73,24511,297.8254661172535
84013293,USA,13293.0,Upson,Georgia,US,"Upson, Georgia, US",3494,2021-05-29,13275.075987841945,131,26320,497.72036474164133
84013295,USA,13295.0,Walker,Georgia,US,"Walker, Georgia, US",7631,2021-05-29,10938.776680380155,87,69761,124.71151502988775
84013297,USA,13297.0,Walton,Georgia,US,"Walton, Georgia, US",10679,2021-05-29,11289.418878775385,261,94593,275.91893691922235
84013299,USA,13299.0,Ware,Georgia,US,"Ware, Georgia, US",4929,2021-05-29,13793.58594056081,177,35734,495.3265797279902
84013301,USA,13301.0,Warren,Georgia,US,"Warren, Georgia, US",544,2021-05-29,10354.015987818804,20,5254,380.6623524933384
84013303,USA,13303.0,Washington,Georgia,US,"Washington, Georgia, US",2055,2021-05-29,10086.384607833514,88,20374,431.9230391675665
84013305,USA,13305.0,Wayne,Georgia,US,"Wayne, Georgia, US",3615,2021-05-29,12079.3931900959,90,29927,300.73178066628793
84013307,USA,13307.0,Webster,Georgia,US,"Webster, Georgia, US",146,2021-05-29,5600.306866129651,4,2607,153.43306482546987
84013309,USA,13309.0,Wheeler,Georgia,US,"Wheeler, Georgia, US",630,2021-05-29,8020.369191597708,24,7855,305.537873965627
84013311,USA,13311.0,White,Georgia,US,"White, Georgia, US",3198,2021-05-29,10383.791155269822,80,30798,259.7571270861744
84013313,USA,13313.0,Whitfield,Georgia,US,"Whitfield, Georgia, US",16939,2021-05-29,16189.738884428642,244,104628,233.20717207630844
84013315,USA,13315.0,Wilcox,Georgia,US,"Wilcox, Georgia, US",827,2021-05-29,9577.301679212507,48,8635,555.8772437753329
84013317,USA,13317.0,Wilkes,Georgia,US,"Wilkes, Georgia, US",1092,2021-05-29,11169.070266953053,30,9777,306.84258975145747
84013319,USA,13319.0,Wilkinson,Georgia,US,"Wilkinson, Georgia, US",934,2021-05-29,10431.092249274066,27,8954,301.5412106321197
84013321,USA,13321.0,Worth,Georgia,US,"Worth, Georgia, US",1798,2021-05-29,8880.327949819726,68,20247,335.8522250209908
84099999,USA,99999.0,,Grand Princess,US,"Grand Princess, US",103,2021-05-29,,3,0,
316,GUM,66.0,,Guam,US,"Guam, US",8156,2021-05-29,4966.236170225721,139,164229,84.63791413209603
84015001,USA,15001.0,Hawaii,Hawaii,US,"Hawaii, Hawaii, US",2886,2021-05-29,1432.1656667311786,53,201513,26.30103268771742
84015003,USA,15003.0,Honolulu,Hawaii,US,"Honolulu, Hawaii, US",27059,2021-05-29,2776.5265047000553,387,974563,39.71010596544298
84015005,USA,15005.0,Kalawao,Hawaii,US,"Kalawao, Hawaii, US",0,2021-05-29,0.0,0,86,0.0
84015007,USA,15007.0,Kauai,Hawaii,US,"Kauai, Hawaii, US",318,2021-05-29,439.8766132267301,2,72293,2.766519580042328
84015009,USA,15009.0,Maui,Hawaii,US,"Maui, Hawaii, US",4626,2021-05-29,2763.1602525430512,54,167417,32.25478894019126
84080015,USA,80015.0,Out of HI,Hawaii,US,"Out of HI, Hawaii, US",1235,2021-05-29,,3,0,
84090015,USA,90015.0,Unassigned,Hawaii,US,"Unassigned, Hawaii, US",0,2021-05-29,,0,0,
84016001,USA,16001.0,Ada,Idaho,US,"Ada, Idaho, US",52800,2021-05-29,10963.75109793246,472,481587,98.0092901178811
84016003,USA,16003.0,Adams,Idaho,US,"Adams, Idaho, US",341,2021-05-29,7941.3134606427575,4,4294,93.15323707498835
84016005,USA,16005.0,Bannock,Idaho,US,"Bannock, Idaho, US",8840,2021-05-29,10067.419825072886,110,87808,125.27332361516035
84016007,USA,16007.0,Bear Lake,Idaho,US,"Bear Lake, Idaho, US",391,2021-05-29,6383.673469387754,2,6125,32.6530612244898
84016009,USA,16009.0,Benewah,Idaho,US,"Benewah, Idaho, US",697,2021-05-29,7496.235749623575,9,9298,96.79500967950096
84016011,USA,16011.0,Bingham,Idaho,US,"Bingham, Idaho, US",4850,2021-05-29,10360.812629510157,76,46811,162.35500202943751
84016013,USA,16013.0,Blaine,Idaho,US,"Blaine, Idaho, US",2386,2021-05-29,10364.44985013683,18,23021,78.18947917119152
84016015,USA,16015.0,Boise,Idaho,US,"Boise, Idaho, US",365,2021-05-29,4660.962839994892,2,7831,25.539522410930914
84016017,USA,16017.0,Bonner,Idaho,US,"Bonner, Idaho, US",3306,2021-05-29,7227.967380135114,42,45739,91.82535691641706
84016019,USA,16019.0,Bonneville,Idaho,US,"Bonneville, Idaho, US",14983,2021-05-29,12584.199828660698,170,119062,142.7827518435773
84016021,USA,16021.0,Boundary,Idaho,US,"Boundary, Idaho, US",872,2021-05-29,7121.273989383421,11,12245,89.83258472846059
84016023,USA,16023.0,Butte,Idaho,US,"Butte, Idaho, US",211,2021-05-29,8124.759337697343,1,2597,38.50596842510589
84016025,USA,16025.0,Camas,Idaho,US,"Camas, Idaho, US",72,2021-05-29,6509.94575045208,0,1106,0.0
84016027,USA,16027.0,Canyon,Idaho,US,"Canyon, Idaho, US",27135,2021-05-29,11805.576704706133,299,229849,130.08540389560102
84016029,USA,16029.0,Caribou,Idaho,US,"Caribou, Idaho, US",701,2021-05-29,9797.344514325647,12,7155,167.71488469601675
84016031,USA,16031.0,Cassia,Idaho,US,"Cassia, Idaho, US",2949,2021-05-29,12272.159800249688,27,24030,112.35955056179776
84016033,USA,16033.0,Clark,Idaho,US,"Clark, Idaho, US",59,2021-05-29,6982.248520710059,0,845,0.0
84016035,USA,16035.0,Clearwater,Idaho,US,"Clearwater, Idaho, US",1069,2021-05-29,12208.771128369119,14,8756,159.89036089538604
84016037,USA,16037.0,Custer,Idaho,US,"Custer, Idaho, US",255,2021-05-29,5909.617612977984,3,4315,69.52491309385863
84016039,USA,16039.0,Elmore,Idaho,US,"Elmore, Idaho, US",2068,2021-05-29,7516.9932027189125,17,27511,61.793464432408854
84016041,USA,16041.0,Franklin,Idaho,US,"Franklin, Idaho, US",1199,2021-05-29,8640.818679734793,16,13876,115.30700490054771
84016043,USA,16043.0,Fremont,Idaho,US,"Fremont, Idaho, US",1136,2021-05-29,8672.417741812353,14,13099,106.8783876631804
84016045,USA,16045.0,Gem,Idaho,US,"Gem, Idaho, US",1809,2021-05-29,9987.85335689046,38,18112,209.80565371024736
84016047,USA,16047.0,Gooding,Idaho,US,"Gooding, Idaho, US",1317,2021-05-29,8676.460899927531,24,15179,158.1131826866065
84016049,USA,16049.0,Idaho,Idaho,US,"Idaho, Idaho, US",1266,2021-05-29,7595.84808303834,18,16667,107.99784004319913
84016051,USA,16051.0,Jefferson,Idaho,US,"Jefferson, Idaho, US",3017,2021-05-29,10100.09708412842,31,29871,103.77958555120351
84016053,USA,16053.0,Jerome,Idaho,US,"Jerome, Idaho, US",2627,2021-05-29,10761.101097820743,23,24412,94.2159593642471
84016055,USA,16055.0,Kootenai,Idaho,US,"Kootenai, Idaho, US",18554,2021-05-29,11197.547330368081,210,165697,126.73735794854464
84016057,USA,16057.0,Latah,Idaho,US,"Latah, Idaho, US",3196,2021-05-29,7968.4850902563085,10,40108,24.932681759250023
84016059,USA,16059.0,Lemhi,Idaho,US,"Lemhi, Idaho, US",532,2021-05-29,6627.63174286782,9,8027,112.12158963498193
84016061,USA,16061.0,Lewis,Idaho,US,"Lewis, Idaho, US",412,2021-05-29,10734.757686294945,10,3838,260.55237102657634
84016063,USA,16063.0,Lincoln,Idaho,US,"Lincoln, Idaho, US",511,2021-05-29,9522.922102124487,11,5366,204.9944092433843
84016065,USA,16065.0,Madison,Idaho,US,"Madison, Idaho, US",7277,2021-05-29,18234.89613351041,28,39907,70.1631292755657
84016067,USA,16067.0,Minidoka,Idaho,US,"Minidoka, Idaho, US",2341,2021-05-29,11126.954703170302,33,21039,156.85156138599743
84016069,USA,16069.0,Nez Perce,Idaho,US,"Nez Perce, Idaho, US",3678,2021-05-29,9102.157988517125,54,40408,133.63690358344883
84016071,USA,16071.0,Oneida,Idaho,US,"Oneida, Idaho, US",363,2021-05-29,8011.47649525491,4,4531,88.28073273008167
84080016,USA,80016.0,Out of ID,Idaho,US,"Out of ID, Idaho, US",0,2021-05-29,,0,0,
84016073,USA,16073.0,Owyhee,Idaho,US,"Owyhee, Idaho, US",1077,2021-05-29,9109.363105810708,30,11823,253.74270489723418
84016075,USA,16075.0,Payette,Idaho,US,"Payette, Idaho, US",2584,2021-05-29,10788.69358273141,37,23951,154.48206755459063
84016077,USA,16077.0,Power,Idaho,US,"Power, Idaho, US",657,2021-05-29,8553.573753417524,9,7681,117.17224319750034
84016079,USA,16079.0,Shoshone,Idaho,US,"Shoshone, Idaho, US",1146,2021-05-29,8896.134140661388,34,12882,263.934171712467
84016081,USA,16081.0,Teton,Idaho,US,"Teton, Idaho, US",1227,2021-05-29,10105.419206061604,4,12142,32.943501894251355
84016083,USA,16083.0,Twin Falls,Idaho,US,"Twin Falls, Idaho, US",9662,2021-05-29,11121.342572342824,127,86878,146.18200234812034
84090016,USA,90016.0,Unassigned,Idaho,US,"Unassigned, Idaho, US",0,2021-05-29,,0,0,
84016085,USA,16085.0,Valley,Idaho,US,"Valley, Idaho, US",847,2021-05-29,7435.042134831461,6,11392,52.668539325842694
84016087,USA,16087.0,Washington,Idaho,US,"Washington, Idaho, US",1227,2021-05-29,12036.4920541495,21,10194,206.00353148911123
84017001,USA,17001.0,Adams,Illinois,US,"Adams, Illinois, US",8605,2021-05-29,13150.454649652327,124,65435,189.5010315580347
84017003,USA,17003.0,Alexander,Illinois,US,"Alexander, Illinois, US",470,2021-05-29,8158.305849678875,11,5761,190.9390730775907
84017005,USA,17005.0,Bond,Illinois,US,"Bond, Illinois, US",2081,2021-05-29,12668.939486180445,24,16426,146.10982588579083
84017007,USA,17007.0,Boone,Illinois,US,"Boone, Illinois, US",6787,2021-05-29,12675.556551621097,75,53544,140.0717167189601
84017009,USA,17009.0,Brown,Illinois,US,"Brown, Illinois, US",722,2021-05-29,10975.980541197932,6,6578,91.21313469139557
84017011,USA,17011.0,Bureau,Illinois,US,"Bureau, Illinois, US",3764,2021-05-29,11536.10395978914,83,32628,254.38273875199212
84017013,USA,17013.0,Calhoun,Illinois,US,"Calhoun, Illinois, US",518,2021-05-29,10930.576070901034,2,4739,42.20299641274531
84017015,USA,17015.0,Carroll,Illinois,US,"Carroll, Illinois, US",1773,2021-05-29,12394.267738552953,37,14305,258.650821391122
84017017,USA,17017.0,Cass,Illinois,US,"Cass, Illinois, US",2015,2021-05-29,16588.45805548695,27,12147,222.2771054581378
84017019,USA,17019.0,Champaign,Illinois,US,"Champaign, Illinois, US",20959,2021-05-29,9995.27872229826,148,209689,70.58071715731393
84017021,USA,17021.0,Christian,Illinois,US,"Christian, Illinois, US",3793,2021-05-29,11741.579990094106,73,32304,225.97820703318476
84017023,USA,17023.0,Clark,Illinois,US,"Clark, Illinois, US",1823,2021-05-29,11806.230166439997,33,15441,213.7167281911793
84017025,USA,17025.0,Clay,Illinois,US,"Clay, Illinois, US",1488,2021-05-29,11286.407766990293,43,13184,326.15291262135923
84017027,USA,17027.0,Clinton,Illinois,US,"Clinton, Illinois, US",5775,2021-05-29,15374.58069325382,91,37562,242.2661200149087
84017029,USA,17029.0,Coles,Illinois,US,"Coles, Illinois, US",5734,2021-05-29,11327.314750795123,99,50621,195.57100807965074
84017031,USA,17031.0,Cook,Illinois,US,"Cook, Illinois, US",553191,2021-05-29,10741.086859565383,10285,5150233,199.69970290664517
84017033,USA,17033.0,Crawford,Illinois,US,"Crawford, Illinois, US",2134,2021-05-29,11431.938715380084,26,18667,139.2832270852306
84017035,USA,17035.0,Cumberland,Illinois,US,"Cumberland, Illinois, US",1298,2021-05-29,12056.474085082667,19,10766,176.48151588333644
84017039,USA,17039.0,De Witt,Illinois,US,"De Witt, Illinois, US",1559,2021-05-29,9969.305537792558,28,15638,179.05102954341987
84017037,USA,17037.0,DeKalb,Illinois,US,"DeKalb, Illinois, US",10044,2021-05-29,9575.107009733358,120,104897,114.39793321067332
84017041,USA,17041.0,Douglas,Illinois,US,"Douglas, Illinois, US",2600,2021-05-29,13357.307988697661,34,19465,174.67248908296943
84017043,USA,17043.0,DuPage,Illinois,US,"DuPage, Illinois, US",91771,2021-05-29,9943.537962620854,1300,922921,140.85712644960944
84017045,USA,17045.0,Edgar,Illinois,US,"Edgar, Illinois, US",1745,2021-05-29,10168.405104597634,40,17161,233.0866499621234
84017047,USA,17047.0,Edwards,Illinois,US,"Edwards, Illinois, US",574,2021-05-29,8975.762314308053,12,6395,187.64659890539485
84017049,USA,17049.0,Effingham,Illinois,US,"Effingham, Illinois, US",4748,2021-05-29,13961.420842154786,72,34008,211.71489061397318
84017051,USA,17051.0,Fayette,Illinois,US,"Fayette, Illinois, US",3198,2021-05-29,14988.751406074241,55,21336,257.78027746531683
84017053,USA,17053.0,Ford,Illinois,US,"Ford, Illinois, US",1840,2021-05-29,14196.435460226834,48,12961,370.3417946146131
84017055,USA,17055.0,Franklin,Illinois,US,"Franklin, Illinois, US",4516,2021-05-29,11739.322571421144,76,38469,197.5616730354311
84017057,USA,17057.0,Fulton,Illinois,US,"Fulton, Illinois, US",4029,2021-05-29,11732.673267326732,59,34340,171.81129877693652
84017059,USA,17059.0,Gallatin,Illinois,US,"Gallatin, Illinois, US",462,2021-05-29,9569.179784589893,4,4828,82.8500414250207
84017061,USA,17061.0,Greene,Illinois,US,"Greene, Illinois, US",1449,2021-05-29,11172.796668979876,33,12969,254.4529262086514
84017063,USA,17063.0,Grundy,Illinois,US,"Grundy, Illinois, US",5955,2021-05-29,11664.12034316606,76,51054,148.86198926626707
84017065,USA,17065.0,Hamilton,Illinois,US,"Hamilton, Illinois, US",839,2021-05-29,10337.604731394775,15,8116,184.82010842779695
84017067,USA,17067.0,Hancock,Illinois,US,"Hancock, Illinois, US",1783,2021-05-29,10068.89541450192,31,17708,175.0621188163542
84017069,USA,17069.0,Hardin,Illinois,US,"Hardin, Illinois, US",389,2021-05-29,10180.580999738288,12,3821,314.0539125883277
84017071,USA,17071.0,Henderson,Illinois,US,"Henderson, Illinois, US",529,2021-05-29,7959.674992476677,14,6646,210.65302437556426
84017073,USA,17073.0,Henry,Illinois,US,"Henry, Illinois, US",5054,2021-05-29,10332.631406783472,69,48913,141.06679205937073
84017075,USA,17075.0,Iroquois,Illinois,US,"Iroquois, Illinois, US",3085,2021-05-29,11377.885962971159,67,27114,247.10481669985987
84017077,USA,17077.0,Jackson,Illinois,US,"Jackson, Illinois, US",5072,2021-05-29,8937.444933920704,64,56750,112.77533039647577
84017079,USA,17079.0,Jasper,Illinois,US,"Jasper, Illinois, US",1156,2021-05-29,12029.136316337148,18,9610,187.30489073881373
84017081,USA,17081.0,Jefferson,Illinois,US,"Jefferson, Illinois, US",4405,2021-05-29,11689.311113469908,121,37684,321.0911792803312
84017083,USA,17083.0,Jersey,Illinois,US,"Jersey, Illinois, US",2707,2021-05-29,12432.829651403114,50,21773,229.64221742525146
84017085,USA,17085.0,Jo Daviess,Illinois,US,"Jo Daviess, Illinois, US",1825,2021-05-29,8594.301860136567,24,21235,113.02095596891924
84017087,USA,17087.0,Johnson,Illinois,US,"Johnson, Illinois, US",1464,2021-05-29,11790.28750906016,16,12417,128.8556011919143
84017089,USA,17089.0,Kane,Illinois,US,"Kane, Illinois, US",59158,2021-05-29,11111.50763613278,790,532403,148.38383705576416
84017091,USA,17091.0,Kankakee,Illinois,US,"Kankakee, Illinois, US",14429,2021-05-29,13133.749613151043,214,109862,194.78982723780743
84017093,USA,17093.0,Kendall,Illinois,US,"Kendall, Illinois, US",13227,2021-05-29,10254.283277773471,96,128990,74.42437398247925
84017095,USA,17095.0,Knox,Illinois,US,"Knox, Illinois, US",5613,2021-05-29,11293.989818708626,152,49699,305.8411638061128
84017099,USA,17099.0,LaSalle,Illinois,US,"LaSalle,Illinois,US",12706,2021-05-29,11692.38697328585,247,108669,227.29573291371042
84017097,USA,17097.0,Lake,Illinois,US,"Lake, Illinois, US",68022,2021-05-29,9765.769128615217,1003,696535,143.99850689484376
84017101,USA,17101.0,Lawrence,Illinois,US,"Lawrence, Illinois, US",2408,2021-05-29,15359.101926266105,25,15678,159.45911468299528
84017103,USA,17103.0,Lee,Illinois,US,"Lee, Illinois, US",4188,2021-05-29,12282.965743782263,52,34096,152.51055842327546
84017105,USA,17105.0,Livingston,Illinois,US,"Livingston, Illinois, US",4874,2021-05-29,13672.5763016158,87,35648,244.05296229802514
84017107,USA,17107.0,Logan,Illinois,US,"Logan, Illinois, US",3944,2021-05-29,13781.536096163254,62,28618,216.64686560905724
84017115,USA,17115.0,Macon,Illinois,US,"Macon, Illinois, US",10930,2021-05-29,10508.705977367343,208,104009,199.98269380534376
84017117,USA,17117.0,Macoupin,Illinois,US,"Macoupin, Illinois, US",4762,2021-05-29,10599.65276232026,87,44926,193.6517829319325
84017119,USA,17119.0,Madison,Illinois,US,"Madison, Illinois, US",30802,2021-05-29,11713.301339336644,523,262966,198.88502696166046
84017121,USA,17121.0,Marion,Illinois,US,"Marion, Illinois, US",4494,2021-05-29,12079.021636876763,116,37205,311.7860502620615
84017123,USA,17123.0,Marshall,Illinois,US,"Marshall, Illinois, US",1081,2021-05-29,9450.95296380486,19,11438,166.11295681063123
84017125,USA,17125.0,Mason,Illinois,US,"Mason, Illinois, US",1535,2021-05-29,11490.381016543153,45,13359,336.85156074556477
84017127,USA,17127.0,Massac,Illinois,US,"Massac, Illinois, US",1357,2021-05-29,9853.32558814987,40,13772,290.4443799012489
84017109,USA,17109.0,McDonough,Illinois,US,"McDonough, Illinois, US",2893,2021-05-29,9746.647800013476,50,29682,168.45226062933764
84017111,USA,17111.0,McHenry,Illinois,US,"McHenry, Illinois, US",29016,2021-05-29,9427.696946460715,291,307774,94.54989700234589
84017113,USA,17113.0,McLean,Illinois,US,"McLean, Illinois, US",18471,2021-05-29,10769.194890302419,182,171517,106.111930595801
84017129,USA,17129.0,Menard,Illinois,US,"Menard, Illinois, US",1242,2021-05-29,10183.66677599213,12,12196,98.39291571006888
84017131,USA,17131.0,Mercer,Illinois,US,"Mercer, Illinois, US",1487,2021-05-29,9632.700654272203,34,15437,220.25004858456953
84017133,USA,17133.0,Monroe,Illinois,US,"Monroe, Illinois, US",4372,2021-05-29,12622.340271963509,94,34637,271.3860900193435
84017135,USA,17135.0,Montgomery,Illinois,US,"Montgomery, Illinois, US",3773,2021-05-29,13278.665446610827,74,28414,260.4349968325473
84017137,USA,17137.0,Morgan,Illinois,US,"Morgan, Illinois, US",3922,2021-05-29,11652.50460514588,82,33658,243.62707231564562
84017139,USA,17139.0,Moultrie,Illinois,US,"Moultrie, Illinois, US",1623,2021-05-29,11192.331563340458,28,14501,193.09013171505413
84017141,USA,17141.0,Ogle,Illinois,US,"Ogle, Illinois, US",6166,2021-05-29,12175.424046758682,83,50643,163.89234445036826
84080017,USA,80017.0,Out of IL,Illinois,US,"Out of IL, Illinois, US",3,2021-05-29,,0,0,
84017143,USA,17143.0,Peoria,Illinois,US,"Peoria, Illinois, US",23379,2021-05-29,13047.846008739863,330,179179,184.17336853091044
84017145,USA,17145.0,Perry,Illinois,US,"Perry, Illinois, US",3196,2021-05-29,15280.168292216484,60,20916,286.8617326448652
84017147,USA,17147.0,Piatt,Illinois,US,"Piatt, Illinois, US",1521,2021-05-29,9306.167400881057,14,16344,85.65834557023985
84017149,USA,17149.0,Pike,Illinois,US,"Pike, Illinois, US",1799,2021-05-29,11560.953666216823,53,15561,340.59507743718274
84017151,USA,17151.0,Pope,Illinois,US,"Pope, Illinois, US",326,2021-05-29,7804.64448168542,4,4177,95.76250897773521
84017153,USA,17153.0,Pulaski,Illinois,US,"Pulaski, Illinois, US",695,2021-05-29,13027.17900656045,7,5335,131.20899718837865
84017155,USA,17155.0,Putnam,Illinois,US,"Putnam, Illinois, US",486,2021-05-29,8468.374281233664,3,5739,52.27391531625719
84017157,USA,17157.0,Randolph,Illinois,US,"Randolph, Illinois, US",4147,2021-05-29,13048.266314265935,87,31782,273.7398527468378
84017159,USA,17159.0,Richland,Illinois,US,"Richland, Illinois, US",1759,2021-05-29,11338.877070843808,40,15513,257.84825630116677
84017161,USA,17161.0,Rock Island,Illinois,US,"Rock Island, Illinois, US",15189,2021-05-29,10705.601251770875,320,141879,225.54430183466192
84017165,USA,17165.0,Saline,Illinois,US,"Saline, Illinois, US",2587,2021-05-29,11012.728278915329,56,23491,238.3891703205483
84017167,USA,17167.0,Sangamon,Illinois,US,"Sangamon, Illinois, US",18993,2021-05-29,9756.410783266212,237,194672,121.7432399112353
84017169,USA,17169.0,Schuyler,Illinois,US,"Schuyler, Illinois, US",776,2021-05-29,11465.721040189124,7,6768,103.42789598108747
84017171,USA,17171.0,Scott,Illinois,US,"Scott, Illinois, US",485,2021-05-29,9796.000807917593,1,4951,20.197939810139363
84017173,USA,17173.0,Shelby,Illinois,US,"Shelby, Illinois, US",2314,2021-05-29,10696.1264675973,37,21634,171.0270869926967
84017163,USA,17163.0,St. Clair,Illinois,US,"St. Clair, Illinois, US",28102,2021-05-29,10821.530617746048,518,259686,199.47166963178606
84017175,USA,17175.0,Stark,Illinois,US,"Stark, Illinois, US",644,2021-05-29,12055.409958816921,24,5342,449.2699363534257
84017177,USA,17177.0,Stephenson,Illinois,US,"Stephenson, Illinois, US",4805,2021-05-29,10798.23812306171,85,44498,191.01982111555574
84017179,USA,17179.0,Tazewell,Illinois,US,"Tazewell, Illinois, US",17139,2021-05-29,13003.497644211437,298,131803,226.09500542476272
84090017,USA,90017.0,Unassigned,Illinois,US,"Unassigned, Illinois, US",0,2021-05-29,,2390,0,
84017181,USA,17181.0,Union,Illinois,US,"Union, Illinois, US",2266,2021-05-29,13607.15786945295,40,16653,240.1969615084369
84017183,USA,17183.0,Vermilion,Illinois,US,"Vermilion, Illinois, US",9907,2021-05-29,13077.1667678661,135,75758,178.19900208558832
84017185,USA,17185.0,Wabash,Illinois,US,"Wabash, Illinois, US",1350,2021-05-29,11718.75,12,11520,104.16666666666667
84017187,USA,17187.0,Warren,Illinois,US,"Warren, Illinois, US",1828,2021-05-29,10852.529090477321,48,16844,284.9679411066255
84017189,USA,17189.0,Washington,Illinois,US,"Washington, Illinois, US",1647,2021-05-29,11860.0129617628,25,13887,180.02448332973285
84017191,USA,17191.0,Wayne,Illinois,US,"Wayne, Illinois, US",1802,2021-05-29,11113.166820844897,53,16215,326.8578476719087
84017193,USA,17193.0,White,Illinois,US,"White, Illinois, US",1701,2021-05-29,12565.561054886606,26,13537,192.06618896358128
84017195,USA,17195.0,Whiteside,Illinois,US,"Whiteside, Illinois, US",7188,2021-05-29,13027.639329406435,173,55175,313.5478024467603
84017197,USA,17197.0,Will,Illinois,US,"Will, Illinois, US",76562,2021-05-29,11084.006642123048,1017,690743,147.23276240222484
84017199,USA,17199.0,Williamson,Illinois,US,"Williamson, Illinois, US",7515,2021-05-29,11284.292085229064,134,66597,201.21026472663934
84017201,USA,17201.0,Winnebago,Illinois,US,"Winnebago, Illinois, US",33843,2021-05-29,11976.770522203191,492,282572,174.11491584445733
84017203,USA,17203.0,Woodford,Illinois,US,"Woodford, Illinois, US",4801,2021-05-29,12483.423905977794,80,38459,208.01372890610781
84018001,USA,18001.0,Adams,Indiana,US,"Adams, Indiana, US",3440,2021-05-29,9615.115856555887,55,35777,153.73005003214357
84018003,USA,18003.0,Allen,Indiana,US,"Allen, Indiana, US",41374,2021-05-29,10908.017157967724,685,379299,180.59631056237956
84018005,USA,18005.0,Bartholomew,Indiana,US,"Bartholomew, Indiana, US",8129,2021-05-29,9702.908843504936,156,83779,186.2041800451187
84018007,USA,18007.0,Benton,Indiana,US,"Benton, Indiana, US",994,2021-05-29,11362.5971650663,14,8748,160.0365797896662
84018009,USA,18009.0,Blackford,Indiana,US,"Blackford, Indiana, US",1353,2021-05-29,11507.059023643476,32,11758,272.15512842320123
84018011,USA,18011.0,Boone,Indiana,US,"Boone, Indiana, US",6840,2021-05-29,10082.101322170305,103,67843,151.82111640110256
84018013,USA,18013.0,Brown,Indiana,US,"Brown, Indiana, US",1032,2021-05-29,6838.059899284389,42,15092,278.29313543599255
84018015,USA,18015.0,Carroll,Indiana,US,"Carroll,Indiana,US",1923,2021-05-29,9493.014760329763,20,20257,98.73130275953991
84018017,USA,18017.0,Cass,Indiana,US,"Cass, Indiana, US",5951,2021-05-29,15789.752978322587,107,37689,283.902464910186
84018019,USA,18019.0,Clark,Indiana,US,"Clark, Indiana, US",13121,2021-05-29,11091.10581393383,192,118302,162.29649541005222
84018021,USA,18021.0,Clay,Indiana,US,"Clay, Indiana, US",2632,2021-05-29,10036.22497616778,47,26225,179.21830314585318
84018023,USA,18023.0,Clinton,Indiana,US,"Clinton, Indiana, US",4339,2021-05-29,13392.388653970802,53,32399,163.58529584246426
84018025,USA,18025.0,Crawford,Indiana,US,"Crawford, Indiana, US",1018,2021-05-29,9624.657275219817,16,10577,151.27162711543914
84018027,USA,18027.0,Daviess,Indiana,US,"Daviess, Indiana, US",3001,2021-05-29,8998.23093760307,99,33351,296.84267338310696
84018033,USA,18033.0,DeKalb,Indiana,US,"DeKalb, Indiana, US",4358,2021-05-29,10024.151811385853,85,43475,195.51466359977
84018029,USA,18029.0,Dearborn,Indiana,US,"Dearborn, Indiana, US",5870,2021-05-29,11868.656233571919,78,49458,157.70957175785514
84018031,USA,18031.0,Decatur,Indiana,US,"Decatur, Indiana, US",2885,2021-05-29,10862.607778907337,92,26559,346.3985842840469
84018035,USA,18035.0,Delaware,Indiana,US,"Delaware, Indiana, US",10884,2021-05-29,9536.075699829149,189,114135,165.5933762649494
84018037,USA,18037.0,Dubois,Indiana,US,"Dubois, Indiana, US",6194,2021-05-29,14493.635342568326,117,42736,273.77386746536877
84018039,USA,18039.0,Elkhart,Indiana,US,"Elkhart, Indiana, US",29159,2021-05-29,14131.461997373279,451,206341,218.5702308314877
84018041,USA,18041.0,Fayette,Indiana,US,"Fayette, Indiana, US",2838,2021-05-29,12284.65067959484,63,23102,272.70366202060427
84018043,USA,18043.0,Floyd,Indiana,US,"Floyd, Indiana, US",7724,2021-05-29,9836.7336542625,179,78522,227.96159038231323
84018045,USA,18045.0,Fountain,Indiana,US,"Fountain, Indiana, US",2162,2021-05-29,13226.47742566989,47,16346,287.53211794934543
84018047,USA,18047.0,Franklin,Indiana,US,"Franklin, Indiana, US",1698,2021-05-29,7461.1125757975215,35,22758,153.7920731171456
84018049,USA,18049.0,Fulton,Indiana,US,"Fulton, Indiana, US",1980,2021-05-29,9912.886752778611,41,19974,205.26684690097127
84018051,USA,18051.0,Gibson,Indiana,US,"Gibson, Indiana, US",4420,2021-05-29,13131.703259158026,92,33659,273.3295701001218
84018053,USA,18053.0,Grant,Indiana,US,"Grant, Indiana, US",7181,2021-05-29,10918.517842752664,176,65769,267.6032781401572
84018055,USA,18055.0,Greene,Indiana,US,"Greene, Indiana, US",2837,2021-05-29,8887.287763924565,85,31922,266.2740429797632
84018057,USA,18057.0,Hamilton,Indiana,US,"Hamilton, Indiana, US",36145,2021-05-29,10693.438970921065,412,338011,121.88952430542201
84018059,USA,18059.0,Hancock,Indiana,US,"Hancock, Indiana, US",8450,2021-05-29,10810.05014839832,142,78168,181.66001432811382
84018061,USA,18061.0,Harrison,Indiana,US,"Harrison, Indiana, US",4383,2021-05-29,10818.215475749723,73,40515,180.18018018018017
84018063,USA,18063.0,Hendricks,Indiana,US,"Hendricks, Indiana, US",17473,2021-05-29,10259.466505393075,316,170311,185.5429185431358
84018065,USA,18065.0,Henry,Indiana,US,"Henry, Indiana, US",5852,2021-05-29,12198.782623196865,106,47972,220.9622279663137
84018067,USA,18067.0,Howard,Indiana,US,"Howard, Indiana, US",10161,2021-05-29,12309.79841054468,224,82544,271.37042062415196
84018069,USA,18069.0,Huntington,Indiana,US,"Huntington, Indiana, US",4000,2021-05-29,10952.90251916758,80,36520,219.05805038335157
84018071,USA,18071.0,Jackson,Indiana,US,"Jackson, Indiana, US",5063,2021-05-29,11446.722886663201,74,44231,167.30347493839164
84018073,USA,18073.0,Jasper,Indiana,US,"Jasper, Indiana, US",3804,2021-05-29,11334.247065133186,52,33562,154.93713127942317
84018075,USA,18075.0,Jay,Indiana,US,"Jay, Indiana, US",1995,2021-05-29,9762.184380504992,32,20436,156.58641612840086
84018077,USA,18077.0,Jefferson,Indiana,US,"Jefferson, Indiana, US",3335,2021-05-29,10322.520737897736,82,32308,253.80710659898475
84018079,USA,18079.0,Jennings,Indiana,US,"Jennings, Indiana, US",2332,2021-05-29,8408.148548765099,49,27735,176.67207499549306
84018081,USA,18081.0,Johnson,Indiana,US,"Johnson, Indiana, US",18219,2021-05-29,11518.837684219843,382,158167,241.51687773050003
84018083,USA,18083.0,Knox,Indiana,US,"Knox, Indiana, US",3746,2021-05-29,10236.650817073838,90,36594,245.9419576979833
84018085,USA,18085.0,Kosciusko,Indiana,US,"Kosciusko, Indiana, US",9565,2021-05-29,12038.109142166733,117,79456,147.25130890052355
84018087,USA,18087.0,LaGrange,Indiana,US,"LaGrange, Indiana, US",2715,2021-05-29,6853.637602867672,72,39614,181.7539253799162
84018091,USA,18091.0,LaPorte,Indiana,US,"LaPorte, Indiana, US",12280,2021-05-29,11175.014560279556,219,109888,199.2938264414677
84018089,USA,18089.0,Lake,Indiana,US,"Lake, Indiana, US",54936,2021-05-29,11315.50815356761,996,485493,205.15228849849535
84018093,USA,18093.0,Lawrence,Indiana,US,"Lawrence, Indiana, US",4674,2021-05-29,10301.96164866652,121,45370,266.6960546616707
84018095,USA,18095.0,Madison,Indiana,US,"Madison, Indiana, US",12892,2021-05-29,9949.910858307157,341,129569,263.18023601324387
84018097,USA,18097.0,Marion,Indiana,US,"Marion, Indiana, US",101838,2021-05-29,10557.733816305923,1764,964582,182.87714263795095
84018099,USA,18099.0,Marshall,Indiana,US,"Marshall, Indiana, US",6183,2021-05-29,13366.336633663366,114,46258,246.44385835963507
84018101,USA,18101.0,Martin,Indiana,US,"Martin, Indiana, US",908,2021-05-29,8854.217454900048,15,10255,146.27011214041931
84018103,USA,18103.0,Miami,Indiana,US,"Miami, Indiana, US",3883,2021-05-29,10933.10057438901,68,35516,191.4630025903818
84018105,USA,18105.0,Monroe,Indiana,US,"Monroe, Indiana, US",12061,2021-05-29,8125.661081579993,172,148431,115.87875848037136
84018107,USA,18107.0,Montgomery,Indiana,US,"Montgomery, Indiana, US",4284,2021-05-29,11174.291825343002,89,38338,232.1456518336898
84018109,USA,18109.0,Morgan,Indiana,US,"Morgan, Indiana, US",6677,2021-05-29,9472.399948928201,140,70489,198.61254947580474
84018111,USA,18111.0,Newton,Indiana,US,"Newton, Indiana, US",1109,2021-05-29,7930.491990846682,35,13984,250.28604118993138
84018113,USA,18113.0,Noble,Indiana,US,"Noble, Indiana, US",5743,2021-05-29,12028.736595174263,85,47744,178.03284182305632
84018115,USA,18115.0,Ohio,Indiana,US,"Ohio, Indiana, US",577,2021-05-29,9821.27659574468,11,5875,187.2340425531915
84018117,USA,18117.0,Orange,Indiana,US,"Orange, Indiana, US",1873,2021-05-29,9533.747327700296,54,19646,274.8651124910923
84080018,USA,80018.0,Out of IN,Indiana,US,"Out of IN, Indiana, US",0,2021-05-29,,0,0,
84018119,USA,18119.0,Owen,Indiana,US,"Owen, Indiana, US",2080,2021-05-29,10000.480792345785,56,20799,269.24371364007885
84018121,USA,18121.0,Parke,Indiana,US,"Parke, Indiana, US",1476,2021-05-29,8714.648402904882,16,16937,94.46773336482258
84018123,USA,18123.0,Perry,Indiana,US,"Perry, Indiana, US",1859,2021-05-29,9697.949814805153,37,19169,193.01998017632636
84018125,USA,18125.0,Pike,Indiana,US,"Pike, Indiana, US",1366,2021-05-29,11025.910081523933,34,12389,274.43700056501734
84018127,USA,18127.0,Porter,Indiana,US,"Porter, Indiana, US",19185,2021-05-29,11259.529664473646,321,170389,188.39244317414855
84018129,USA,18129.0,Posey,Indiana,US,"Posey, Indiana, US",2727,2021-05-29,10724.82007315059,34,25427,133.71612852479646
84018131,USA,18131.0,Pulaski,Indiana,US,"Pulaski, Indiana, US",1187,2021-05-29,9609.001861895895,46,12353,372.379179146766
84018133,USA,18133.0,Putnam,Indiana,US,"Putnam, Indiana, US",3687,2021-05-29,9812.114115392804,60,37576,159.6763891845859
84018135,USA,18135.0,Randolph,Indiana,US,"Randolph, Indiana, US",2437,2021-05-29,9880.397324143523,82,24665,332.45489560105415
84018137,USA,18137.0,Ripley,Indiana,US,"Ripley, Indiana, US",3439,2021-05-29,12141.646660076261,70,28324,247.14023443016524
84018139,USA,18139.0,Rush,Indiana,US,"Rush, Indiana, US",1750,2021-05-29,10554.248839032627,25,16581,150.77498341475183
84018143,USA,18143.0,Scott,Indiana,US,"Scott, Indiana, US",2684,2021-05-29,11242.82662421983,55,23873,230.38579147991456
84018145,USA,18145.0,Shelby,Indiana,US,"Shelby, Indiana, US",4983,2021-05-29,11140.423438932236,96,44729,214.62585794451027
84018147,USA,18147.0,Spencer,Indiana,US,"Spencer, Indiana, US",2335,2021-05-29,11515.510183952261,31,20277,152.88257631799576
84018141,USA,18141.0,St. Joseph,Indiana,US,"St. Joseph, Indiana, US",36728,2021-05-29,13511.584616629758,558,271826,205.2783766085658
84018149,USA,18149.0,Starke,Indiana,US,"Starke, Indiana, US",2250,2021-05-29,9784.735812133073,55,22995,239.18243096325287
84018151,USA,18151.0,Steuben,Indiana,US,"Steuben, Indiana, US",3946,2021-05-29,11406.602300977047,59,34594,170.5498063247962
84018153,USA,18153.0,Sullivan,Indiana,US,"Sullivan, Indiana, US",2128,2021-05-29,10295.611785766123,42,20669,203.2028641927524
84018155,USA,18155.0,Switzerland,Indiana,US,"Switzerland, Indiana, US",803,2021-05-29,7469.072644405171,8,10751,74.41168263417357
84018157,USA,18157.0,Tippecanoe,Indiana,US,"Tippecanoe, Indiana, US",22681,2021-05-29,11587.783295526537,225,195732,114.95309913555269
84018159,USA,18159.0,Tipton,Indiana,US,"Tipton, Indiana, US",1649,2021-05-29,10885.925534724056,46,15148,303.6704515447584
84090018,USA,90018.0,Unassigned,Indiana,US,"Unassigned, Indiana, US",0,2021-05-29,,417,0,
84018161,USA,18161.0,Union,Indiana,US,"Union, Indiana, US",727,2021-05-29,10306.209242982704,10,7054,141.7635384179189
84018163,USA,18163.0,Vanderburgh,Indiana,US,"Vanderburgh, Indiana, US",22472,2021-05-29,12384.61072135177,398,181451,219.34296311400874
84018165,USA,18165.0,Vermillion,Indiana,US,"Vermillion, Indiana, US",1719,2021-05-29,11091.753774680605,44,15498,283.9076009807717
84018167,USA,18167.0,Vigo,Indiana,US,"Vigo, Indiana, US",12548,2021-05-29,11722.939516807115,252,107038,235.43040789252416
84018169,USA,18169.0,Wabash,Indiana,US,"Wabash, Indiana, US",3584,2021-05-29,11562.78229448961,82,30996,264.55026455026456
84018171,USA,18171.0,Warren,Indiana,US,"Warren, Indiana, US",830,2021-05-29,10042.347247428917,15,8265,181.48820326678765
84018173,USA,18173.0,Warrick,Indiana,US,"Warrick, Indiana, US",7824,2021-05-29,12419.441887044033,155,62998,246.03955681132737
84018175,USA,18175.0,Washington,Indiana,US,"Washington, Indiana, US",2438,2021-05-29,8695.962334141817,33,28036,117.70580681980312
84018177,USA,18177.0,Wayne,Indiana,US,"Wayne, Indiana, US",7120,2021-05-29,10806.872685325725,201,65884,305.0816586728189
84018179,USA,18179.0,Wells,Indiana,US,"Wells, Indiana, US",2939,2021-05-29,10386.627085100368,81,28296,286.25954198473283
84018181,USA,18181.0,White,Indiana,US,"White, Indiana, US",3235,2021-05-29,13422.122645423618,53,24102,219.89876358808397
84018183,USA,18183.0,Whitley,Indiana,US,"Whitley, Indiana, US",4029,2021-05-29,11862.560358026147,40,33964,117.77175833235191
84019001,USA,19001.0,Adair,Iowa,US,"Adair, Iowa, US",872,2021-05-29,12192.393736017897,32,7152,447.42729306487695
84019003,USA,19003.0,Adams,Iowa,US,"Adams, Iowa, US",344,2021-05-29,9550.24986118823,4,3602,111.04941699056081
84019005,USA,19005.0,Allamakee,Iowa,US,"Allamakee, Iowa, US",1521,2021-05-29,11112.734711770294,51,13687,372.6163512822386
84019007,USA,19007.0,Appanoose,Iowa,US,"Appanoose, Iowa, US",1286,2021-05-29,10349.26766457428,49,12426,394.334460003219
84019009,USA,19009.0,Audubon,Iowa,US,"Audubon, Iowa, US",517,2021-05-29,9406.84133915575,10,5496,181.9505094614265
84019011,USA,19011.0,Benton,Iowa,US,"Benton, Iowa, US",2577,2021-05-29,10048.742444921038,55,25645,214.46675765256387
84019013,USA,19013.0,Black Hawk,Iowa,US,"Black Hawk, Iowa, US",15914,2021-05-29,12126.985094644435,309,131228,235.46804035724082
84019015,USA,19015.0,Boone,Iowa,US,"Boone, Iowa, US",2678,2021-05-29,10208.12685827552,34,26234,129.60280551955478
84019017,USA,19017.0,Bremer,Iowa,US,"Bremer, Iowa, US",2866,2021-05-29,11435.639613757881,60,25062,239.40627244433804
84019019,USA,19019.0,Buchanan,Iowa,US,"Buchanan, Iowa, US",1921,2021-05-29,9072.018890200708,33,21175,155.84415584415584
84019021,USA,19021.0,Buena Vista,Iowa,US,"Buena Vista, Iowa, US",4255,2021-05-29,21687.05402650357,40,19620,203.87359836901123
84019023,USA,19023.0,Butler,Iowa,US,"Butler, Iowa, US",1657,2021-05-29,11475.863979499965,35,14439,242.3990581065171
84019025,USA,19025.0,Calhoun,Iowa,US,"Calhoun, Iowa, US",1388,2021-05-29,14356.64046338436,13,9668,134.46421183285062
84019027,USA,19027.0,Carroll,Iowa,US,"Carroll, Iowa, US",2867,2021-05-29,14217.703942474585,52,20165,257.87255145053314
84019029,USA,19029.0,Cass,Iowa,US,"Cass, Iowa, US",1389,2021-05-29,10821.128077282641,54,12836,420.6918043004051
84019031,USA,19031.0,Cedar,Iowa,US,"Cedar, Iowa, US",1912,2021-05-29,10264.669565684222,23,18627,123.47667364578301
84019033,USA,19033.0,Cerro Gordo,Iowa,US,"Cerro Gordo, Iowa, US",5498,2021-05-29,12951.707891637221,90,42450,212.01413427561835
84019035,USA,19035.0,Cherokee,Iowa,US,"Cherokee, Iowa, US",1591,2021-05-29,14161.103693813973,38,11235,338.2287494437027
84019037,USA,19037.0,Chickasaw,Iowa,US,"Chickasaw, Iowa, US",1244,2021-05-29,10424.872203134166,16,11933,134.0819575965809
84019039,USA,19039.0,Clarke,Iowa,US,"Clarke, Iowa, US",1005,2021-05-29,10697.179350718468,24,9395,255.45502927088876
84019041,USA,19041.0,Clay,Iowa,US,"Clay, Iowa, US",2160,2021-05-29,13486.513486513488,27,16016,168.58141858141857
84019043,USA,19043.0,Clayton,Iowa,US,"Clayton, Iowa, US",1706,2021-05-29,9721.351643968317,56,17549,319.10650179497406
84019045,USA,19045.0,Clinton,Iowa,US,"Clinton, Iowa, US",5597,2021-05-29,12054.965646470955,93,46429,200.30584333067696
84019047,USA,19047.0,Crawford,Iowa,US,"Crawford, Iowa, US",2678,2021-05-29,15921.52199762188,40,16820,237.81212841854932
84019049,USA,19049.0,Dallas,Iowa,US,"Dallas, Iowa, US",11243,2021-05-29,12030.64642119568,99,93453,105.93560399345125
84019051,USA,19051.0,Davis,Iowa,US,"Davis, Iowa, US",848,2021-05-29,9422.222222222223,24,9000,266.6666666666667
84019053,USA,19053.0,Decatur,Iowa,US,"Decatur, Iowa, US",611,2021-05-29,7763.6594663278265,9,7870,114.35832274459975
84019055,USA,19055.0,Delaware,Iowa,US,"Delaware, Iowa, US",2108,2021-05-29,12391.981658926576,41,17011,241.02051613661746
84019057,USA,19057.0,Des Moines,Iowa,US,"Des Moines, Iowa, US",4644,2021-05-29,11917.776580183232,67,38967,171.94035979161856
84019059,USA,19059.0,Dickinson,Iowa,US,"Dickinson, Iowa, US",2491,2021-05-29,14433.885734152276,44,17258,254.95422412794068
84019061,USA,19061.0,Dubuque,Iowa,US,"Dubuque, Iowa, US",13445,2021-05-29,13816.526394754961,209,97311,214.77530803300755
84019063,USA,19063.0,Emmet,Iowa,US,"Emmet, Iowa, US",1351,2021-05-29,14672.02432667246,40,9208,434.4048653344918
84019065,USA,19065.0,Fayette,Iowa,US,"Fayette, Iowa, US",1854,2021-05-29,9435.114503816794,42,19650,213.7404580152672
84019067,USA,19067.0,Floyd,Iowa,US,"Floyd, Iowa, US",1622,2021-05-29,10369.517964454673,42,15642,268.5078634445723
84019069,USA,19069.0,Franklin,Iowa,US,"Franklin, Iowa, US",1225,2021-05-29,12164.846077457796,21,10070,208.54021847070504
84019071,USA,19071.0,Fremont,Iowa,US,"Fremont, Iowa, US",626,2021-05-29,8994.252873563219,9,6960,129.3103448275862
84019073,USA,19073.0,Greene,Iowa,US,"Greene, Iowa, US",780,2021-05-29,8775.877587758776,10,8888,112.51125112511251
84019075,USA,19075.0,Grundy,Iowa,US,"Grundy, Iowa, US",1366,2021-05-29,11167.429692609549,33,12232,269.7841726618705
84019077,USA,19077.0,Guthrie,Iowa,US,"Guthrie, Iowa, US",1224,2021-05-29,11451.024417625596,32,10689,299.37318738890446
84019079,USA,19079.0,Hamilton,Iowa,US,"Hamilton, Iowa, US",1809,2021-05-29,12245.312394232722,50,14773,338.45529005618357
84019081,USA,19081.0,Hancock,Iowa,US,"Hancock, Iowa, US",1496,2021-05-29,14073.37723424271,34,10630,319.8494825964252
84019083,USA,19083.0,Hardin,Iowa,US,"Hardin, Iowa, US",1866,2021-05-29,11076.813486881158,44,16846,261.18959990502196
84019085,USA,19085.0,Harrison,Iowa,US,"Harrison, Iowa, US",1797,2021-05-29,12790.945974802478,73,14049,519.6099366502954
84019087,USA,19087.0,Henry,Iowa,US,"Henry, Iowa, US",2934,2021-05-29,14703.818783201365,37,19954,185.426480906084
84019089,USA,19089.0,Howard,Iowa,US,"Howard, Iowa, US",1047,2021-05-29,11432.62721118148,22,9158,240.22712382616294
84019091,USA,19091.0,Humboldt,Iowa,US,"Humboldt, Iowa, US",1194,2021-05-29,12492.153170119273,26,9558,272.02343586524375
84019093,USA,19093.0,Ida,Iowa,US,"Ida, Iowa, US",912,2021-05-29,13294.460641399417,35,6860,510.204081632653
84019095,USA,19095.0,Iowa,Iowa,US,"Iowa, Iowa, US",1496,2021-05-29,9243.697478991597,24,16184,148.29461196243204
84019097,USA,19097.0,Jackson,Iowa,US,"Jackson, Iowa, US",2244,2021-05-29,11543.803693605638,42,19439,216.06049693914295
84019099,USA,19099.0,Jasper,Iowa,US,"Jasper, Iowa, US",4204,2021-05-29,11305.633992201158,72,37185,193.6264622831787
84019101,USA,19101.0,Jefferson,Iowa,US,"Jefferson, Iowa, US",1332,2021-05-29,7280.677780814431,35,18295,191.30910084722603
84019103,USA,19103.0,Johnson,Iowa,US,"Johnson, Iowa, US",14566,2021-05-29,9637.422257509594,85,151140,56.239248378986375
84019105,USA,19105.0,Jones,Iowa,US,"Jones, Iowa, US",3006,2021-05-29,14535.080508679466,57,20681,275.6152990667763
84019107,USA,19107.0,Keokuk,Iowa,US,"Keokuk, Iowa, US",963,2021-05-29,9398.789771618192,31,10246,302.5570954518837
84019109,USA,19109.0,Kossuth,Iowa,US,"Kossuth, Iowa, US",2159,2021-05-29,14575.035441841625,65,14813,438.8037534597988
84019111,USA,19111.0,Lee,Iowa,US,"Lee, Iowa, US",3791,2021-05-29,11263.630151231542,55,33657,163.41325727188993
84019113,USA,19113.0,Linn,Iowa,US,"Linn, Iowa, US",21045,2021-05-29,9282.94795903064,338,226706,149.0917752507653
84019115,USA,19115.0,Louisa,Iowa,US,"Louisa, Iowa, US",1293,2021-05-29,11717.263253285002,49,11035,444.04168554599
84019117,USA,19117.0,Lucas,Iowa,US,"Lucas, Iowa, US",779,2021-05-29,9058.13953488372,23,8600,267.4418604651163
84019119,USA,19119.0,Lyon,Iowa,US,"Lyon, Iowa, US",1586,2021-05-29,13492.131008081667,41,11755,348.7877498936623
84019121,USA,19121.0,Madison,Iowa,US,"Madison, Iowa, US",1639,2021-05-29,10031.82764108214,19,16338,116.29330395397234
84019123,USA,19123.0,Mahaska,Iowa,US,"Mahaska, Iowa, US",2318,2021-05-29,10491.061326091876,51,22095,230.82145281737948
84019125,USA,19125.0,Marion,Iowa,US,"Marion, Iowa, US",3648,2021-05-29,10970.438757405347,76,33253,228.5508074459447
84019127,USA,19127.0,Marshall,Iowa,US,"Marshall, Iowa, US",4858,2021-05-29,12339.658106632121,76,39369,193.04528944093067
84019129,USA,19129.0,Mills,Iowa,US,"Mills, Iowa, US",1628,2021-05-29,10775.034747501488,23,15109,152.22714938116354
84019131,USA,19131.0,Mitchell,Iowa,US,"Mitchell, Iowa, US",1265,2021-05-29,11949.744946155299,42,10586,396.75042508974116
84019133,USA,19133.0,Monona,Iowa,US,"Monona, Iowa, US",828,2021-05-29,9611.143354614045,31,8615,359.8374927452118
84019135,USA,19135.0,Monroe,Iowa,US,"Monroe, Iowa, US",957,2021-05-29,12417.282989490073,29,7707,376.28130271182044
84019137,USA,19137.0,Montgomery,Iowa,US,"Montgomery, Iowa, US",1035,2021-05-29,10436.623979025915,38,9917,383.1803972975698
84019139,USA,19139.0,Muscatine,Iowa,US,"Muscatine, Iowa, US",4857,2021-05-29,11384.305269079317,104,42664,243.76523532720793
84019141,USA,19141.0,O'Brien,Iowa,US,"O'Brien, Iowa, US",1998,2021-05-29,14527.739402312223,61,13753,443.53959136188473
84019143,USA,19143.0,Osceola,Iowa,US,"Osceola, Iowa, US",789,2021-05-29,13242.698892245719,16,5958,268.5464921114468
84080019,USA,80019.0,Out of IA,Iowa,US,"Out of IA, Iowa, US",0,2021-05-29,,0,0,
84019145,USA,19145.0,Page,Iowa,US,"Page, Iowa, US",1934,2021-05-29,12802.012312173163,22,15107,145.62785463692327
84019147,USA,19147.0,Palo Alto,Iowa,US,"Palo Alto, Iowa, US",1135,2021-05-29,12772.90119288769,23,8886,258.834121089354
84019149,USA,19149.0,Plymouth,Iowa,US,"Plymouth, Iowa, US",4023,2021-05-29,15978.869603209278,80,25177,317.7503276800254
84019151,USA,19151.0,Pocahontas,Iowa,US,"Pocahontas, Iowa, US",858,2021-05-29,12962.683184771113,22,6619,332.37649191720806
84019153,USA,19153.0,Polk,Iowa,US,"Polk, Iowa, US",58000,2021-05-29,11832.846758514039,636,490161,129.753285145085
84019155,USA,19155.0,Pottawattamie,Iowa,US,"Pottawattamie, Iowa, US",11177,2021-05-29,11991.717271420295,171,93206,183.46458382507564
84019157,USA,19157.0,Poweshiek,Iowa,US,"Poweshiek, Iowa, US",1565,2021-05-29,8457.630782533506,35,18504,189.14829226113272
84019159,USA,19159.0,Ringgold,Iowa,US,"Ringgold, Iowa, US",559,2021-05-29,11422.149570903146,24,4894,490.3964037597058
84019161,USA,19161.0,Sac,Iowa,US,"Sac, Iowa, US",1308,2021-05-29,13455.405822446251,19,9721,195.45314268079417
84019163,USA,19163.0,Scott,Iowa,US,"Scott, Iowa, US",20221,2021-05-29,11692.29167991766,244,172943,141.08694772266006
84019165,USA,19165.0,Shelby,Iowa,US,"Shelby, Iowa, US",1312,2021-05-29,11454.513707001921,37,11454,323.0312554566091
84019167,USA,19167.0,Sioux,Iowa,US,"Sioux, Iowa, US",5160,2021-05-29,14804.18878209726,74,34855,212.30813369674362
84019169,USA,19169.0,Story,Iowa,US,"Story, Iowa, US",10689,2021-05-29,11006.311974216665,48,97117,49.42492045676863
84019171,USA,19171.0,Tama,Iowa,US,"Tama, Iowa, US",2109,2021-05-29,12513.349946600214,71,16854,421.26498160674026
84019173,USA,19173.0,Taylor,Iowa,US,"Taylor, Iowa, US",664,2021-05-29,10847.900669825192,12,6121,196.0463976474432
84090019,USA,90019.0,Unassigned,Iowa,US,"Unassigned, Iowa, US",963,2021-05-29,,0,0,
84019175,USA,19175.0,Union,Iowa,US,"Union, Iowa, US",1291,2021-05-29,10546.52397679928,34,12241,277.75508536884246
84019177,USA,19177.0,Van Buren,Iowa,US,"Van Buren, Iowa, US",563,2021-05-29,7992.617830777967,18,7044,255.53662691652468
84019179,USA,19179.0,Wapello,Iowa,US,"Wapello, Iowa, US",4326,2021-05-29,12370.957133461065,122,34969,348.8804369584489
84019181,USA,19181.0,Warren,Iowa,US,"Warren, Iowa, US",5810,2021-05-29,11289.006334278942,90,51466,174.87273151206622
84019183,USA,19183.0,Washington,Iowa,US,"Washington, Iowa, US",2555,2021-05-29,11632.142044161166,51,21965,232.18757113589803
84019185,USA,19185.0,Wayne,Iowa,US,"Wayne, Iowa, US",543,2021-05-29,8430.367955286447,23,6441,357.08740878745533
84019187,USA,19187.0,Webster,Iowa,US,"Webster, Iowa, US",5134,2021-05-29,14299.242424242426,94,35904,261.80926916221034
84019189,USA,19189.0,Winnebago,Iowa,US,"Winnebago, Iowa, US",1435,2021-05-29,13859.378018157235,31,10354,299.4011976047904
84019191,USA,19191.0,Winneshiek,Iowa,US,"Winneshiek, Iowa, US",1972,2021-05-29,9864.438997548898,35,19991,175.07878545345406
84019193,USA,19193.0,Woodbury,Iowa,US,"Woodbury, Iowa, US",15198,2021-05-29,14740.027350228405,229,103107,222.09937249653274
84019195,USA,19195.0,Worth,Iowa,US,"Worth, Iowa, US",755,2021-05-29,10228.966264733775,8,7381,108.38639750711286
84019197,USA,19197.0,Wright,Iowa,US,"Wright, Iowa, US",1852,2021-05-29,14742.875338321923,38,12562,302.49960197420796
84020001,USA,20001.0,Allen,Kansas,US,"Allen, Kansas, US",1245,2021-05-29,10065.486296386127,20,12369,161.69455897809038
84020003,USA,20003.0,Anderson,Kansas,US,"Anderson, Kansas, US",842,2021-05-29,10715.194706032069,18,7858,229.06592008144565
84020005,USA,20005.0,Atchison,Kansas,US,"Atchison, Kansas, US",1634,2021-05-29,10166.117090773347,14,16073,87.10259441299073
84020007,USA,20007.0,Barber,Kansas,US,"Barber, Kansas, US",374,2021-05-29,8448.159024169867,6,4427,135.5319629545968
84020009,USA,20009.0,Barton,Kansas,US,"Barton, Kansas, US",2623,2021-05-29,10174.948601574924,49,25779,190.07719461577253
84020011,USA,20011.0,Bourbon,Kansas,US,"Bourbon, Kansas, US",1427,2021-05-29,9818.35695610293,26,14534,178.89087656529517
84020013,USA,20013.0,Brown,Kansas,US,"Brown, Kansas, US",1241,2021-05-29,12975.742367210372,38,9564,397.32329569217904
84020015,USA,20015.0,Butler,Kansas,US,"Butler, Kansas, US",7592,2021-05-29,11346.41538760443,89,66911,133.01250915395076
84020017,USA,20017.0,Chase,Kansas,US,"Chase, Kansas, US",274,2021-05-29,10347.432024169184,3,2648,113.29305135951662
84020019,USA,20019.0,Chautauqua,Kansas,US,"Chautauqua, Kansas, US",267,2021-05-29,8215.384615384615,6,3250,184.6153846153846
84020021,USA,20021.0,Cherokee,Kansas,US,"Cherokee, Kansas, US",2494,2021-05-29,12508.149857064047,53,19939,265.81072270424795
84020023,USA,20023.0,Cheyenne,Kansas,US,"Cheyenne, Kansas, US",368,2021-05-29,13850.207000376364,14,2657,526.9100489273617
84020025,USA,20025.0,Clark,Kansas,US,"Clark, Kansas, US",252,2021-05-29,12637.913741223672,7,1994,351.0531594784353
84020027,USA,20027.0,Clay,Kansas,US,"Clay, Kansas, US",803,2021-05-29,10034.991252186954,29,8002,362.4093976505874
84020029,USA,20029.0,Cloud,Kansas,US,"Cloud, Kansas, US",986,2021-05-29,11222.399271568405,23,8786,261.7801047120419
84020031,USA,20031.0,Coffey,Kansas,US,"Coffey, Kansas, US",741,2021-05-29,9059.787260056242,23,8179,281.20797163467415
84020033,USA,20033.0,Comanche,Kansas,US,"Comanche, Kansas, US",169,2021-05-29,9941.176470588236,9,1700,529.4117647058823
84020035,USA,20035.0,Cowley,Kansas,US,"Cowley, Kansas, US",3998,2021-05-29,11452.962071731408,109,34908,312.2493411252435
84020037,USA,20037.0,Crawford,Kansas,US,"Crawford, Kansas, US",4752,2021-05-29,12241.743521046938,77,38818,198.36158483177908
84020039,USA,20039.0,Decatur,Kansas,US,"Decatur, Kansas, US",268,2021-05-29,9480.01414927485,12,2827,424.47824548991866
84020041,USA,20041.0,Dickinson,Kansas,US,"Dickinson, Kansas, US",1778,2021-05-29,9628.506444275967,45,18466,243.6911079822376
84020043,USA,20043.0,Doniphan,Kansas,US,"Doniphan, Kansas, US",1015,2021-05-29,13355.263157894737,23,7600,302.63157894736844
84020045,USA,20045.0,Douglas,Kansas,US,"Douglas, Kansas, US",9342,2021-05-29,7641.155252374058,84,122259,68.70659828724266
84020047,USA,20047.0,Edwards,Kansas,US,"Edwards, Kansas, US",267,2021-05-29,9542.53037884203,12,2798,428.87776983559684
84020049,USA,20049.0,Elk,Kansas,US,"Elk, Kansas, US",180,2021-05-29,7114.624505928854,5,2530,197.6284584980237
84020051,USA,20051.0,Ellis,Kansas,US,"Ellis, Kansas, US",3752,2021-05-29,13140.475606766364,72,28553,252.16264490596436
84020053,USA,20053.0,Ellsworth,Kansas,US,"Ellsworth, Kansas, US",1220,2021-05-29,19993.444772205836,26,6102,426.08980662078005
84020055,USA,20055.0,Finney,Kansas,US,"Finney, Kansas, US",6094,2021-05-29,16710.998985384045,73,36467,200.18098554857818
84020057,USA,20057.0,Ford,Kansas,US,"Ford, Kansas, US",5768,2021-05-29,17156.96481156489,76,33619,226.06264314821976
84020059,USA,20059.0,Franklin,Kansas,US,"Franklin, Kansas, US",2578,2021-05-29,10092.389602254932,42,25544,164.42217350454118
84020061,USA,20061.0,Geary,Kansas,US,"Geary, Kansas, US",3449,2021-05-29,10890.432586043575,40,31670,126.30249447426586
84020063,USA,20063.0,Gove,Kansas,US,"Gove, Kansas, US",386,2021-05-29,14643.39908952959,19,2636,720.7890743550835
84020065,USA,20065.0,Graham,Kansas,US,"Graham, Kansas, US",265,2021-05-29,10676.873489121675,9,2482,362.61079774375503
84020067,USA,20067.0,Grant,Kansas,US,"Grant, Kansas, US",946,2021-05-29,13230.769230769232,18,7150,251.74825174825176
84020069,USA,20069.0,Gray,Kansas,US,"Gray, Kansas, US",566,2021-05-29,9452.237808951237,14,5988,233.8009352037408
84020071,USA,20071.0,Greeley,Kansas,US,"Greeley, Kansas, US",104,2021-05-29,8441.558441558442,1,1232,81.16883116883118
84020073,USA,20073.0,Greenwood,Kansas,US,"Greenwood, Kansas, US",567,2021-05-29,9478.435305917752,11,5982,183.88498829822802
84020075,USA,20075.0,Hamilton,Kansas,US,"Hamilton, Kansas, US",210,2021-05-29,8270.972823946437,1,2539,39.38558487593541
84020077,USA,20077.0,Harper,Kansas,US,"Harper, Kansas, US",617,2021-05-29,11350.257542310523,18,5436,331.12582781456956
84020079,USA,20079.0,Harvey,Kansas,US,"Harvey, Kansas, US",3678,2021-05-29,10682.85457027506,70,34429,203.31697115803536
84020081,USA,20081.0,Haskell,Kansas,US,"Haskell, Kansas, US",419,2021-05-29,10559.475806451612,9,3968,226.81451612903228
84020083,USA,20083.0,Hodgeman,Kansas,US,"Hodgeman, Kansas, US",213,2021-05-29,11872.909698996657,8,1794,445.9308807134894
84020085,USA,20085.0,Jackson,Kansas,US,"Jackson, Kansas, US",1411,2021-05-29,10712.92992179789,16,13171,121.47900690911851
84020087,USA,20087.0,Jefferson,Kansas,US,"Jefferson, Kansas, US",1742,2021-05-29,9147.71832169301,35,19043,183.79457018326946
84020089,USA,20089.0,Jewell,Kansas,US,"Jewell, Kansas, US",213,2021-05-29,7398.402222994096,6,2879,208.40569642236886
84020091,USA,20091.0,Johnson,Kansas,US,"Johnson, Kansas, US",59144,2021-05-29,9818.0447907623,763,602401,126.65981630176576
84020093,USA,20093.0,Kearny,Kansas,US,"Kearny, Kansas, US",573,2021-05-29,14929.650859822825,10,3838,260.55237102657634
84020095,USA,20095.0,Kingman,Kansas,US,"Kingman, Kansas, US",772,2021-05-29,10794.183445190158,15,7152,209.73154362416108
84020097,USA,20097.0,Kiowa,Kansas,US,"Kiowa, Kansas, US",238,2021-05-29,9616.161616161615,4,2475,161.6161616161616
84020099,USA,20099.0,Labette,Kansas,US,"Labette, Kansas, US",2751,2021-05-29,14022.836170863493,50,19618,254.86797838719542
84020101,USA,20101.0,Lane,Kansas,US,"Lane, Kansas, US",128,2021-05-29,8338.762214983713,7,1535,456.0260586319218
84020103,USA,20103.0,Leavenworth,Kansas,US,"Leavenworth, Kansas, US",7255,2021-05-29,8873.749357861005,92,81758,112.5272144621933
84020105,USA,20105.0,Lincoln,Kansas,US,"Lincoln, Kansas, US",265,2021-05-29,8946.657663740716,5,2962,168.8048615800135
84020107,USA,20107.0,Linn,Kansas,US,"Linn, Kansas, US",822,2021-05-29,8471.606719571266,8,9703,82.44872719777389
84020109,USA,20109.0,Logan,Kansas,US,"Logan, Kansas, US",289,2021-05-29,10343.593414459556,6,2794,214.74588403722262
84020111,USA,20111.0,Lyon,Kansas,US,"Lyon, Kansas, US",4299,2021-05-29,12950.745594215996,86,33195,259.0751619219762
84020115,USA,20115.0,Marion,Kansas,US,"Marion, Kansas, US",1113,2021-05-29,9365.53349040727,24,11884,201.95220464490072
84020117,USA,20117.0,Marshall,Kansas,US,"Marshall, Kansas, US",1124,2021-05-29,11579.272689811476,25,9707,257.5461007520346
84020113,USA,20113.0,McPherson,Kansas,US,"McPherson, Kansas, US",3297,2021-05-29,11551.397939878074,83,28542,290.7995235092145
84020119,USA,20119.0,Meade,Kansas,US,"Meade, Kansas, US",517,2021-05-29,12819.241259608232,12,4033,297.54525167369206
84020121,USA,20121.0,Miami,Kansas,US,"Miami, Kansas, US",2773,2021-05-29,8099.424599117913,42,34237,122.67429973420569
84020123,USA,20123.0,Mitchell,Kansas,US,"Mitchell, Kansas, US",564,2021-05-29,9433.015554440542,18,5979,301.0536879076769
84020125,USA,20125.0,Montgomery,Kansas,US,"Montgomery, Kansas, US",3472,2021-05-29,10908.291180998462,82,31829,257.62669263878854
84020127,USA,20127.0,Morris,Kansas,US,"Morris, Kansas, US",590,2021-05-29,10498.220640569394,23,5620,409.2526690391459
84020129,USA,20129.0,Morton,Kansas,US,"Morton, Kansas, US",267,2021-05-29,10320.834943950522,8,2587,309.23850019327404
84020131,USA,20131.0,Nemaha,Kansas,US,"Nemaha, Kansas, US",1516,2021-05-29,14817.710878701984,55,10231,537.5818590558108
84020133,USA,20133.0,Neosho,Kansas,US,"Neosho, Kansas, US",1805,2021-05-29,11276.316611482476,35,16007,218.654338726807
84020135,USA,20135.0,Ness,Kansas,US,"Ness, Kansas, US",372,2021-05-29,13527.272727272726,16,2750,581.8181818181818
84020137,USA,20137.0,Norton,Kansas,US,"Norton, Kansas, US",1206,2021-05-29,22495.803021824286,27,5361,503.63738108561836
84020139,USA,20139.0,Osage,Kansas,US,"Osage, Kansas, US",1258,2021-05-29,7887.641858423726,26,15949,163.01962505486236
84020141,USA,20141.0,Osborne,Kansas,US,"Osborne, Kansas, US",290,2021-05-29,8477.053493130663,12,3421,350.7746273019585
84020143,USA,20143.0,Ottawa,Kansas,US,"Ottawa, Kansas, US",552,2021-05-29,9677.41935483871,13,5704,227.9102384291725
84080020,USA,80020.0,Out of KS,Kansas,US,"Out of KS, Kansas, US",0,2021-05-29,,0,0,
84020145,USA,20145.0,Pawnee,Kansas,US,"Pawnee, Kansas, US",1172,2021-05-29,18272.528843155596,13,6414,202.68163392578734
84020147,USA,20147.0,Phillips,Kansas,US,"Phillips, Kansas, US",714,2021-05-29,13641.574321742453,24,5234,458.54031333588074
84020149,USA,20149.0,Pottawatomie,Kansas,US,"Pottawatomie, Kansas, US",1919,2021-05-29,7870.237460525776,31,24383,127.13775991469467
84020151,USA,20151.0,Pratt,Kansas,US,"Pratt, Kansas, US",815,2021-05-29,8893.496289829769,25,9164,272.8066346573549
84020153,USA,20153.0,Rawlins,Kansas,US,"Rawlins, Kansas, US",324,2021-05-29,12806.324110671938,7,2530,276.6798418972332
84020155,USA,20155.0,Reno,Kansas,US,"Reno, Kansas, US",8552,2021-05-29,13793.993354624343,139,61998,224.20078067034422
84020157,USA,20157.0,Republic,Kansas,US,"Republic, Kansas, US",669,2021-05-29,14430.543572044866,13,4636,280.4141501294219
84020159,USA,20159.0,Rice,Kansas,US,"Rice, Kansas, US",1078,2021-05-29,11303.344867358708,12,9537,125.82573136206354
84020161,USA,20161.0,Riley,Kansas,US,"Riley, Kansas, US",6552,2021-05-29,8826.382153249273,43,74232,57.926500700506516
84020163,USA,20163.0,Rooks,Kansas,US,"Rooks, Kansas, US",656,2021-05-29,13333.333333333334,11,4920,223.57723577235774
84020165,USA,20165.0,Rush,Kansas,US,"Rush, Kansas, US",433,2021-05-29,14262.187088274044,14,3036,461.133069828722
84020167,USA,20167.0,Russell,Kansas,US,"Russell, Kansas, US",859,2021-05-29,12529.171528588098,28,6856,408.4014002333722
84020169,USA,20169.0,Saline,Kansas,US,"Saline, Kansas, US",6293,2021-05-29,11605.562112717616,142,54224,261.8766597816465
84020171,USA,20171.0,Scott,Kansas,US,"Scott, Kansas, US",600,2021-05-29,12440.389798880366,24,4823,497.6155919552146
84020173,USA,20173.0,Sedgwick,Kansas,US,"Sedgwick, Kansas, US",57272,2021-05-29,11098.321454455257,767,516042,148.63131295514705
84020175,USA,20175.0,Seward,Kansas,US,"Seward, Kansas, US",3873,2021-05-29,18074.481986186296,41,21428,191.33843569161846
84020177,USA,20177.0,Shawnee,Kansas,US,"Shawnee, Kansas, US",17569,2021-05-29,9933.003533568904,363,176875,205.22968197879857
84020179,USA,20179.0,Sheridan,Kansas,US,"Sheridan, Kansas, US",436,2021-05-29,17294.72431574772,14,2521,555.3351844506147
84020181,USA,20181.0,Sherman,Kansas,US,"Sherman, Kansas, US",653,2021-05-29,11035.997971945242,12,5917,202.8054757478452
84020183,USA,20183.0,Smith,Kansas,US,"Smith, Kansas, US",271,2021-05-29,7563.494278537539,3,3583,83.72871895060005
84020185,USA,20185.0,Stafford,Kansas,US,"Stafford, Kansas, US",344,2021-05-29,8277.189605389798,9,4156,216.5543792107796
84020187,USA,20187.0,Stanton,Kansas,US,"Stanton, Kansas, US",185,2021-05-29,9222.333000997009,6,2006,299.1026919242273
84020189,USA,20189.0,Stevens,Kansas,US,"Stevens, Kansas, US",559,2021-05-29,10191.431175934367,10,5485,182.31540565177758
84020191,USA,20191.0,Sumner,Kansas,US,"Sumner, Kansas, US",2188,2021-05-29,9581.362760553511,52,22836,227.7106323349098
84020193,USA,20193.0,Thomas,Kansas,US,"Thomas, Kansas, US",1099,2021-05-29,14131.413141314131,20,7777,257.16857400025714
84020195,USA,20195.0,Trego,Kansas,US,"Trego, Kansas, US",407,2021-05-29,14520.156974669995,8,2803,285.40849090260434
84090020,USA,90020.0,Unassigned,Kansas,US,"Unassigned, Kansas, US",0,2021-05-29,,0,0,
84020197,USA,20197.0,Wabaunsee,Kansas,US,"Wabaunsee, Kansas, US",685,2021-05-29,9883.133746934063,13,6931,187.56312220458807
84020199,USA,20199.0,Wallace,Kansas,US,"Wallace, Kansas, US",179,2021-05-29,11791.831357048748,4,1518,263.5046113306983
84020201,USA,20201.0,Washington,Kansas,US,"Washington, Kansas, US",536,2021-05-29,9914.909359970403,14,5406,258.9715131335553
84020203,USA,20203.0,Wichita,Kansas,US,"Wichita, Kansas, US",217,2021-05-29,10240.67956583294,6,2119,283.1524303916942
84020205,USA,20205.0,Wilson,Kansas,US,"Wilson, Kansas, US",1018,2021-05-29,11941.348973607039,16,8525,187.683284457478
84020207,USA,20207.0,Woodson,Kansas,US,"Woodson, Kansas, US",219,2021-05-29,6978.967495219886,5,3138,159.33715742511154
84020209,USA,20209.0,Wyandotte,Kansas,US,"Wyandotte, Kansas, US",20603,2021-05-29,12454.285524303477,283,165429,171.07036855690356
84021001,USA,21001.0,Adair,Kentucky,US,"Adair, Kentucky, US",1948,2021-05-29,10144.776585772315,54,19202,281.22070617644
84021003,USA,21003.0,Allen,Kentucky,US,"Allen, Kentucky, US",2097,2021-05-29,9838.14215341309,42,21315,197.04433497536945
84021005,USA,21005.0,Anderson,Kentucky,US,"Anderson, Kentucky, US",1758,2021-05-29,7728.491669231108,23,22747,101.11223458038423
84021007,USA,21007.0,Ballard,Kentucky,US,"Ballard, Kentucky, US",409,2021-05-29,5185.091277890466,9,7888,114.0973630831643
84021009,USA,21009.0,Barren,Kentucky,US,"Barren, Kentucky, US",4474,2021-05-29,10110.962959614906,93,44249,210.1742412257904
84021011,USA,21011.0,Bath,Kentucky,US,"Bath, Kentucky, US",1036,2021-05-29,8288.0,22,12500,176.0
84021013,USA,21013.0,Bell,Kentucky,US,"Bell, Kentucky, US",3136,2021-05-29,12046.711739397664,56,26032,215.11985248924404
84021015,USA,21015.0,Boone,Kentucky,US,"Boone, Kentucky, US",14234,2021-05-29,10655.707024202544,127,133581,95.07340115735022
84021017,USA,21017.0,Bourbon,Kentucky,US,"Bourbon, Kentucky, US",1729,2021-05-29,8737.618758843742,19,19788,96.01778855872246
84021019,USA,21019.0,Boyd,Kentucky,US,"Boyd, Kentucky, US",5063,2021-05-29,10837.364613211183,75,46718,160.53769425061003
84021021,USA,21021.0,Boyle,Kentucky,US,"Boyle, Kentucky, US",3456,2021-05-29,11497.005988023951,73,30060,242.8476380572189
84021023,USA,21023.0,Bracken,Kentucky,US,"Bracken, Kentucky, US",652,2021-05-29,7852.583403589064,7,8303,84.30687703239794
84021025,USA,21025.0,Breathitt,Kentucky,US,"Breathitt, Kentucky, US",1032,2021-05-29,8171.021377672209,9,12630,71.25890736342043
84021027,USA,21027.0,Breckinridge,Kentucky,US,"Breckinridge, Kentucky, US",1295,2021-05-29,6324.168579381745,16,20477,78.13644576842312
84021029,USA,21029.0,Bullitt,Kentucky,US,"Bullitt, Kentucky, US",7336,2021-05-29,8981.83064792595,76,81676,93.05059013663744
84021031,USA,21031.0,Butler,Kentucky,US,"Butler, Kentucky, US",1470,2021-05-29,11413.929652923363,25,12879,194.11444987964904
84021033,USA,21033.0,Caldwell,Kentucky,US,"Caldwell, Kentucky, US",1464,2021-05-29,11485.05530713109,32,12747,251.03946026516044
84021035,USA,21035.0,Calloway,Kentucky,US,"Calloway, Kentucky, US",3544,2021-05-29,9086.946488551575,51,39001,130.7658777980052
84021037,USA,21037.0,Campbell,Kentucky,US,"Campbell, Kentucky, US",8650,2021-05-29,9243.03299709352,71,93584,75.86766968712601
84021039,USA,21039.0,Carlisle,Kentucky,US,"Carlisle, Kentucky, US",482,2021-05-29,10126.050420168067,9,4760,189.07563025210084
84021041,USA,21041.0,Carroll,Kentucky,US,"Carroll, Kentucky, US",1025,2021-05-29,9641.614147305052,19,10631,178.7226037061424
84021043,USA,21043.0,Carter,Kentucky,US,"Carter, Kentucky, US",2310,2021-05-29,8620.367951636377,35,26797,130.6116356308542
84021045,USA,21045.0,Casey,Kentucky,US,"Casey, Kentucky, US",1485,2021-05-29,9189.925119128658,34,16159,210.40905996658208
84021047,USA,21047.0,Christian,Kentucky,US,"Christian, Kentucky, US",6982,2021-05-29,9909.027689076225,104,70461,147.59938121797876
84021049,USA,21049.0,Clark,Kentucky,US,"Clark, Kentucky, US",2972,2021-05-29,8195.681548685989,31,36263,85.48658412155642
84021051,USA,21051.0,Clay,Kentucky,US,"Clay, Kentucky, US",2684,2021-05-29,13486.759459323652,45,19901,226.11929048791515
84021053,USA,21053.0,Clinton,Kentucky,US,"Clinton, Kentucky, US",1450,2021-05-29,14190.64396163633,31,10218,303.38618124877667
84021055,USA,21055.0,Crittenden,Kentucky,US,"Crittenden, Kentucky, US",674,2021-05-29,7653.872359754712,23,8806,261.18555530320236
84021057,USA,21057.0,Cumberland,Kentucky,US,"Cumberland, Kentucky, US",703,2021-05-29,10628.968853946175,10,6614,151.19443604475356
84021059,USA,21059.0,Daviess,Kentucky,US,"Daviess, Kentucky, US",10911,2021-05-29,10748.58882288619,189,101511,186.1867186807341
84021061,USA,21061.0,Edmonson,Kentucky,US,"Edmonson, Kentucky, US",918,2021-05-29,7555.555555555556,24,12150,197.53086419753086
84021063,USA,21063.0,Elliott,Kentucky,US,"Elliott, Kentucky, US",966,2021-05-29,12850.871358254622,2,7517,26.60635891978183
84021065,USA,21065.0,Estill,Kentucky,US,"Estill, Kentucky, US",1138,2021-05-29,8067.489011768042,11,14106,77.98100099248546
84021067,USA,21067.0,Fayette,Kentucky,US,"Fayette, Kentucky, US",36164,2021-05-29,11191.01846808932,308,323152,95.3111848294301
84021069,USA,21069.0,Fleming,Kentucky,US,"Fleming, Kentucky, US",1212,2021-05-29,8312.18709279199,24,14581,164.59776421370276
84021071,USA,21071.0,Floyd,Kentucky,US,"Floyd, Kentucky, US",3460,2021-05-29,9722.105144848127,69,35589,193.88013150130658
84021073,USA,21073.0,Franklin,Kentucky,US,"Franklin, Kentucky, US",4106,2021-05-29,8052.401404169363,48,50991,94.13425898688004
84021075,USA,21075.0,Fulton,Kentucky,US,"Fulton, Kentucky, US",534,2021-05-29,8946.222147763445,14,5969,234.54514994136372
84021077,USA,21077.0,Gallatin,Kentucky,US,"Gallatin, Kentucky, US",719,2021-05-29,8106.889164505582,30,8869,338.2568497012065
84021079,USA,21079.0,Garrard,Kentucky,US,"Garrard, Kentucky, US",1549,2021-05-29,8768.255405864373,36,17666,203.78127476508547
84021081,USA,21081.0,Grant,Kentucky,US,"Grant, Kentucky, US",2430,2021-05-29,9693.2466392756,19,25069,75.79081734413019
84021083,USA,21083.0,Graves,Kentucky,US,"Graves, Kentucky, US",4256,2021-05-29,11420.597864004721,93,37266,249.55723715987762
84021085,USA,21085.0,Grayson,Kentucky,US,"Grayson, Kentucky, US",2220,2021-05-29,8400.499489158816,55,26427,208.1204828395202
84021087,USA,21087.0,Green,Kentucky,US,"Green, Kentucky, US",1230,2021-05-29,11242.116808335619,16,10941,146.23891783200804
84021089,USA,21089.0,Greenup,Kentucky,US,"Greenup, Kentucky, US",3654,2021-05-29,10410.849621061028,60,35098,170.94991167587898
84021091,USA,21091.0,Hancock,Kentucky,US,"Hancock, Kentucky, US",895,2021-05-29,10261.407933960101,15,8722,171.978903921119
84021093,USA,21093.0,Hardin,Kentucky,US,"Hardin, Kentucky, US",9838,2021-05-29,8866.417923899133,160,110958,144.1987058166153
84021095,USA,21095.0,Harlan,Kentucky,US,"Harlan, Kentucky, US",2896,2021-05-29,11134.179161860822,84,26010,322.9527104959631
84021097,USA,21097.0,Harrison,Kentucky,US,"Harrison, Kentucky, US",1724,2021-05-29,9128.45494016732,24,18886,127.07825902785132
84021099,USA,21099.0,Hart,Kentucky,US,"Hart, Kentucky, US",2005,2021-05-29,10533.228263724717,49,19035,257.4205411084844
84021101,USA,21101.0,Henderson,Kentucky,US,"Henderson, Kentucky, US",4920,2021-05-29,10882.54810882548,76,45210,168.104401681044
84021103,USA,21103.0,Henry,Kentucky,US,"Henry, Kentucky, US",1380,2021-05-29,8557.608830460127,18,16126,111.62098474513209
84021105,USA,21105.0,Hickman,Kentucky,US,"Hickman, Kentucky, US",393,2021-05-29,8972.602739726028,11,4380,251.1415525114155
84021107,USA,21107.0,Hopkins,Kentucky,US,"Hopkins, Kentucky, US",4554,2021-05-29,10191.111310029988,146,44686,326.72425368124243
84021109,USA,21109.0,Jackson,Kentucky,US,"Jackson, Kentucky, US",1322,2021-05-29,9918.22342261235,32,13329,240.0780253582414
84021111,USA,21111.0,Jefferson,Kentucky,US,"Jefferson, Kentucky, US",82134,2021-05-29,10711.86829725715,1211,766757,157.9379125329146
84021113,USA,21113.0,Jessamine,Kentucky,US,"Jessamine, Kentucky, US",4745,2021-05-29,8768.363669962118,65,54115,120.11457082139889
84021115,USA,21115.0,Johnson,Kentucky,US,"Johnson, Kentucky, US",2060,2021-05-29,9284.297818640707,35,22188,157.7429241031188
84021117,USA,21117.0,Kenton,Kentucky,US,"Kenton, Kentucky, US",16689,2021-05-29,9993.532856680918,179,166998,107.18691241811278
84021119,USA,21119.0,Knott,Kentucky,US,"Knott, Kentucky, US",1149,2021-05-29,7760.367418614075,23,14806,155.34242874510332
84021121,USA,21121.0,Knox,Kentucky,US,"Knox, Kentucky, US",3342,2021-05-29,10730.454326537165,38,31145,122.0099534435704
84021123,USA,21123.0,Larue,Kentucky,US,"Larue, Kentucky, US",1348,2021-05-29,9362.411446034172,26,14398,180.58063619947214
84021125,USA,21125.0,Laurel,Kentucky,US,"Laurel, Kentucky, US",6819,2021-05-29,11213.062996398798,74,60813,121.68450824659202
84021127,USA,21127.0,Lawrence,Kentucky,US,"Lawrence, Kentucky, US",1471,2021-05-29,9603.708297969577,25,15317,163.21734021022394
84021129,USA,21129.0,Lee,Kentucky,US,"Lee, Kentucky, US",1289,2021-05-29,17411.860056733756,26,7403,351.2089693367554
84021131,USA,21131.0,Leslie,Kentucky,US,"Leslie, Kentucky, US",931,2021-05-29,9425.939050318922,8,9877,80.99625392325605
84021133,USA,21133.0,Letcher,Kentucky,US,"Letcher, Kentucky, US",1934,2021-05-29,8973.228784855937,45,21553,208.7876397717255
84021135,USA,21135.0,Lewis,Kentucky,US,"Lewis, Kentucky, US",1353,2021-05-29,10192.090395480225,39,13275,293.7853107344633
84021137,USA,21137.0,Lincoln,Kentucky,US,"Lincoln, Kentucky, US",2364,2021-05-29,9629.720151533667,53,24549,215.89474112998494
84021139,USA,21139.0,Livingston,Kentucky,US,"Livingston, Kentucky, US",864,2021-05-29,9397.433108549054,21,9194,228.40983249945617
84021141,USA,21141.0,Logan,Kentucky,US,"Logan, Kentucky, US",2880,2021-05-29,10626.52202789462,67,27102,247.2142277322707
84021143,USA,21143.0,Lyon,Kentucky,US,"Lyon, Kentucky, US",1545,2021-05-29,18818.51400730816,20,8210,243.60535931790497
84021151,USA,21151.0,Madison,Kentucky,US,"Madison, Kentucky, US",9434,2021-05-29,10145.504210265952,111,92987,119.37152505188898
84021153,USA,21153.0,Magoffin,Kentucky,US,"Magoffin, Kentucky, US",1010,2021-05-29,8305.238056080914,16,12161,131.5681276210838
84021155,USA,21155.0,Marion,Kentucky,US,"Marion, Kentucky, US",2350,2021-05-29,12193.223680796971,38,19273,197.16702122139782
84021157,USA,21157.0,Marshall,Kentucky,US,"Marshall, Kentucky, US",2860,2021-05-29,9196.141479099679,57,31100,183.2797427652733
84021159,USA,21159.0,Martin,Kentucky,US,"Martin, Kentucky, US",1041,2021-05-29,9298.794104510942,20,11195,178.6511835640911
84021161,USA,21161.0,Mason,Kentucky,US,"Mason, Kentucky, US",1722,2021-05-29,10087.873462214411,36,17070,210.896309314587
84021145,USA,21145.0,McCracken,Kentucky,US,"McCracken, Kentucky, US",6834,2021-05-29,10446.666055214162,128,65418,195.66480173652513
84021147,USA,21147.0,McCreary,Kentucky,US,"McCreary, Kentucky, US",2023,2021-05-29,11740.467761592477,33,17231,191.51529220590794
84021149,USA,21149.0,McLean,Kentucky,US,"McLean, Kentucky, US",895,2021-05-29,9720.864559574236,27,9207,293.2551319648094
84021163,USA,21163.0,Meade,Kentucky,US,"Meade, Kentucky, US",2060,2021-05-29,7209.8558028839425,25,28572,87.4982500349993
84021165,USA,21165.0,Menifee,Kentucky,US,"Menifee, Kentucky, US",480,2021-05-29,7397.133610725844,17,6489,261.98181537987364
84021167,USA,21167.0,Mercer,Kentucky,US,"Mercer, Kentucky, US",2599,2021-05-29,11849.724159941641,51,21933,232.52633018738885
84021169,USA,21169.0,Metcalfe,Kentucky,US,"Metcalfe, Kentucky, US",1051,2021-05-29,10435.905073974778,26,10071,258.16701419918576
84021171,USA,21171.0,Monroe,Kentucky,US,"Monroe, Kentucky, US",1340,2021-05-29,12582.159624413145,43,10650,403.7558685446009
84021173,USA,21173.0,Montgomery,Kentucky,US,"Montgomery, Kentucky, US",2802,2021-05-29,9951.34424832191,30,28157,106.54544163085555
84021175,USA,21175.0,Morgan,Kentucky,US,"Morgan, Kentucky, US",2291,2021-05-29,17213.915395596967,3,13309,22.541137576076338
84021177,USA,21177.0,Muhlenberg,Kentucky,US,"Muhlenberg, Kentucky, US",3017,2021-05-29,9852.393703873033,66,30622,215.53131735353668
84021179,USA,21179.0,Nelson,Kentucky,US,"Nelson, Kentucky, US",4968,2021-05-29,10745.571345143078,57,46233,123.28856011939524
84021181,USA,21181.0,Nicholas,Kentucky,US,"Nicholas, Kentucky, US",559,2021-05-29,7690.191223001788,8,7269,110.05640390700233
84021183,USA,21183.0,Ohio,Kentucky,US,"Ohio, Kentucky, US",2493,2021-05-29,10390.097524381095,54,23994,225.0562640660165
84021185,USA,21185.0,Oldham,Kentucky,US,"Oldham, Kentucky, US",7665,2021-05-29,11474.722675489154,83,66799,124.25335708618393
84080021,USA,80021.0,Out of KY,Kentucky,US,"Out of KY, Kentucky, US",0,2021-05-29,,0,0,
84021187,USA,21187.0,Owen,Kentucky,US,"Owen, Kentucky, US",721,2021-05-29,6614.072103476745,13,10901,119.25511420970552
84021189,USA,21189.0,Owsley,Kentucky,US,"Owsley, Kentucky, US",503,2021-05-29,11392.978482446206,16,4415,362.400906002265
84021191,USA,21191.0,Pendleton,Kentucky,US,"Pendleton, Kentucky, US",1037,2021-05-29,7107.6079506511305,5,14590,34.27004797806717
84021193,USA,21193.0,Perry,Kentucky,US,"Perry, Kentucky, US",2693,2021-05-29,10455.004270517897,66,25758,256.2310738411367
84021195,USA,21195.0,Pike,Kentucky,US,"Pike, Kentucky, US",5639,2021-05-29,9743.244177206441,102,57876,176.2388554841385
84021197,USA,21197.0,Powell,Kentucky,US,"Powell, Kentucky, US",1329,2021-05-29,10753.297192329477,13,12359,105.18650376244032
84021199,USA,21199.0,Pulaski,Kentucky,US,"Pulaski, Kentucky, US",6570,2021-05-29,10110.958925191217,104,64979,160.05170901368135
84021201,USA,21201.0,Robertson,Kentucky,US,"Robertson, Kentucky, US",234,2021-05-29,11100.569259962049,14,2108,664.1366223908918
84021203,USA,21203.0,Rockcastle,Kentucky,US,"Rockcastle, Kentucky, US",1608,2021-05-29,9631.62623539982,23,16695,137.76579814315662
84021205,USA,21205.0,Rowan,Kentucky,US,"Rowan, Kentucky, US",2289,2021-05-29,9358.135731807033,20,24460,81.76614881439085
84021207,USA,21207.0,Russell,Kentucky,US,"Russell, Kentucky, US",1889,2021-05-29,10539.530212576019,44,17923,245.4946158567204
84021209,USA,21209.0,Scott,Kentucky,US,"Scott, Kentucky, US",5079,2021-05-29,8909.901059574766,34,57004,59.64493719738965
84021211,USA,21211.0,Shelby,Kentucky,US,"Shelby, Kentucky, US",4797,2021-05-29,9785.003263707571,71,49024,144.82702349869453
84021213,USA,21213.0,Simpson,Kentucky,US,"Simpson, Kentucky, US",2128,2021-05-29,11458.108981262114,39,18572,209.99353866034892
84021215,USA,21215.0,Spencer,Kentucky,US,"Spencer, Kentucky, US",1628,2021-05-29,8413.00191204589,24,19351,124.0245982119787
84021217,USA,21217.0,Taylor,Kentucky,US,"Taylor, Kentucky, US",3201,2021-05-29,12421.902285692111,50,25769,194.03158834258218
84021219,USA,21219.0,Todd,Kentucky,US,"Todd, Kentucky, US",1170,2021-05-29,9516.83748169839,26,12294,211.48527737107534
84021221,USA,21221.0,Trigg,Kentucky,US,"Trigg, Kentucky, US",1336,2021-05-29,9118.831479079927,15,14651,102.38208995972973
84021223,USA,21223.0,Trimble,Kentucky,US,"Trimble, Kentucky, US",693,2021-05-29,8180.852319678906,7,8471,82.63487191594852
84090021,USA,90021.0,Unassigned,Kentucky,US,"Unassigned, Kentucky, US",9,2021-05-29,,0,0,
84021225,USA,21225.0,Union,Kentucky,US,"Union, Kentucky, US",1418,2021-05-29,9860.232250886585,15,14381,104.30429038314442
84021227,USA,21227.0,Warren,Kentucky,US,"Warren, Kentucky, US",16145,2021-05-29,12148.597399470262,174,132896,130.92944859137972
84021229,USA,21229.0,Washington,Kentucky,US,"Washington, Kentucky, US",1454,2021-05-29,12021.496486151302,37,12095,305.9115336916081
84021231,USA,21231.0,Wayne,Kentucky,US,"Wayne, Kentucky, US",2223,2021-05-29,10932.966114198593,48,20333,236.06944376137312
84021233,USA,21233.0,Webster,Kentucky,US,"Webster, Kentucky, US",1337,2021-05-29,10330.706227785506,20,12942,154.53562046051616
84021235,USA,21235.0,Whitley,Kentucky,US,"Whitley, Kentucky, US",5094,2021-05-29,14046.988749172735,57,36264,157.180675049636
84021237,USA,21237.0,Wolfe,Kentucky,US,"Wolfe, Kentucky, US",535,2021-05-29,7475.1991057705745,6,7157,83.83400866284755
84021239,USA,21239.0,Woodford,Kentucky,US,"Woodford, Kentucky, US",2161,2021-05-29,8083.339567591831,21,26734,78.55165706590859
84022001,USA,22001.0,Acadia,Louisiana,US,"Acadia, Louisiana, US",6639,2021-05-29,10700.298170682569,195,62045,314.28801676202755
84022003,USA,22003.0,Allen,Louisiana,US,"Allen, Louisiana, US",3218,2021-05-29,12557.068716587974,92,25627,358.99637101494517
84022005,USA,22005.0,Ascension,Louisiana,US,"Ascension, Louisiana, US",12571,2021-05-29,9929.386117342263,167,126604,131.90736469621814
84022007,USA,22007.0,Assumption,Louisiana,US,"Assumption, Louisiana, US",2262,2021-05-29,10333.013567219405,36,21891,164.45114430587913
84022009,USA,22009.0,Avoyelles,Louisiana,US,"Avoyelles, Louisiana, US",4283,2021-05-29,10669.091271422878,123,40144,306.39697090474294
84022011,USA,22011.0,Beauregard,Louisiana,US,"Beauregard, Louisiana, US",3253,2021-05-29,8675.360695522308,78,37497,208.01664133130652
84022013,USA,22013.0,Bienville,Louisiana,US,"Bienville, Louisiana, US",1690,2021-05-29,12763.386451174383,82,13241,619.2885733705913
84022015,USA,22015.0,Bossier,Louisiana,US,"Bossier, Louisiana, US",14123,2021-05-29,11117.058541077937,306,127039,240.87091365643622
84022017,USA,22017.0,Caddo,Louisiana,US,"Caddo, Louisiana, US",26618,2021-05-29,11081.41413132171,750,240204,312.23460058949894
84022019,USA,22019.0,Calcasieu,Louisiana,US,"Calcasieu, Louisiana, US",22828,2021-05-29,11221.219449851551,439,203436,215.7926817279144
84022021,USA,22021.0,Caldwell,Louisiana,US,"Caldwell, Louisiana, US",1119,2021-05-29,11282.516636418632,29,9918,292.39766081871346
84022023,USA,22023.0,Cameron,Louisiana,US,"Cameron, Louisiana, US",606,2021-05-29,8690.663989674458,7,6973,100.38720780152016
84022025,USA,22025.0,Catahoula,Louisiana,US,"Catahoula, Louisiana, US",1166,2021-05-29,12281.440910048452,38,9494,400.25279123657043
84022027,USA,22027.0,Claiborne,Louisiana,US,"Claiborne, Louisiana, US",1448,2021-05-29,9240.587109125718,55,15670,350.98915124441606
84022029,USA,22029.0,Concordia,Louisiana,US,"Concordia, Louisiana, US",1888,2021-05-29,9803.208889350433,61,19259,316.7350329715977
84022031,USA,22031.0,De Soto,Louisiana,US,"De Soto, Louisiana, US",2829,2021-05-29,10301.132432727669,78,27463,284.0184976149729
84022033,USA,22033.0,East Baton Rouge,Louisiana,US,"East Baton Rouge, Louisiana, US",40325,2021-05-29,9163.543979330043,823,440059,187.02037681310915
84022035,USA,22035.0,East Carroll,Louisiana,US,"East Carroll, Louisiana, US",1132,2021-05-29,16499.052616236702,27,6861,393.5286401399213
84022037,USA,22037.0,East Feliciana,Louisiana,US,"East Feliciana, Louisiana, US",3208,2021-05-29,16765.09014894173,112,19135,585.3148680428534
84022039,USA,22039.0,Evangeline,Louisiana,US,"Evangeline, Louisiana, US",3649,2021-05-29,10926.785446923192,93,33395,278.4848031142387
84022041,USA,22041.0,Franklin,Louisiana,US,"Franklin, Louisiana, US",2510,2021-05-29,12540.594554084437,106,20015,529.6027979015738
84022043,USA,22043.0,Grant,Louisiana,US,"Grant, Louisiana, US",2211,2021-05-29,9875.38523382018,58,22389,259.05578632364103
84022045,USA,22045.0,Iberia,Louisiana,US,"Iberia, Louisiana, US",7261,2021-05-29,10398.109694973507,156,69830,223.39968494916226
84022047,USA,22047.0,Iberville,Louisiana,US,"Iberville, Louisiana, US",3873,2021-05-29,11912.891021500416,100,32511,307.58820091661283
84022049,USA,22049.0,Jackson,Louisiana,US,"Jackson, Louisiana, US",2012,2021-05-29,12779.471544715449,50,15744,317.5813008130081
84022051,USA,22051.0,Jefferson,Louisiana,US,"Jefferson, Louisiana, US",46761,2021-05-29,10811.966898886225,898,432493,207.63341834434314
84022053,USA,22053.0,Jefferson Davis,Louisiana,US,"Jefferson Davis, Louisiana, US",3201,2021-05-29,10204.667176740626,97,31368,309.2323386891099
84022059,USA,22059.0,LaSalle,Louisiana,US,"LaSalle,Louisiana,US",1600,2021-05-29,10744.023636852002,37,14892,248.4555466022025
84022055,USA,22055.0,Lafayette,Louisiana,US,"Lafayette, Louisiana, US",24024,2021-05-29,9830.189451286878,288,244390,117.84442898645608
84022057,USA,22057.0,Lafourche,Louisiana,US,"Lafourche, Louisiana, US",9808,2021-05-29,10047.739053824247,204,97614,208.98641588296763
84022061,USA,22061.0,Lincoln,Louisiana,US,"Lincoln, Louisiana, US",4581,2021-05-29,9800.60759060374,93,46742,198.96452868940142
84022063,USA,22063.0,Livingston,Louisiana,US,"Livingston, Louisiana, US",13727,2021-05-29,9750.051495500358,208,140789,147.7388148221807
84022065,USA,22065.0,Madison,Louisiana,US,"Madison, Louisiana, US",1569,2021-05-29,14327.45867957264,40,10951,365.26344626061547
84022067,USA,22067.0,Morehouse,Louisiana,US,"Morehouse, Louisiana, US",2854,2021-05-29,11473.828093591703,78,24874,313.58044544504304
84022069,USA,22069.0,Natchitoches,Louisiana,US,"Natchitoches, Louisiana, US",4114,2021-05-29,10781.48749934483,92,38158,241.10278316473608
84022071,USA,22071.0,Orleans,Louisiana,US,"Orleans, Louisiana, US",30558,2021-05-29,7832.4926181102355,793,390144,203.2582841207349
84022073,USA,22073.0,Ouachita,Louisiana,US,"Ouachita, Louisiana, US",18772,2021-05-29,12246.94837518512,454,153279,296.1919114816772
84080022,USA,80022.0,Out of LA,Louisiana,US,"Out of LA, Louisiana, US",0,2021-05-29,,0,0,
84022075,USA,22075.0,Plaquemines,Louisiana,US,"Plaquemines, Louisiana, US",2547,2021-05-29,10979.868086390481,27,23197,116.39436133982842
84022077,USA,22077.0,Pointe Coupee,Louisiana,US,"Pointe Coupee, Louisiana, US",2675,2021-05-29,12310.170271514036,75,21730,345.1449608835711
84022079,USA,22079.0,Rapides,Louisiana,US,"Rapides, Louisiana, US",12504,2021-05-29,9644.576082932248,317,129648,244.50820683697395
84022081,USA,22081.0,Red River,Louisiana,US,"Red River, Louisiana, US",886,2021-05-29,10495.143330964227,38,8442,450.13030087656955
84022083,USA,22083.0,Richland,Louisiana,US,"Richland, Louisiana, US",2470,2021-05-29,12275.121757280589,56,20122,278.30235563065304
84022085,USA,22085.0,Sabine,Louisiana,US,"Sabine, Louisiana, US",2965,2021-05-29,12414.168480991459,62,23884,259.588008708759
84022087,USA,22087.0,St. Bernard,Louisiana,US,"St. Bernard, Louisiana, US",4068,2021-05-29,8610.617221234443,52,47244,110.06688680044027
84022089,USA,22089.0,St. Charles,Louisiana,US,"St. Charles, Louisiana, US",5523,2021-05-29,10401.129943502825,97,53100,182.67419962335217
84022091,USA,22091.0,St. Helena,Louisiana,US,"St. Helena, Louisiana, US",951,2021-05-29,9386.103434662456,12,10132,118.43663639952626
84022093,USA,22093.0,St. James,Louisiana,US,"St. James, Louisiana, US",2002,2021-05-29,9489.950701554797,50,21096,237.01175578308684
84022095,USA,22095.0,St. John the Baptist,Louisiana,US,"St. John the Baptist, Louisiana, US",3786,2021-05-29,8838.153932348205,141,42837,329.1547027102738
84022097,USA,22097.0,St. Landry,Louisiana,US,"St. Landry, Louisiana, US",9057,2021-05-29,11028.44479080415,259,82124,315.37674735765427
84022099,USA,22099.0,St. Martin,Louisiana,US,"St. Martin, Louisiana, US",5400,2021-05-29,10106.49248563568,117,53431,218.97400385543975
84022101,USA,22101.0,St. Mary,Louisiana,US,"St. Mary, Louisiana, US",4828,2021-05-29,9783.577855232228,139,49348,281.67301613033965
84022103,USA,22103.0,St. Tammany,Louisiana,US,"St. Tammany, Louisiana, US",25951,2021-05-29,9965.094712751374,525,260419,201.5981936801846
84022105,USA,22105.0,Tangipahoa,Louisiana,US,"Tangipahoa, Louisiana, US",12891,2021-05-29,9566.036895768711,299,134758,221.87922052865136
84022107,USA,22107.0,Tensas,Louisiana,US,"Tensas, Louisiana, US",363,2021-05-29,8375.634517766497,8,4334,184.58698661744347
84022109,USA,22109.0,Terrebonne,Louisiana,US,"Terrebonne, Louisiana, US",10549,2021-05-29,9549.976914929252,224,110461,202.78650383393233
84090022,USA,90022.0,Unassigned,Louisiana,US,"Unassigned, Louisiana, US",414,2021-05-29,,0,0,
84022111,USA,22111.0,Union,Louisiana,US,"Union, Louisiana, US",2424,2021-05-29,10964.356793920753,80,22108,361.85996019540437
84022113,USA,22113.0,Vermilion,Louisiana,US,"Vermilion, Louisiana, US",5578,2021-05-29,9373.057081884022,124,59511,208.36484011359244
84022115,USA,22115.0,Vernon,Louisiana,US,"Vernon, Louisiana, US",3152,2021-05-29,6645.7230808155355,104,47429,219.27512703198465
84022117,USA,22117.0,Washington,Louisiana,US,"Washington, Louisiana, US",4401,2021-05-29,9527.211326146253,133,46194,287.916179590423
84022119,USA,22119.0,Webster,Louisiana,US,"Webster, Louisiana, US",4176,2021-05-29,10892.018779342723,113,38340,294.73135106937923
84022121,USA,22121.0,West Baton Rouge,Louisiana,US,"West Baton Rouge, Louisiana, US",2926,2021-05-29,11056.11184583412,61,26465,230.4931040997544
84022123,USA,22123.0,West Carroll,Louisiana,US,"West Carroll, Louisiana, US",1181,2021-05-29,10904.893813481072,41,10830,378.5780240073869
84022125,USA,22125.0,West Feliciana,Louisiana,US,"West Feliciana, Louisiana, US",1160,2021-05-29,7451.181911613567,34,15568,218.39671120246658
84022127,USA,22127.0,Winn,Louisiana,US,"Winn, Louisiana, US",1566,2021-05-29,11262.94591484465,45,13904,323.64787111622553
84023001,USA,23001.0,Androscoggin,Maine,US,"Androscoggin, Maine, US",8252,2021-05-29,7621.193790001569,79,108277,72.96101665173583
84023003,USA,23003.0,Aroostook,Maine,US,"Aroostook, Maine, US",1851,2021-05-29,2760.4205502945347,45,67055,67.10908955335172
84023005,USA,23005.0,Cumberland,Maine,US,"Cumberland, Maine, US",17093,2021-05-29,5794.178364287821,195,295003,66.10102270146406
84023007,USA,23007.0,Franklin,Maine,US,"Franklin, Maine, US",1335,2021-05-29,4420.6761813305075,15,30199,49.670518891354014
84023009,USA,23009.0,Hancock,Maine,US,"Hancock, Maine, US",1349,2021-05-29,2453.3071453252587,38,54987,69.10724353028898
84023011,USA,23011.0,Kennebec,Maine,US,"Kennebec, Maine, US",6471,2021-05-29,5291.000964824778,71,122302,58.053016303903455
84023013,USA,23013.0,Knox,Maine,US,"Knox, Maine, US",1130,2021-05-29,2841.1948104193907,6,39772,15.085990143819773
84023015,USA,23015.0,Lincoln,Maine,US,"Lincoln, Maine, US",1057,2021-05-29,3051.9143038632556,3,34634,8.662008431021539
84080023,USA,80023.0,Out of ME,Maine,US,"Out of ME, Maine, US",0,2021-05-29,,0,0,
84023017,USA,23017.0,Oxford,Maine,US,"Oxford, Maine, US",3562,2021-05-29,6144.027598102631,65,57975,112.11729193617938
84023019,USA,23019.0,Penobscot,Maine,US,"Penobscot, Maine, US",6134,2021-05-29,4031.6008097378867,93,152148,61.12469437652812
84023021,USA,23021.0,Piscataquis,Maine,US,"Piscataquis, Maine, US",565,2021-05-29,3366.1006851355373,6,16785,35.746201966041106
84023023,USA,23023.0,Sagadahoc,Maine,US,"Sagadahoc, Maine, US",1458,2021-05-29,4066.265060240964,10,35856,27.889335118250784
84023025,USA,23025.0,Somerset,Maine,US,"Somerset, Maine, US",2178,2021-05-29,4314.238174471119,31,50484,61.40559385151731
84090023,USA,90023.0,Unassigned,Maine,US,"Unassigned, Maine, US",7,2021-05-29,,0,0,
84023027,USA,23027.0,Waldo,Maine,US,"Waldo, Maine, US",1019,2021-05-29,2565.7811909857737,21,39715,52.87674682110033
84023029,USA,23029.0,Washington,Maine,US,"Washington, Maine, US",894,2021-05-29,2849.039166321425,16,31379,50.98951528092036
84023031,USA,23031.0,York,Maine,US,"York, Maine, US",13303,2021-05-29,6406.730847953921,131,207641,63.089659556638615
84024001,USA,24001.0,Allegany,Maryland,US,"Allegany, Maryland, US",6998,2021-05-29,9938.082254033174,211,70416,299.64780731651894
84024003,USA,24003.0,Anne Arundel,Maryland,US,"Anne Arundel, Maryland, US",43750,2021-05-29,7553.078721207664,646,579234,111.52660237486059
84024005,USA,24005.0,Baltimore,Maryland,US,"Baltimore, Maryland, US",65589,2021-05-29,7927.4085354798935,1657,827370,200.27315469499737
84024510,USA,24510.0,Baltimore City,Maryland,US,"Baltimore City, Maryland, US",52820,2021-05-29,8899.897218150265,1222,593490,205.90068914387774
84024009,USA,24009.0,Calvert,Maryland,US,"Calvert, Maryland, US",4215,2021-05-29,4555.525533639557,85,92525,91.86706295595785
84024011,USA,24011.0,Caroline,Maryland,US,"Caroline, Maryland, US",2341,2021-05-29,7007.723163503562,29,33406,86.81075255942046
84024013,USA,24013.0,Carroll,Maryland,US,"Carroll, Maryland, US",9475,2021-05-29,5624.9146615849495,252,168447,149.6019519492778
84024015,USA,24015.0,Cecil,Maryland,US,"Cecil, Maryland, US",6297,2021-05-29,6122.210879393321,150,102855,145.8363715910748
84024017,USA,24017.0,Charles,Maryland,US,"Charles, Maryland, US",10854,2021-05-29,6648.413238023484,209,163257,128.0190129672847
84024019,USA,24019.0,Dorchester,Maryland,US,"Dorchester, Maryland, US",2827,2021-05-29,8854.019856556735,64,31929,200.44473675968555
84024021,USA,24021.0,Frederick,Maryland,US,"Frederick, Maryland, US",19758,2021-05-29,7612.494076217409,338,259547,130.22689532146393
84024023,USA,24023.0,Garrett,Maryland,US,"Garrett, Maryland, US",2033,2021-05-29,7006.962156200455,65,29014,224.02977872751083
84024025,USA,24025.0,Harford,Maryland,US,"Harford, Maryland, US",16555,2021-05-29,6480.948633931123,292,255441,114.31211121159095
84024027,USA,24027.0,Howard,Maryland,US,"Howard, Maryland, US",19201,2021-05-29,5895.483435168412,250,325690,76.76010930639565
84024029,USA,24029.0,Kent,Maryland,US,"Kent, Maryland, US",1348,2021-05-29,6940.582844197302,51,19422,262.58881680568425
84024031,USA,24031.0,Montgomery,Maryland,US,"Montgomery, Maryland, US",70806,2021-05-29,6739.012913443382,1602,1050688,152.47152342084425
84080024,USA,80024.0,Out of MD,Maryland,US,"Out of MD, Maryland, US",0,2021-05-29,,0,0,
84024033,USA,24033.0,Prince George's,Maryland,US,"Prince George's, Maryland, US",84990,2021-05-29,9346.472721034348,1571,909327,172.76513289498718
84024035,USA,24035.0,Queen Anne's,Maryland,US,"Queen Anne's, Maryland, US",2996,2021-05-29,5946.686250769139,51,50381,101.22863778011552
84024039,USA,24039.0,Somerset,Maryland,US,"Somerset, Maryland, US",2610,2021-05-29,10188.94440974391,40,25616,156.1524047470331
84024037,USA,24037.0,St. Mary's,Maryland,US,"St. Mary's, Maryland, US",6018,2021-05-29,5301.73552990926,130,113510,114.52735441811295
84024041,USA,24041.0,Talbot,Maryland,US,"Talbot, Maryland, US",2156,2021-05-29,5798.660606223609,43,37181,115.65046663618516
84090024,USA,90024.0,Unassigned,Maryland,US,"Unassigned, Maryland, US",0,2021-05-29,,37,0,
84024043,USA,24043.0,Washington,Maryland,US,"Washington, Maryland, US",14574,2021-05-29,9648.524650941086,327,151049,216.48604095359784
84024045,USA,24045.0,Wicomico,Maryland,US,"Wicomico, Maryland, US",7673,2021-05-29,7405.727301682287,171,103609,165.0435772954087
84024047,USA,24047.0,Worcester,Maryland,US,"Worcester, Maryland, US",3644,2021-05-29,6970.694008722931,106,52276,202.7699135358482
84025001,USA,25001.0,Barnstable,Massachusetts,US,"Barnstable, Massachusetts, US",13901,2021-05-29,6526.597492840039,469,212990,220.19813136766984
84025003,USA,25003.0,Berkshire,Massachusetts,US,"Berkshire, Massachusetts, US",6529,2021-05-29,5225.541042386989,286,124944,228.90254834165708
84025005,USA,25005.0,Bristol,Massachusetts,US,"Bristol, Massachusetts, US",66611,2021-05-29,11785.031235790855,1726,565217,305.36944217884457
84025007,USA,25007.0,Dukes,Massachusetts,US,"Dukes, Massachusetts, US",0,2021-05-29,0.0,0,17332,0.0
84070002,USA,,Dukes and Nantucket,Massachusetts,US,"Dukes and Nantucket,Massachusetts,US",2925,2021-05-29,,5,0,
84025009,USA,25009.0,Essex,Massachusetts,US,"Essex, Massachusetts, US",97549,2021-05-29,12363.092084751734,2389,789034,302.7752923194691
84025011,USA,25011.0,Franklin,Massachusetts,US,"Franklin, Massachusetts, US",2568,2021-05-29,3659.1621544599598,113,70180,161.0145340552864
84025013,USA,25013.0,Hampden,Massachusetts,US,"Hampden, Massachusetts, US",52183,2021-05-29,11189.136569090768,1524,466372,326.77776538900275
84025015,USA,25015.0,Hampshire,Massachusetts,US,"Hampshire, Massachusetts, US",9139,2021-05-29,5682.397562643785,297,160830,184.6670397313934
84025017,USA,25017.0,Middlesex,Massachusetts,US,"Middlesex, Massachusetts, US",134846,2021-05-29,8366.698744616706,3757,1611699,233.1080431271596
84025019,USA,25019.0,Nantucket,Massachusetts,US,"Nantucket, Massachusetts, US",0,2021-05-29,0.0,0,11399,0.0
84025021,USA,25021.0,Norfolk,Massachusetts,US,"Norfolk, Massachusetts, US",54792,2021-05-29,7752.396448657635,1789,706775,253.1215733437091
84080025,USA,80025.0,Out of MA,Massachusetts,US,"Out of MA, Massachusetts, US",0,2021-05-29,,0,0,
84025023,USA,25023.0,Plymouth,Massachusetts,US,"Plymouth, Massachusetts, US",49093,2021-05-29,9419.188721455406,1435,521202,275.32511387139726
84025025,USA,25025.0,Suffolk,Massachusetts,US,"Suffolk, Massachusetts, US",92735,2021-05-29,11535.538314755315,1838,803907,228.63341157621466
84090025,USA,90025.0,Unassigned,Massachusetts,US,"Unassigned, Massachusetts, US",46892,2021-05-29,,7,0,
84025027,USA,25027.0,Worcester,Massachusetts,US,"Worcester, Massachusetts, US",77020,2021-05-29,9272.569231250798,2233,830622,268.8346805165286
84026001,USA,26001.0,Alcona,Michigan,US,"Alcona, Michigan, US",738,2021-05-29,7092.743873137914,32,10405,307.5444497837578
84026003,USA,26003.0,Alger,Michigan,US,"Alger, Michigan, US",515,2021-05-29,5654.369784804568,6,9108,65.87615283267458
84026005,USA,26005.0,Allegan,Michigan,US,"Allegan, Michigan, US",11079,2021-05-29,9382.54249201819,149,118081,126.18456822012008
84026007,USA,26007.0,Alpena,Michigan,US,"Alpena, Michigan, US",2258,2021-05-29,7949.304699876781,60,28405,211.2304171800739
84026009,USA,26009.0,Antrim,Michigan,US,"Antrim, Michigan, US",1624,2021-05-29,6962.785114045618,29,23324,124.33544846510033
84026011,USA,26011.0,Arenac,Michigan,US,"Arenac, Michigan, US",1203,2021-05-29,8083.047772626486,29,14883,194.8531882013035
84026013,USA,26013.0,Baraga,Michigan,US,"Baraga, Michigan, US",810,2021-05-29,9867.218906078693,37,8209,450.724814228286
84026015,USA,26015.0,Barry,Michigan,US,"Barry, Michigan, US",5917,2021-05-29,9613.32250203087,67,61550,108.85458976441916
84026017,USA,26017.0,Bay,Michigan,US,"Bay, Michigan, US",11206,2021-05-29,10866.318872059423,346,103126,335.511898066443
84026019,USA,26019.0,Benzie,Michigan,US,"Benzie, Michigan, US",1273,2021-05-29,7165.372058989081,35,17766,197.0055161544523
84026021,USA,26021.0,Berrien,Michigan,US,"Berrien, Michigan, US",15386,2021-05-29,10029.921578086192,286,153401,186.43946258498968
84026023,USA,26023.0,Branch,Michigan,US,"Branch, Michigan, US",4803,2021-05-29,11037.065974216972,96,43517,220.60344233288143
84026025,USA,26025.0,Calhoun,Michigan,US,"Calhoun, Michigan, US",14400,2021-05-29,10733.53259937835,300,134159,223.61526248704894
84026027,USA,26027.0,Cass,Michigan,US,"Cass, Michigan, US",5443,2021-05-29,10510.359742792592,76,51787,146.7549771178095
84026029,USA,26029.0,Charlevoix,Michigan,US,"Charlevoix, Michigan, US",1663,2021-05-29,6361.167425314617,21,26143,80.32742990475461
84026031,USA,26031.0,Cheboygan,Michigan,US,"Cheboygan, Michigan, US",1921,2021-05-29,7600.094951732869,45,25276,178.03449912960912
84026033,USA,26033.0,Chippewa,Michigan,US,"Chippewa, Michigan, US",2472,2021-05-29,6618.651101769793,33,37349,88.3557792711987
84026035,USA,26035.0,Clare,Michigan,US,"Clare, Michigan, US",2455,2021-05-29,7932.148626817448,81,30950,261.7124394184168
84026037,USA,26037.0,Clinton,Michigan,US,"Clinton, Michigan, US",7578,2021-05-29,9520.698536340222,89,79595,111.81606884854577
84026039,USA,26039.0,Crawford,Michigan,US,"Crawford, Michigan, US",991,2021-05-29,7063.938983534108,14,14029,99.79328533751516
84026041,USA,26041.0,Delta,Michigan,US,"Delta, Michigan, US",4027,2021-05-29,11253.632908562486,94,35784,262.6872345182204
84026043,USA,26043.0,Dickinson,Michigan,US,"Dickinson, Michigan, US",2732,2021-05-29,10824.517611632791,74,25239,293.19703633265976
84026045,USA,26045.0,Eaton,Michigan,US,"Eaton, Michigan, US",10091,2021-05-29,9151.340370733124,208,110268,188.63133456669206
84026047,USA,26047.0,Emmet,Michigan,US,"Emmet, Michigan, US",2366,2021-05-29,7080.65240161604,42,33415,125.69205446655693
84070005,USA,,Federal Correctional Institution (FCI),Michigan,US,"Federal Correctional Institution (FCI), Michigan, US",316,2021-05-29,,5,0,
84026049,USA,26049.0,Genesee,Michigan,US,"Genesee, Michigan, US",41573,2021-05-29,10244.373640075602,947,405813,233.35871448179336
84026051,USA,26051.0,Gladwin,Michigan,US,"Gladwin, Michigan, US",2297,2021-05-29,9025.894927109119,59,25449,231.83622146253293
84026053,USA,26053.0,Gogebic,Michigan,US,"Gogebic, Michigan, US",1401,2021-05-29,10025.044722719142,50,13975,357.78175313059035
84026055,USA,26055.0,Grand Traverse,Michigan,US,"Grand Traverse, Michigan, US",6440,2021-05-29,6918.184943279478,96,93088,103.12822275696115
84026057,USA,26057.0,Gratiot,Michigan,US,"Gratiot, Michigan, US",4059,2021-05-29,9970.278303161307,120,40711,294.7606298052124
84026059,USA,26059.0,Hillsdale,Michigan,US,"Hillsdale, Michigan, US",4385,2021-05-29,9615.173774805395,93,45605,203.9250082227826
84026061,USA,26061.0,Houghton,Michigan,US,"Houghton, Michigan, US",3127,2021-05-29,8763.031050330681,42,35684,117.69980943840378
84026063,USA,26063.0,Huron,Michigan,US,"Huron, Michigan, US",4075,2021-05-29,13153.222943094153,79,30981,254.99499693360448
84026065,USA,26065.0,Ingham,Michigan,US,"Ingham, Michigan, US",24732,2021-05-29,8458.10277490886,381,292406,130.29828389294337
84026067,USA,26067.0,Ionia,Michigan,US,"Ionia, Michigan, US",6242,2021-05-29,9648.051687095229,80,64697,123.65333786728905
84026069,USA,26069.0,Iosco,Michigan,US,"Iosco, Michigan, US",1992,2021-05-29,7927.727146097823,74,25127,294.50392008596333
84026071,USA,26071.0,Iron,Michigan,US,"Iron, Michigan, US",1052,2021-05-29,9506.596782938732,51,11066,460.8711368154708
84026073,USA,26073.0,Isabella,Michigan,US,"Isabella, Michigan, US",6303,2021-05-29,9020.780856423173,96,69872,137.3940920540417
84026075,USA,26075.0,Jackson,Michigan,US,"Jackson, Michigan, US",15735,2021-05-29,9926.818497255694,278,158510,175.38325657687213
84026077,USA,26077.0,Kalamazoo,Michigan,US,"Kalamazoo, Michigan, US",22976,2021-05-29,8668.029849169641,396,265066,149.39675401598092
84026079,USA,26079.0,Kalkaska,Michigan,US,"Kalkaska, Michigan, US",1118,2021-05-29,6198.026388734893,23,18038,127.50859297039584
84026081,USA,26081.0,Kent,Michigan,US,"Kent, Michigan, US",72717,2021-05-29,11068.794666301344,839,656955,127.71042156616511
84026083,USA,26083.0,Keweenaw,Michigan,US,"Keweenaw, Michigan, US",176,2021-05-29,8317.58034026465,2,2116,94.5179584120983
84026085,USA,26085.0,Lake,Michigan,US,"Lake, Michigan, US",629,2021-05-29,5306.6734160128235,15,11853,126.55024044545685
84026087,USA,26087.0,Lapeer,Michigan,US,"Lapeer, Michigan, US",9186,2021-05-29,10485.46349036036,199,87607,227.15079845217846
84026089,USA,26089.0,Leelanau,Michigan,US,"Leelanau, Michigan, US",1238,2021-05-29,5689.076788750517,18,21761,82.71678691236616
84026091,USA,26091.0,Lenawee,Michigan,US,"Lenawee, Michigan, US",9316,2021-05-29,9462.575291261643,162,98451,164.54886187037206
84026093,USA,26093.0,Livingston,Michigan,US,"Livingston, Michigan, US",16615,2021-05-29,8653.871194562358,186,191995,96.87752285215761
84026095,USA,26095.0,Luce,Michigan,US,"Luce, Michigan, US",471,2021-05-29,7561.4063252528495,4,6229,64.21576497030021
84026097,USA,26097.0,Mackinac,Michigan,US,"Mackinac, Michigan, US",704,2021-05-29,6519.1221409389755,3,10799,27.78035003241041
84026099,USA,26099.0,Macomb,Michigan,US,"Macomb, Michigan, US",99598,2021-05-29,11396.017263710966,2422,873972,277.1255829706215
84026101,USA,26101.0,Manistee,Michigan,US,"Manistee, Michigan, US",1195,2021-05-29,4866.031435784673,22,24558,89.5838423324375
84026103,USA,26103.0,Marquette,Michigan,US,"Marquette, Michigan, US",5069,2021-05-29,7599.814090166269,61,66699,91.45564401265386
84026105,USA,26105.0,Mason,Michigan,US,"Mason, Michigan, US",2127,2021-05-29,7298.243206148779,36,29144,123.52456766401318
84026107,USA,26107.0,Mecosta,Michigan,US,"Mecosta, Michigan, US",3186,2021-05-29,7332.059926817482,32,43453,73.64278645893263
84026109,USA,26109.0,Menominee,Michigan,US,"Menominee, Michigan, US",2113,2021-05-29,9275.6804214223,43,22780,188.7620719929763
84070004,USA,,Michigan Department of Corrections (MDOC),Michigan,US,"Michigan Department of Corrections (MDOC), Michigan, US",26882,2021-05-29,,150,0,
84026111,USA,26111.0,Midland,Michigan,US,"Midland, Michigan, US",7512,2021-05-29,9033.62355091635,90,83156,108.23031410842272
84026113,USA,26113.0,Missaukee,Michigan,US,"Missaukee, Michigan, US",1500,2021-05-29,9921.947347532741,26,15118,171.98042069056754
84026115,USA,26115.0,Monroe,Michigan,US,"Monroe, Michigan, US",15327,2021-05-29,10184.05315614618,261,150500,173.421926910299
84026117,USA,26117.0,Montcalm,Michigan,US,"Montcalm, Michigan, US",6006,2021-05-29,9400.826446280993,112,63888,175.3067868770348
84026119,USA,26119.0,Montmorency,Michigan,US,"Montmorency, Michigan, US",609,2021-05-29,6528.730703259004,20,9328,214.4082332761578
84026121,USA,26121.0,Muskegon,Michigan,US,"Muskegon, Michigan, US",16088,2021-05-29,9269.09648202989,355,173566,204.5331458926287
84026123,USA,26123.0,Newaygo,Michigan,US,"Newaygo, Michigan, US",4842,2021-05-29,9885.667619436505,66,48980,134.7488770926909
84026125,USA,26125.0,Oakland,Michigan,US,"Oakland, Michigan, US",117787,2021-05-29,9366.133793050802,2356,1257584,187.34335042430564
84026127,USA,26127.0,Oceana,Michigan,US,"Oceana, Michigan, US",2751,2021-05-29,10394.075641364718,60,26467,226.69739675822723
84026129,USA,26129.0,Ogemaw,Michigan,US,"Ogemaw, Michigan, US",1729,2021-05-29,8234.509691860741,43,20997,204.7911606419965
84026131,USA,26131.0,Ontonagon,Michigan,US,"Ontonagon, Michigan, US",475,2021-05-29,8304.195804195804,21,5720,367.13286713286715
84026133,USA,26133.0,Osceola,Michigan,US,"Osceola, Michigan, US",1945,2021-05-29,8290.70758738278,30,23460,127.87723785166241
84026135,USA,26135.0,Oscoda,Michigan,US,"Oscoda, Michigan, US",676,2021-05-29,8202.887999029244,30,8241,364.0334910811795
84026137,USA,26137.0,Otsego,Michigan,US,"Otsego, Michigan, US",2329,2021-05-29,9441.381546943408,41,24668,166.20723204151128
84026139,USA,26139.0,Ottawa,Michigan,US,"Ottawa, Michigan, US",32651,2021-05-29,11188.363088099237,424,291830,145.29006613439333
84080026,USA,80026.0,Out of MI,Michigan,US,"Out of MI, Michigan, US",1764,2021-05-29,,15,0,
84026141,USA,26141.0,Presque Isle,Michigan,US,"Presque Isle, Michigan, US",1052,2021-05-29,8354.51080050826,34,12592,270.012706480305
84026143,USA,26143.0,Roscommon,Michigan,US,"Roscommon, Michigan, US",1882,2021-05-29,7835.463591323535,50,24019,208.16853324451475
84026145,USA,26145.0,Saginaw,Michigan,US,"Saginaw, Michigan, US",21204,2021-05-29,11128.430400075576,602,190539,315.94581686688815
84026151,USA,26151.0,Sanilac,Michigan,US,"Sanilac, Michigan, US",4247,2021-05-29,10315.763905756618,119,41170,289.0454214233665
84026153,USA,26153.0,Schoolcraft,Michigan,US,"Schoolcraft, Michigan, US",433,2021-05-29,5349.641709908575,5,8094,61.774153694094394
84026155,USA,26155.0,Shiawassee,Michigan,US,"Shiawassee, Michigan, US",6398,2021-05-29,9391.973224508969,105,68122,154.13522797334196
84026147,USA,26147.0,St. Clair,Michigan,US,"St. Clair, Michigan, US",18343,2021-05-29,11527.198230355438,434,159128,272.7364134533206
84026149,USA,26149.0,St. Joseph,Michigan,US,"St. Joseph, Michigan, US",6191,2021-05-29,10155.173545042977,100,60964,164.03123154648645
84026157,USA,26157.0,Tuscola,Michigan,US,"Tuscola, Michigan, US",5650,2021-05-29,10814.432003062493,175,52245,334.96028328069673
84090026,USA,90026.0,Unassigned,Michigan,US,"Unassigned, Michigan, US",31,2021-05-29,,0,0,
84026159,USA,26159.0,Van Buren,Michigan,US,"Van Buren, Michigan, US",7081,2021-05-29,9356.871969026257,128,75677,169.13989719465624
84026161,USA,26161.0,Washtenaw,Michigan,US,"Washtenaw, Michigan, US",26374,2021-05-29,7174.626837250171,294,367601,79.97801964630129
84026163,USA,26163.0,Wayne,Michigan,US,"Wayne, Michigan, US",164185,2021-05-29,9385.523593714897,5020,1749343,286.96487767121715
84026165,USA,26165.0,Wexford,Michigan,US,"Wexford, Michigan, US",2883,2021-05-29,8572.448039011626,47,33631,139.75201451042193
84027001,USA,27001.0,Aitkin,Minnesota,US,"Aitkin, Minnesota, US",1369,2021-05-29,8617.650761676949,36,15886,226.61462923328716
84027003,USA,27003.0,Anoka,Minnesota,US,"Anoka, Minnesota, US",42473,2021-05-29,11899.832175747573,451,356921,126.35849389640845
84027005,USA,27005.0,Becker,Minnesota,US,"Becker, Minnesota, US",3849,2021-05-29,11181.477500508381,54,34423,156.87185893152835
84027007,USA,27007.0,Beltrami,Minnesota,US,"Beltrami, Minnesota, US",4044,2021-05-29,8569.97541747902,59,47188,125.03178774264643
84027009,USA,27009.0,Benton,Minnesota,US,"Benton, Minnesota, US",5804,2021-05-29,14194.526645308028,97,40889,237.22761622930372
84027011,USA,27011.0,Big Stone,Minnesota,US,"Big Stone, Minnesota, US",603,2021-05-29,12081.74714486075,4,4991,80.14425966740133
84027013,USA,27013.0,Blue Earth,Minnesota,US,"Blue Earth, Minnesota, US",7602,2021-05-29,11236.752250454525,41,67653,60.60337309505861
84027015,USA,27015.0,Brown,Minnesota,US,"Brown, Minnesota, US",3075,2021-05-29,12296.065259117082,40,25008,159.94881637875878
84027017,USA,27017.0,Carlton,Minnesota,US,"Carlton, Minnesota, US",3504,2021-05-29,9768.336539265703,56,35871,156.11496752251122
84027019,USA,27019.0,Carver,Minnesota,US,"Carver, Minnesota, US",10603,2021-05-29,10089.543149140252,46,105089,43.77242147132431
84027021,USA,27021.0,Cass,Minnesota,US,"Cass, Minnesota, US",2829,2021-05-29,9499.98320964438,32,29779,107.45827596628497
84027023,USA,27023.0,Chippewa,Minnesota,US,"Chippewa, Minnesota, US",1536,2021-05-29,13016.949152542373,38,11800,322.03389830508473
84027025,USA,27025.0,Chisago,Minnesota,US,"Chisago, Minnesota, US",6135,2021-05-29,10843.245727213278,52,56579,91.90689124940349
84027027,USA,27027.0,Clay,Minnesota,US,"Clay, Minnesota, US",8235,2021-05-29,12822.70872909595,92,64222,143.2530908411448
84027029,USA,27029.0,Clearwater,Minnesota,US,"Clearwater, Minnesota, US",885,2021-05-29,10036.289408029032,16,8818,181.44704014515764
84027031,USA,27031.0,Cook,Minnesota,US,"Cook, Minnesota, US",169,2021-05-29,3093.53834889255,0,5463,0.0
84027033,USA,27033.0,Cottonwood,Minnesota,US,"Cottonwood, Minnesota, US",1669,2021-05-29,14907.109682029295,23,11196,205.43051089674884
84027035,USA,27035.0,Crow Wing,Minnesota,US,"Crow Wing, Minnesota, US",6776,2021-05-29,10415.802013680732,92,65055,141.41879947736533
84027037,USA,27037.0,Dakota,Minnesota,US,"Dakota, Minnesota, US",46554,2021-05-29,10851.21707329012,462,429021,107.68703629892244
84027039,USA,27039.0,Dodge,Minnesota,US,"Dodge, Minnesota, US",1869,2021-05-29,8928.0596159358,3,20934,14.330753797649757
84027041,USA,27041.0,Douglas,Minnesota,US,"Douglas, Minnesota, US",4734,2021-05-29,12411.840276867413,80,38141,209.74804016674972
84027043,USA,27043.0,Faribault,Minnesota,US,"Faribault, Minnesota, US",1536,2021-05-29,11250.274664908811,19,13653,139.16355379770016
84027045,USA,27045.0,Fillmore,Minnesota,US,"Fillmore,Minnesota,US",1571,2021-05-29,7457.160487966963,10,21067,47.46760336070632
84027047,USA,27047.0,Freeborn,Minnesota,US,"Freeborn, Minnesota, US",3452,2021-05-29,11399.887718371256,31,30281,102.3744262078531
84027049,USA,27049.0,Goodhue,Minnesota,US,"Goodhue, Minnesota, US",4824,2021-05-29,10410.012947777299,73,46340,157.53129046180405
84027051,USA,27051.0,Grant,Minnesota,US,"Grant, Minnesota, US",593,2021-05-29,9929.67180174146,8,5972,133.95847287340925
84027053,USA,27053.0,Hennepin,Minnesota,US,"Hennepin, Minnesota, US",124198,2021-05-29,9811.48531057959,1752,1265843,138.40578965953915
84027055,USA,27055.0,Houston,Minnesota,US,"Houston, Minnesota, US",1736,2021-05-29,9333.333333333334,16,18600,86.02150537634408
84027057,USA,27057.0,Hubbard,Minnesota,US,"Hubbard, Minnesota, US",1939,2021-05-29,9022.381462007352,41,21491,190.77753478200177
84027059,USA,27059.0,Isanti,Minnesota,US,"Isanti, Minnesota, US",4352,2021-05-29,10720.268006700167,64,40596,157.65100009853188
84027061,USA,27061.0,Itasca,Minnesota,US,"Itasca, Minnesota, US",4541,2021-05-29,10062.042986926655,60,45130,132.94925769997786
84027063,USA,27063.0,Jackson,Minnesota,US,"Jackson, Minnesota, US",1224,2021-05-29,12431.44424131627,12,9846,121.87690432663011
84027065,USA,27065.0,Kanabec,Minnesota,US,"Kanabec, Minnesota, US",1462,2021-05-29,8949.01144640999,27,16337,165.26902124012975
84027067,USA,27067.0,Kandiyohi,Minnesota,US,"Kandiyohi, Minnesota, US",6617,2021-05-29,15317.484201023171,84,43199,194.44894557744394
84027069,USA,27069.0,Kittson,Minnesota,US,"Kittson, Minnesota, US",486,2021-05-29,11307.584923220104,22,4298,511.86598417868777
84027071,USA,27071.0,Koochiching,Minnesota,US,"Koochiching, Minnesota, US",921,2021-05-29,7531.278109412054,16,12229,130.8365361027067
84027073,USA,27073.0,Lac qui Parle,Minnesota,US,"Lac qui Parle,Minnesota,US",756,2021-05-29,11414.766722029291,22,6623,332.1757511701646
84027075,USA,27075.0,Lake,Minnesota,US,"Lake, Minnesota, US",818,2021-05-29,7687.247439150457,20,10641,187.95226012592803
84027077,USA,27077.0,Lake of the Woods,Minnesota,US,"Lake of the Woods, Minnesota, US",343,2021-05-29,9171.122994652405,3,3740,80.21390374331551
84027079,USA,27079.0,Le Sueur,Minnesota,US,"Le Sueur, Minnesota, US",2961,2021-05-29,10250.285595596635,25,28887,86.54412019247413
84027081,USA,27081.0,Lincoln,Minnesota,US,"Lincoln, Minnesota, US",584,2021-05-29,10356.446178400425,3,5639,53.20092214931725
84027083,USA,27083.0,Lyon,Minnesota,US,"Lyon, Minnesota, US",3635,2021-05-29,14269.45120515035,52,25474,204.1297008714768
84027087,USA,27087.0,Mahnomen,Minnesota,US,"Mahnomen, Minnesota, US",565,2021-05-29,10222.543875520174,9,5527,162.83698208793197
84027089,USA,27089.0,Marshall,Minnesota,US,"Marshall, Minnesota, US",882,2021-05-29,9447.300771208227,17,9336,182.09083119108826
84027091,USA,27091.0,Martin,Minnesota,US,"Martin, Minnesota, US",2339,2021-05-29,11883.351115175532,32,19683,162.57684296093075
84027085,USA,27085.0,McLeod,Minnesota,US,"McLeod, Minnesota, US",4281,2021-05-29,11927.116707993202,61,35893,169.9495723400106
84027093,USA,27093.0,Meeker,Minnesota,US,"Meeker, Minnesota, US",2611,2021-05-29,11243.648264576694,42,23222,180.86297476530876
84027095,USA,27095.0,Mille Lacs,Minnesota,US,"Mille Lacs, Minnesota, US",3103,2021-05-29,11808.806180309777,54,26277,205.50291129124327
84027097,USA,27097.0,Morrison,Minnesota,US,"Morrison, Minnesota, US",4228,2021-05-29,12663.99089438687,60,33386,179.71604864314384
84027099,USA,27099.0,Mower,Minnesota,US,"Mower, Minnesota, US",4699,2021-05-29,11729.31955469023,33,40062,82.37232289950576
84027101,USA,27101.0,Murray,Minnesota,US,"Murray, Minnesota, US",1070,2021-05-29,13058.335367341959,9,8194,109.83646570661459
84027103,USA,27103.0,Nicollet,Minnesota,US,"Nicollet, Minnesota, US",3303,2021-05-29,9637.042656240883,44,34274,128.37719554181012
84027105,USA,27105.0,Nobles,Minnesota,US,"Nobles, Minnesota, US",4085,2021-05-29,18886.679920477138,48,21629,221.9242683434278
84027107,USA,27107.0,Norman,Minnesota,US,"Norman, Minnesota, US",547,2021-05-29,8580.392156862745,9,6375,141.1764705882353
84027109,USA,27109.0,Olmsted,Minnesota,US,"Olmsted, Minnesota, US",13347,2021-05-29,8431.832108810875,102,158293,64.43746722849399
84027111,USA,27111.0,Otter Tail,Minnesota,US,"Otter Tail, Minnesota, US",5829,2021-05-29,9922.377693800428,80,58746,136.17948456065093
84080027,USA,80027.0,Out of MN,Minnesota,US,"Out of MN, Minnesota, US",0,2021-05-29,,0,0,
84027113,USA,27113.0,Pennington,Minnesota,US,"Pennington, Minnesota, US",1539,2021-05-29,10900.205396982788,19,14119,134.57043699978752
84027115,USA,27115.0,Pine,Minnesota,US,"Pine, Minnesota, US",3339,2021-05-29,11288.414077555022,23,29579,77.75786875824063
84027117,USA,27117.0,Pipestone,Minnesota,US,"Pipestone, Minnesota, US",1163,2021-05-29,12743.808897655052,26,9126,284.90028490028493
84027119,USA,27119.0,Polk,Minnesota,US,"Polk, Minnesota, US",3874,2021-05-29,12351.740849381456,71,31364,226.3741869659482
84027121,USA,27121.0,Pope,Minnesota,US,"Pope, Minnesota, US",1125,2021-05-29,10000.888967908259,6,11249,53.33807449551071
84027123,USA,27123.0,Ramsey,Minnesota,US,"Ramsey, Minnesota, US",52174,2021-05-29,9480.648566927302,888,550321,161.36036967515324
84027125,USA,27125.0,Red Lake,Minnesota,US,"Red Lake, Minnesota, US",401,2021-05-29,9889.025893958076,7,4055,172.62638717632552
84027127,USA,27127.0,Redwood,Minnesota,US,"Redwood, Minnesota, US",1756,2021-05-29,11575.477916941332,38,15170,250.49439683586024
84027129,USA,27129.0,Renville,Minnesota,US,"Renville, Minnesota, US",1819,2021-05-29,12503.436898542755,45,14548,309.3208688479516
84027131,USA,27131.0,Rice,Minnesota,US,"Rice, Minnesota, US",8149,2021-05-29,12167.771606044316,108,66972,161.2614226841068
84027133,USA,27133.0,Rock,Minnesota,US,"Rock, Minnesota, US",1287,2021-05-29,13816.425120772947,19,9315,203.97208803005904
84027135,USA,27135.0,Roseau,Minnesota,US,"Roseau, Minnesota, US",2107,2021-05-29,13893.834487306298,20,15165,131.88262446422684
84027139,USA,27139.0,Scott,Minnesota,US,"Scott, Minnesota, US",17477,2021-05-29,11728.506908793193,130,149013,87.24071054203324
84027141,USA,27141.0,Sherburne,Minnesota,US,"Sherburne, Minnesota, US",11925,2021-05-29,12263.724058495649,91,97238,93.58481252185359
84027143,USA,27143.0,Sibley,Minnesota,US,"Sibley, Minnesota, US",1458,2021-05-29,9808.274470232089,10,14865,67.27211570803902
84027137,USA,27137.0,St. Louis,Minnesota,US,"St. Louis, Minnesota, US",18031,2021-05-29,9057.617923343547,308,199070,154.7194454212086
84027145,USA,27145.0,Stearns,Minnesota,US,"Stearns, Minnesota, US",22483,2021-05-29,13958.094055564177,223,161075,138.44482383982617
84027147,USA,27147.0,Steele,Minnesota,US,"Steele, Minnesota, US",3959,2021-05-29,10802.477557368551,15,36649,40.928811154465336
84027149,USA,27149.0,Stevens,Minnesota,US,"Stevens, Minnesota, US",923,2021-05-29,9413.56450790413,11,9805,112.18765935747066
84027151,USA,27151.0,Swift,Minnesota,US,"Swift, Minnesota, US",1066,2021-05-29,11504.424778761062,18,9266,194.25857975393913
84027153,USA,27153.0,Todd,Minnesota,US,"Todd, Minnesota, US",2847,2021-05-29,11543.139798897178,32,24664,129.74375608173855
84027155,USA,27155.0,Traverse,Minnesota,US,"Traverse, Minnesota, US",373,2021-05-29,11445.228597729365,5,3259,153.42129487572873
84090027,USA,90027.0,Unassigned,Minnesota,US,"Unassigned, Minnesota, US",492,2021-05-29,,93,0,
84027157,USA,27157.0,Wabasha,Minnesota,US,"Wabasha, Minnesota, US",2077,2021-05-29,9603.736070652425,3,21627,13.871549452073797
84027159,USA,27159.0,Wadena,Minnesota,US,"Wadena, Minnesota, US",1603,2021-05-29,11716.123373775763,22,13682,160.7952053793305
84027161,USA,27161.0,Waseca,Minnesota,US,"Waseca, Minnesota, US",2375,2021-05-29,12760.584569095206,23,18612,123.57618740597464
84027163,USA,27163.0,Washington,Minnesota,US,"Washington, Minnesota, US",27274,2021-05-29,10392.470659960372,289,262440,110.12040847431794
84027165,USA,27165.0,Watonwan,Minnesota,US,"Watonwan, Minnesota, US",1350,2021-05-29,12388.73084335138,9,10897,82.59153895567587
84027167,USA,27167.0,Wilkin,Minnesota,US,"Wilkin, Minnesota, US",830,2021-05-29,13371.999355566297,12,6207,193.33011116481393
84027169,USA,27169.0,Winona,Minnesota,US,"Winona, Minnesota, US",4594,2021-05-29,9099.912843673243,50,50484,99.04128040567309
84027171,USA,27171.0,Wright,Minnesota,US,"Wright, Minnesota, US",16334,2021-05-29,11803.984766254507,143,138377,103.34087312197838
84027173,USA,27173.0,Yellow Medicine,Minnesota,US,"Yellow Medicine, Minnesota, US",1146,2021-05-29,11803.481306004736,20,9709,205.99443815016994
84028001,USA,28001.0,Adams,Mississippi,US,"Adams, Mississippi, US",2997,2021-05-29,9764.441403577363,82,30693,267.16189359137263
84028003,USA,28003.0,Alcorn,Mississippi,US,"Alcorn, Mississippi, US",3160,2021-05-29,8551.40313371039,71,36953,192.13595648526507
84028005,USA,28005.0,Amite,Mississippi,US,"Amite, Mississippi, US",1247,2021-05-29,10140.68471985037,42,12297,341.54671871188094
84028007,USA,28007.0,Attala,Mississippi,US,"Attala, Mississippi, US",2146,2021-05-29,11808.077473313524,73,18174,401.6727192692858
84028009,USA,28009.0,Benton,Mississippi,US,"Benton, Mississippi, US",1018,2021-05-29,12325.947451265285,25,8259,302.7000847560237
84028011,USA,28011.0,Bolivar,Mississippi,US,"Bolivar, Mississippi, US",4812,2021-05-29,15711.114013321145,133,30628,434.24317617866006
84028013,USA,28013.0,Calhoun,Mississippi,US,"Calhoun, Mississippi, US",1731,2021-05-29,12053.478170043869,32,14361,222.82570851612005
84028015,USA,28015.0,Carroll,Mississippi,US,"Carroll, Mississippi, US",1223,2021-05-29,12295.164371167186,30,9947,301.5984719010757
84028017,USA,28017.0,Chickasaw,Mississippi,US,"Chickasaw, Mississippi, US",2095,2021-05-29,12249.312986025843,59,17103,344.968718938198
84028019,USA,28019.0,Choctaw,Mississippi,US,"Choctaw, Mississippi, US",788,2021-05-29,9598.051157125456,18,8210,219.2448233861145
84028021,USA,28021.0,Claiborne,Mississippi,US,"Claiborne, Mississippi, US",1028,2021-05-29,11437.472185135737,30,8988,333.77837116154876
84028023,USA,28023.0,Clarke,Mississippi,US,"Clarke, Mississippi, US",1788,2021-05-29,11505.05115500933,80,15541,514.7673894858762
84028025,USA,28025.0,Clay,Mississippi,US,"Clay, Mississippi, US",1861,2021-05-29,9634.499896458894,54,19316,279.5609857113274
84028027,USA,28027.0,Coahoma,Mississippi,US,"Coahoma, Mississippi, US",2975,2021-05-29,13446.93545470982,81,22124,366.11824263243534
84028029,USA,28029.0,Copiah,Mississippi,US,"Copiah, Mississippi, US",2988,2021-05-29,10646.71298770711,65,28065,231.6052022091573
84028031,USA,28031.0,Covington,Mississippi,US,"Covington, Mississippi, US",2643,2021-05-29,14182.227945911141,81,18636,434.6426271732131
84028033,USA,28033.0,DeSoto,Mississippi,US,"DeSoto, Mississippi, US",22098,2021-05-29,11948.417096974777,261,184945,141.12303657844222
84028035,USA,28035.0,Forrest,Mississippi,US,"Forrest, Mississippi, US",7765,2021-05-29,10367.571464811674,153,74897,204.28054528218755
84028037,USA,28037.0,Franklin,Mississippi,US,"Franklin, Mississippi, US",846,2021-05-29,10968.494749124855,23,7713,298.19784778944637
84028039,USA,28039.0,George,Mississippi,US,"George, Mississippi, US",2505,2021-05-29,10224.489795918367,48,24500,195.91836734693877
84028041,USA,28041.0,Greene,Mississippi,US,"Greene, Mississippi, US",1312,2021-05-29,9656.999852789637,33,13586,242.89709995583686
84028043,USA,28043.0,Grenada,Mississippi,US,"Grenada, Mississippi, US",2633,2021-05-29,12684.266306965988,87,20758,419.11552172656326
84028045,USA,28045.0,Hancock,Mississippi,US,"Hancock, Mississippi, US",3834,2021-05-29,8049.210614712799,87,47632,182.65031911320122
84028047,USA,28047.0,Harrison,Mississippi,US,"Harrison, Mississippi, US",18147,2021-05-29,8721.16493656286,314,208080,150.9034986543637
84028049,USA,28049.0,Hinds,Mississippi,US,"Hinds, Mississippi, US",20479,2021-05-29,8833.247066942718,418,231840,180.2967563837129
84028051,USA,28051.0,Holmes,Mississippi,US,"Holmes, Mississippi, US",1896,2021-05-29,11146.384479717814,74,17010,435.0382128159906
84028053,USA,28053.0,Humphreys,Mississippi,US,"Humphreys, Mississippi, US",971,2021-05-29,12041.170634920634,33,8064,409.2261904761905
84028055,USA,28055.0,Issaquena,Mississippi,US,"Issaquena, Mississippi, US",169,2021-05-29,12735.493594574227,6,1327,452.14770158251696
84028057,USA,28057.0,Itawamba,Mississippi,US,"Itawamba, Mississippi, US",3038,2021-05-29,12988.456605386917,77,23390,329.20051303976055
84028059,USA,28059.0,Jackson,Mississippi,US,"Jackson, Mississippi, US",13549,2021-05-29,9434.119916165913,248,143617,172.68150706392697
84028061,USA,28061.0,Jasper,Mississippi,US,"Jasper, Mississippi, US",2214,2021-05-29,13514.008423365683,48,16383,292.9866324848929
84028063,USA,28063.0,Jefferson,Mississippi,US,"Jefferson, Mississippi, US",661,2021-05-29,9456.366237482116,28,6990,400.57224606580826
84028065,USA,28065.0,Jefferson Davis,Mississippi,US,"Jefferson Davis, Mississippi, US",1073,2021-05-29,9642.34363767074,33,11128,296.549245147376
84028067,USA,28067.0,Jones,Mississippi,US,"Jones, Mississippi, US",8421,2021-05-29,12366.001938382919,165,68098,242.29786484184558
84028069,USA,28069.0,Kemper,Mississippi,US,"Kemper, Mississippi, US",962,2021-05-29,9874.769041264628,28,9742,287.41531513036335
84028071,USA,28071.0,Lafayette,Mississippi,US,"Lafayette, Mississippi, US",6254,2021-05-29,11577.407949054961,119,54019,220.2928599196579
84028073,USA,28073.0,Lamar,Mississippi,US,"Lamar, Mississippi, US",6283,2021-05-29,9919.012361271174,88,63343,138.92616390129928
84028075,USA,28075.0,Lauderdale,Mississippi,US,"Lauderdale, Mississippi, US",7226,2021-05-29,9748.39797639123,240,74125,323.77740303541316
84028077,USA,28077.0,Lawrence,Mississippi,US,"Lawrence, Mississippi, US",1306,2021-05-29,10376.608930557763,24,12586,190.68806610519624
84028079,USA,28079.0,Leake,Mississippi,US,"Leake, Mississippi, US",2703,2021-05-29,11862.54717809181,74,22786,324.7608180461687
84028081,USA,28081.0,Lee,Mississippi,US,"Lee, Mississippi, US",10017,2021-05-29,11724.56575682382,175,85436,204.83168687672645
84028083,USA,28083.0,Leflore,Mississippi,US,"Leflore, Mississippi, US",3504,2021-05-29,12433.02700209346,125,28183,443.5297874605258
84028085,USA,28085.0,Lincoln,Mississippi,US,"Lincoln, Mississippi, US",3992,2021-05-29,11688.57787017246,111,34153,325.0080520012883
84028087,USA,28087.0,Lowndes,Mississippi,US,"Lowndes, Mississippi, US",6444,2021-05-29,10997.525386125095,148,58595,252.58127826606366
84028089,USA,28089.0,Madison,Mississippi,US,"Madison, Mississippi, US",10184,2021-05-29,9582.956940680519,224,106272,210.77988557663355
84028091,USA,28091.0,Marion,Mississippi,US,"Marion, Mississippi, US",2708,2021-05-29,11020.22545069792,80,24573,325.56057461441424
84028093,USA,28093.0,Marshall,Mississippi,US,"Marshall, Mississippi, US",4558,2021-05-29,12914.376381254606,105,35294,297.5009916699722
84028095,USA,28095.0,Monroe,Mississippi,US,"Monroe, Mississippi, US",4141,2021-05-29,11746.851242482697,135,35252,382.9569953477817
84028097,USA,28097.0,Montgomery,Mississippi,US,"Montgomery, Mississippi, US",1282,2021-05-29,13115.089514066496,43,9775,439.8976982097186
84028099,USA,28099.0,Neshoba,Mississippi,US,"Neshoba, Mississippi, US",4050,2021-05-29,13908.92231609314,178,29118,611.3057215468095
84028101,USA,28101.0,Newton,Mississippi,US,"Newton, Mississippi, US",2476,2021-05-29,11780.378722999334,62,21018,294.9852507374631
84028103,USA,28103.0,Noxubee,Mississippi,US,"Noxubee, Mississippi, US",1275,2021-05-29,12239.60833253336,34,10417,326.3895555342229
84028105,USA,28105.0,Oktibbeha,Mississippi,US,"Oktibbeha, Mississippi, US",4649,2021-05-29,9375.441143848186,98,49587,197.63244398733542
84080028,USA,80028.0,Out of MS,Mississippi,US,"Out of MS, Mississippi, US",0,2021-05-29,,0,0,
84028107,USA,28107.0,Panola,Mississippi,US,"Panola, Mississippi, US",4628,2021-05-29,13535.3299017314,109,34192,318.78802058961156
84028109,USA,28109.0,Pearl River,Mississippi,US,"Pearl River, Mississippi, US",4550,2021-05-29,8193.031421626001,146,55535,262.8972719906365
84028111,USA,28111.0,Perry,Mississippi,US,"Perry, Mississippi, US",1265,2021-05-29,10565.438904201119,38,11973,317.380773406832
84028113,USA,28113.0,Pike,Mississippi,US,"Pike, Mississippi, US",3352,2021-05-29,8531.867236815313,107,39288,272.34779067399717
84028115,USA,28115.0,Pontotoc,Mississippi,US,"Pontotoc, Mississippi, US",4230,2021-05-29,13147.261764157394,73,32174,226.89127867221978
84028117,USA,28117.0,Prentiss,Mississippi,US,"Prentiss, Mississippi, US",2818,2021-05-29,11215.474010984637,60,25126,238.79646581230597
84028119,USA,28119.0,Quitman,Mississippi,US,"Quitman, Mississippi, US",816,2021-05-29,12014.134275618373,16,6792,235.5712603062426
84028121,USA,28121.0,Rankin,Mississippi,US,"Rankin, Mississippi, US",13787,2021-05-29,8879.314231247303,280,155271,180.32987486394757
84028123,USA,28123.0,Scott,Mississippi,US,"Scott, Mississippi, US",3183,2021-05-29,11317.735741715262,74,28124,263.12046650547575
84028125,USA,28125.0,Sharkey,Mississippi,US,"Sharkey, Mississippi, US",506,2021-05-29,11710.252256422124,17,4321,393.42744735015043
84028127,USA,28127.0,Simpson,Mississippi,US,"Simpson, Mississippi, US",2968,2021-05-29,11133.618425988447,89,26658,333.8585040138045
84028129,USA,28129.0,Smith,Mississippi,US,"Smith, Mississippi, US",1633,2021-05-29,10260.115606936417,34,15916,213.6215129429505
84028131,USA,28131.0,Stone,Mississippi,US,"Stone, Mississippi, US",1848,2021-05-29,10078.534031413612,33,18336,179.9738219895288
84028133,USA,28133.0,Sunflower,Mississippi,US,"Sunflower, Mississippi, US",3379,2021-05-29,13456.79012345679,91,25110,362.405416168857
84028135,USA,28135.0,Tallahatchie,Mississippi,US,"Tallahatchie, Mississippi, US",1795,2021-05-29,12998.768918821057,41,13809,296.9078137446593
84028137,USA,28137.0,Tate,Mississippi,US,"Tate, Mississippi, US",3402,2021-05-29,12012.287701705449,85,28321,300.1306451043395
84028139,USA,28139.0,Tippah,Mississippi,US,"Tippah, Mississippi, US",2901,2021-05-29,13177.379059732,68,22015,308.88030888030886
84028141,USA,28141.0,Tishomingo,Mississippi,US,"Tishomingo, Mississippi, US",2298,2021-05-29,11855.749883918897,67,19383,345.66372594541605
84028143,USA,28143.0,Tunica,Mississippi,US,"Tunica, Mississippi, US",1076,2021-05-29,11171.09634551495,26,9632,269.93355481727576
84090028,USA,90028.0,Unassigned,Mississippi,US,"Unassigned, Mississippi, US",0,2021-05-29,,0,0,
84028145,USA,28145.0,Union,Mississippi,US,"Union, Mississippi, US",4139,2021-05-29,14364.046503557176,76,28815,263.7515183064376
84028147,USA,28147.0,Walthall,Mississippi,US,"Walthall, Mississippi, US",1349,2021-05-29,9442.811143777124,46,14286,321.99356012879747
84028149,USA,28149.0,Warren,Mississippi,US,"Warren, Mississippi, US",4420,2021-05-29,9739.758929948657,122,45381,268.83497498953307
84028151,USA,28151.0,Washington,Mississippi,US,"Washington, Mississippi, US",5391,2021-05-29,12277.665171149423,135,43909,307.45405269990204
84028153,USA,28153.0,Wayne,Mississippi,US,"Wayne, Mississippi, US",2639,2021-05-29,13075.36045186543,42,20183,208.09592231085566
84028155,USA,28155.0,Webster,Mississippi,US,"Webster, Mississippi, US",1149,2021-05-29,11858.808958612859,32,9689,330.2714418412633
84028157,USA,28157.0,Wilkinson,Mississippi,US,"Wilkinson, Mississippi, US",684,2021-05-29,7925.840092699885,31,8630,359.21205098493624
84028159,USA,28159.0,Winston,Mississippi,US,"Winston, Mississippi, US",2289,2021-05-29,12748.538011695906,81,17955,451.1278195488722
84028161,USA,28161.0,Yalobusha,Mississippi,US,"Yalobusha, Mississippi, US",1662,2021-05-29,13726.461843409315,38,12108,313.84208787578456
84028163,USA,28163.0,Yazoo,Mississippi,US,"Yazoo, Mississippi, US",3125,2021-05-29,10525.429437521052,70,29690,235.76961940047153
84029001,USA,29001.0,Adair,Missouri,US,"Adair, Missouri, US",2398,2021-05-29,9462.17890541767,19,25343,74.97139249496902
84029003,USA,29003.0,Andrew,Missouri,US,"Andrew, Missouri, US",1873,2021-05-29,10574.75158084914,20,17712,112.9177958446251
84029005,USA,29005.0,Atchison,Missouri,US,"Atchison, Missouri, US",457,2021-05-29,8885.864281547736,6,5143,116.663426015944
84029007,USA,29007.0,Audrain,Missouri,US,"Audrain, Missouri, US",2710,2021-05-29,10674.334331180085,58,25388,228.45438789979517
84029009,USA,29009.0,Barry,Missouri,US,"Barry, Missouri, US",2916,2021-05-29,8147.754896755986,47,35789,131.32526754030567
84029011,USA,29011.0,Barton,Missouri,US,"Barton, Missouri, US",1181,2021-05-29,10047.643355453463,15,11754,127.61613067891781
84029013,USA,29013.0,Bates,Missouri,US,"Bates, Missouri, US",1340,2021-05-29,8285.92629235716,30,16172,185.5058125154588
84029015,USA,29015.0,Benton,Missouri,US,"Benton, Missouri, US",1695,2021-05-29,8717.790464434502,34,19443,174.87013320989558
84029017,USA,29017.0,Bollinger,Missouri,US,"Bollinger, Missouri, US",1138,2021-05-29,9379.378554355888,14,12133,115.3877853787192
84029019,USA,29019.0,Boone,Missouri,US,"Boone, Missouri, US",18076,2021-05-29,10016.457667222645,93,180463,51.5341094850468
84029021,USA,29021.0,Buchanan,Missouri,US,"Buchanan, Missouri, US",9384,2021-05-29,10741.266425529966,145,87364,165.97225401767318
84029023,USA,29023.0,Butler,Missouri,US,"Butler, Missouri, US",4226,2021-05-29,9948.679316351994,48,42478,112.99967041762794
84029025,USA,29025.0,Caldwell,Missouri,US,"Caldwell, Missouri, US",810,2021-05-29,8980.044345898004,14,9020,155.21064301552107
84029027,USA,29027.0,Callaway,Missouri,US,"Callaway, Missouri, US",5012,2021-05-29,11201.752229399011,50,44743,111.7493239165903
84029029,USA,29029.0,Camden,Missouri,US,"Camden, Missouri, US",4129,2021-05-29,8916.963610841163,88,46305,190.04427167692475
84029031,USA,29031.0,Cape Girardeau,Missouri,US,"Cape Girardeau, Missouri, US",8950,2021-05-29,11347.643620595656,133,78871,168.62978788147737
84029033,USA,29033.0,Carroll,Missouri,US,"Carroll, Missouri, US",1043,2021-05-29,12017.513538426087,23,8679,265.00748934209014
84029035,USA,29035.0,Carter,Missouri,US,"Carter, Missouri, US",543,2021-05-29,9077.231695085255,11,5982,183.88498829822802
84029037,USA,29037.0,Cass,Missouri,US,"Cass, Missouri, US",9265,2021-05-29,8758.744564189828,113,105780,106.82548685951976
84029039,USA,29039.0,Cedar,Missouri,US,"Cedar, Missouri, US",1127,2021-05-29,7854.205868004739,21,14349,146.3516621367343
84029041,USA,29041.0,Chariton,Missouri,US,"Chariton, Missouri, US",699,2021-05-29,9412.873687045516,8,7426,107.72959870724482
84029043,USA,29043.0,Christian,Missouri,US,"Christian, Missouri, US",8545,2021-05-29,9645.013826965403,91,88595,102.71460014673515
84029045,USA,29045.0,Clark,Missouri,US,"Clark, Missouri, US",678,2021-05-29,9974.988965720171,7,6797,102.98661174047373
84029047,USA,29047.0,Clay,Missouri,US,"Clay, Missouri, US",10164,2021-05-29,4066.4458207307116,167,249948,66.81389729063645
84029049,USA,29049.0,Clinton,Missouri,US,"Clinton, Missouri, US",1975,2021-05-29,9687.545985186638,65,20387,318.8306273605729
84029051,USA,29051.0,Cole,Missouri,US,"Cole, Missouri, US",9164,2021-05-29,11940.843051664604,127,76745,165.483093361131
84029053,USA,29053.0,Cooper,Missouri,US,"Cooper, Missouri, US",1929,2021-05-29,10892.7663899712,27,17709,152.46484838217856
84029055,USA,29055.0,Crawford,Missouri,US,"Crawford, Missouri, US",2620,2021-05-29,10953.177257525083,38,23920,158.8628762541806
84029057,USA,29057.0,Dade,Missouri,US,"Dade, Missouri, US",594,2021-05-29,7856.103689988096,17,7561,224.83798439359876
84029059,USA,29059.0,Dallas,Missouri,US,"Dallas, Missouri, US",1332,2021-05-29,7891.930323498044,28,16878,165.89643322668564
84029061,USA,29061.0,Daviess,Missouri,US,"Daviess, Missouri, US",710,2021-05-29,8576.950954336797,11,8278,132.88233872916163
84029063,USA,29063.0,DeKalb,Missouri,US,"DeKalb, Missouri, US",1131,2021-05-29,9014.106957838527,32,12547,255.04104566828724
84029065,USA,29065.0,Dent,Missouri,US,"Dent, Missouri, US",997,2021-05-29,6402.1062094651,17,15573,109.16329544724844
84029067,USA,29067.0,Douglas,Missouri,US,"Douglas, Missouri, US",949,2021-05-29,7197.572999620781,29,13185,219.94690936670457
84029069,USA,29069.0,Dunklin,Missouri,US,"Dunklin, Missouri, US",2903,2021-05-29,9965.32903092925,50,29131,171.63846074628404
84029071,USA,29071.0,Franklin,Missouri,US,"Franklin, Missouri, US",10729,2021-05-29,10319.620648859735,184,103967,176.9792337953389
84029073,USA,29073.0,Gasconade,Missouri,US,"Gasconade, Missouri, US",1560,2021-05-29,10607.915136678906,46,14706,312.79749762001904
84029075,USA,29075.0,Gentry,Missouri,US,"Gentry, Missouri, US",829,2021-05-29,12616.040176533252,20,6571,304.36767615279257
84029077,USA,29077.0,Greene,Missouri,US,"Greene, Missouri, US",28675,2021-05-29,9783.817719031274,471,293086,160.70368424285022
84029079,USA,29079.0,Grundy,Missouri,US,"Grundy, Missouri, US",1028,2021-05-29,10436.548223350253,34,9850,345.1776649746193
84029081,USA,29081.0,Harrison,Missouri,US,"Harrison, Missouri, US",885,2021-05-29,10596.264367816093,14,8352,167.62452107279694
84029083,USA,29083.0,Henry,Missouri,US,"Henry, Missouri, US",2031,2021-05-29,9306.268328445747,40,21824,183.28445747800586
84029085,USA,29085.0,Hickory,Missouri,US,"Hickory, Missouri, US",654,2021-05-29,6852.472757753562,15,9544,157.16680637049456
84029087,USA,29087.0,Holt,Missouri,US,"Holt, Missouri, US",447,2021-05-29,10152.168975698387,14,4403,317.9650238473768
84029089,USA,29089.0,Howard,Missouri,US,"Howard, Missouri, US",1057,2021-05-29,10568.94310568943,7,10001,69.99300069993001
84029091,USA,29091.0,Howell,Missouri,US,"Howell, Missouri, US",3522,2021-05-29,8779.320487573847,45,40117,112.17189720068798
84029093,USA,29093.0,Iron,Missouri,US,"Iron, Missouri, US",914,2021-05-29,9027.160493827161,7,10125,69.1358024691358
84029095,USA,29095.0,Jackson,Missouri,US,"Jackson, Missouri, US",38760,2021-05-29,5513.4272436704405,463,703011,65.85956692000552
84029097,USA,29097.0,Jasper,Missouri,US,"Jasper,Missouri,US",15685,2021-05-29,12927.766055650796,237,121328,195.3382566266649
84029099,USA,29099.0,Jefferson,Missouri,US,"Jefferson, Missouri, US",23504,2021-05-29,10442.46293556542,248,225081,110.18255650188155
84029101,USA,29101.0,Johnson,Missouri,US,"Johnson, Missouri, US",4803,2021-05-29,8884.244016129629,56,54062,103.58477303836337
84070003,USA,,Kansas City,Missouri,US,"Kansas City,Missouri,US",44561,2021-05-29,9113.741274545295,587,488943,120.05489392424066
84029103,USA,29103.0,Knox,Missouri,US,"Knox, Missouri, US",378,2021-05-29,9547.865622631978,3,3959,75.77671129072998
84029105,USA,29105.0,Laclede,Missouri,US,"Laclede, Missouri, US",3343,2021-05-29,9358.11661954483,69,35723,193.1528706995493
84029107,USA,29107.0,Lafayette,Missouri,US,"Lafayette, Missouri, US",3125,2021-05-29,9554.237495413965,57,32708,174.26929191635074
84029109,USA,29109.0,Lawrence,Missouri,US,"Lawrence, Missouri, US",3447,2021-05-29,8987.09425107548,86,38355,224.22109242602005
84029111,USA,29111.0,Lewis,Missouri,US,"Lewis, Missouri, US",1046,2021-05-29,10699.672667757774,19,9776,194.35351882160393
84029113,USA,29113.0,Lincoln,Missouri,US,"Lincoln, Missouri, US",6085,2021-05-29,10311.287343466693,50,59013,84.72709403012895
84029115,USA,29115.0,Linn,Missouri,US,"Linn, Missouri, US",1380,2021-05-29,11577.181208053691,13,11920,109.06040268456375
84029117,USA,29117.0,Livingston,Missouri,US,"Livingston, Missouri, US",1927,2021-05-29,12655.152032573718,42,15227,275.8258356866093
84029121,USA,29121.0,Macon,Missouri,US,"Macon, Missouri, US",1572,2021-05-29,10398.888668386584,16,15117,105.84110603955811
84029123,USA,29123.0,Madison,Missouri,US,"Madison, Missouri, US",1676,2021-05-29,13864.990072799472,16,12088,132.36267372600926
84029125,USA,29125.0,Maries,Missouri,US,"Maries, Missouri, US",641,2021-05-29,7370.357594572841,8,8697,91.98574220995745
84029127,USA,29127.0,Marion,Missouri,US,"Marion, Missouri, US",3632,2021-05-29,12730.459165790395,51,28530,178.75920084121978
84029119,USA,29119.0,McDonald,Missouri,US,"McDonald, Missouri, US",2456,2021-05-29,10754.47738319394,28,22837,122.6080483426019
84029129,USA,29129.0,Mercer,Missouri,US,"Mercer, Missouri, US",300,2021-05-29,8294.166436273155,2,3617,55.294442908487696
84029131,USA,29131.0,Miller,Missouri,US,"Miller, Missouri, US",2549,2021-05-29,9949.64674655529,54,25619,210.78106093134005
84029133,USA,29133.0,Mississippi,Missouri,US,"Mississippi, Missouri, US",1478,2021-05-29,11213.960546282246,28,13180,212.44309559939305
84029135,USA,29135.0,Moniteau,Missouri,US,"Moniteau, Missouri, US",1795,2021-05-29,11126.95264071411,32,16132,198.3635011157947
84029137,USA,29137.0,Monroe,Missouri,US,"Monroe, Missouri, US",1000,2021-05-29,11568.71818602499,12,8644,138.82461823229985
84029139,USA,29139.0,Montgomery,Missouri,US,"Montgomery, Missouri, US",1039,2021-05-29,8994.89221712406,11,11551,95.22985022941737
84029141,USA,29141.0,Morgan,Missouri,US,"Morgan, Missouri, US",1720,2021-05-29,8338.585349299461,44,20627,213.31264847045134
84029143,USA,29143.0,New Madrid,Missouri,US,"New Madrid, Missouri, US",2131,2021-05-29,12479.503396579996,45,17076,263.5277582572031
84029145,USA,29145.0,Newton,Missouri,US,"Newton, Missouri, US",5422,2021-05-29,9310.392197266296,79,58236,135.65492135448864
84029147,USA,29147.0,Nodaway,Missouri,US,"Nodaway, Missouri, US",2704,2021-05-29,12239.724787253304,25,22092,113.16313597682418
84029149,USA,29149.0,Oregon,Missouri,US,"Oregon, Missouri, US",803,2021-05-29,7626.555228416753,5,10529,47.48789058790008
84029151,USA,29151.0,Osage,Missouri,US,"Osage, Missouri, US",1639,2021-05-29,12038.193169298567,16,13615,117.5174439955931
84080029,USA,80029.0,Out of MO,Missouri,US,"Out of MO, Missouri, US",0,2021-05-29,,0,0,
84029153,USA,29153.0,Ozark,Missouri,US,"Ozark, Missouri, US",653,2021-05-29,7117.942010028341,21,9174,228.9077828646174
84029155,USA,29155.0,Pemiscot,Missouri,US,"Pemiscot, Missouri, US",1604,2021-05-29,10148.687124327744,39,15805,246.75735526732046
84029157,USA,29157.0,Perry,Missouri,US,"Perry, Missouri, US",2246,2021-05-29,11737.040133779265,30,19136,156.77257525083613
84029159,USA,29159.0,Pettis,Missouri,US,"Pettis, Missouri, US",5168,2021-05-29,12206.240109591628,77,42339,181.86541958950377
84029161,USA,29161.0,Phelps,Missouri,US,"Phelps, Missouri, US",3894,2021-05-29,8736.230453413502,130,44573,291.65638390954166
84029163,USA,29163.0,Pike,Missouri,US,"Pike, Missouri, US",1802,2021-05-29,9845.91847885477,26,18302,142.06097694241066
84029165,USA,29165.0,Platte,Missouri,US,"Platte, Missouri, US",4199,2021-05-29,4021.3373173207688,47,104418,45.01139650251872
84029167,USA,29167.0,Polk,Missouri,US,"Polk, Missouri, US",3349,2021-05-29,10417.12028367912,37,32149,115.0891163022178
84029169,USA,29169.0,Pulaski,Missouri,US,"Pulaski, Missouri, US",3507,2021-05-29,6666.413214971392,52,52607,98.84616115726044
84029171,USA,29171.0,Putnam,Missouri,US,"Putnam, Missouri, US",403,2021-05-29,8581.771720613287,4,4696,85.17887563884157
84029173,USA,29173.0,Ralls,Missouri,US,"Ralls, Missouri, US",1065,2021-05-29,10330.778931031138,13,10309,126.10340479192938
84029175,USA,29175.0,Randolph,Missouri,US,"Randolph, Missouri, US",2650,2021-05-29,10707.935994827865,30,24748,121.2219169225796
84029177,USA,29177.0,Ray,Missouri,US,"Ray, Missouri, US",1984,2021-05-29,8619.341385003041,27,23018,117.29950473542445
84029179,USA,29179.0,Reynolds,Missouri,US,"Reynolds, Missouri, US",387,2021-05-29,6172.2488038277515,3,6270,47.84688995215311
84029181,USA,29181.0,Ripley,Missouri,US,"Ripley, Missouri, US",1091,2021-05-29,8210.415412402168,16,13288,120.40939193257074
84029195,USA,29195.0,Saline,Missouri,US,"Saline, Missouri, US",2838,2021-05-29,12468.69645446158,38,22761,166.9522428715786
84029197,USA,29197.0,Schuyler,Missouri,US,"Schuyler, Missouri, US",342,2021-05-29,7339.055793991417,7,4660,150.21459227467813
84029199,USA,29199.0,Scotland,Missouri,US,"Scotland, Missouri, US",306,2021-05-29,6242.3500611995105,4,4902,81.59934720522236
84029201,USA,29201.0,Scott,Missouri,US,"Scott, Missouri, US",4732,2021-05-29,12361.546499477534,86,38280,224.66039707419017
84029203,USA,29203.0,Shannon,Missouri,US,"Shannon, Missouri, US",589,2021-05-29,7212.833700710263,12,8166,146.9507714915503
84029205,USA,29205.0,Shelby,Missouri,US,"Shelby, Missouri, US",659,2021-05-29,11112.984822934233,7,5930,118.04384485666105
84029183,USA,29183.0,St. Charles,Missouri,US,"St. Charles, Missouri, US",43033,2021-05-29,10704.140569421574,462,402022,114.9190840302272
84029185,USA,29185.0,St. Clair,Missouri,US,"St. Clair, Missouri, US",791,2021-05-29,8417.580078748537,8,9397,85.13355326167927
84029187,USA,29187.0,St. Francois,Missouri,US,"St. Francois, Missouri, US",8863,2021-05-29,13186.044781670758,115,67215,171.09276203228447
84029189,USA,29189.0,St. Louis,Missouri,US,"St. Louis, Missouri, US",100014,2021-05-29,10059.695937960481,2237,994205,225.00389758651386
84029510,USA,29510.0,St. Louis City,Missouri,US,"St. Louis City, Missouri, US",24955,2021-05-29,8302.392739273926,511,300576,170.0069200468434
84029186,USA,29186.0,Ste. Genevieve,Missouri,US,"Ste. Genevieve, Missouri, US",1831,2021-05-29,10232.480160947804,17,17894,95.00391192578518
84029207,USA,29207.0,Stoddard,Missouri,US,"Stoddard, Missouri, US",2506,2021-05-29,8633.936261843239,41,29025,141.25753660637383
84029209,USA,29209.0,Stone,Missouri,US,"Stone, Missouri, US",2480,2021-05-29,7761.6424636955435,47,31952,147.09564346519778
84029211,USA,29211.0,Sullivan,Missouri,US,"Sullivan, Missouri, US",844,2021-05-29,13861.060929545083,14,6089,229.92281162752508
84029213,USA,29213.0,Taney,Missouri,US,"Taney, Missouri, US",5409,2021-05-29,9671.363181233015,96,55928,171.64926333857818
84029215,USA,29215.0,Texas,Missouri,US,"Texas, Missouri, US",1868,2021-05-29,7354.909835420112,23,25398,90.55831167808488
84090029,USA,90029.0,Unassigned,Missouri,US,"Unassigned, Missouri, US",0,2021-05-29,,0,0,
84029217,USA,29217.0,Vernon,Missouri,US,"Vernon, Missouri, US",1963,2021-05-29,9546.272431065505,46,20563,223.70276710596704
84029219,USA,29219.0,Warren,Missouri,US,"Warren, Missouri, US",3202,2021-05-29,8982.019130971416,23,35649,64.51793879211198
84029221,USA,29221.0,Washington,Missouri,US,"Washington, Missouri, US",2767,2021-05-29,11188.83946623534,52,24730,210.27092600080874
84029223,USA,29223.0,Wayne,Missouri,US,"Wayne, Missouri, US",1037,2021-05-29,8055.620290530568,14,12873,108.75475802066339
84029225,USA,29225.0,Webster,Missouri,US,"Webster, Missouri, US",3666,2021-05-29,9259.446352798544,54,39592,136.3911901394221
84029227,USA,29227.0,Worth,Missouri,US,"Worth, Missouri, US",163,2021-05-29,8097.367113760556,2,2013,99.35419771485346
84029229,USA,29229.0,Wright,Missouri,US,"Wright, Missouri, US",1620,2021-05-29,8857.783367051234,33,18289,180.43632784733992
84030001,USA,30001.0,Beaverhead,Montana,US,"Beaverhead, Montana, US",911,2021-05-29,9637.152226806305,11,9453,116.36517507669522
84030003,USA,30003.0,Big Horn,Montana,US,"Big Horn, Montana, US",2568,2021-05-29,19280.726781289886,76,13319,570.6134094151213
84030005,USA,30005.0,Blaine,Montana,US,"Blaine, Montana, US",794,2021-05-29,11884.448435862894,24,6681,359.22766052986077
84030007,USA,30007.0,Broadwater,Montana,US,"Broadwater, Montana, US",507,2021-05-29,8128.908128908129,5,6237,80.1667468334135
84030009,USA,30009.0,Carbon,Montana,US,"Carbon, Montana, US",888,2021-05-29,8279.72027972028,16,10725,149.1841491841492
84030011,USA,30011.0,Carter,Montana,US,"Carter, Montana, US",151,2021-05-29,12060.70287539936,5,1252,399.36102236421726
84030013,USA,30013.0,Cascade,Montana,US,"Cascade, Montana, US",9247,2021-05-29,11364.697785315733,170,81366,208.93247793918835
84030015,USA,30015.0,Chouteau,Montana,US,"Chouteau, Montana, US",509,2021-05-29,9032.830523513754,6,5635,106.4773735581189
84030017,USA,30017.0,Custer,Montana,US,"Custer, Montana, US",1195,2021-05-29,10480.617435537624,18,11402,157.8670408700228
84030019,USA,30019.0,Daniels,Montana,US,"Daniels, Montana, US",197,2021-05-29,11656.80473372781,8,1690,473.37278106508876
84030021,USA,30021.0,Dawson,Montana,US,"Dawson, Montana, US",1100,2021-05-29,12771.392081736909,30,8613,348.31069313827936
84030023,USA,30023.0,Deer Lodge,Montana,US,"Deer Lodge, Montana, US",1118,2021-05-29,12231.947483588621,15,9140,164.11378555798686
84030025,USA,30025.0,Fallon,Montana,US,"Fallon, Montana, US",286,2021-05-29,10049.191848208011,2,2846,70.27406886858749
84030027,USA,30027.0,Fergus,Montana,US,"Fergus, Montana, US",1120,2021-05-29,10135.746606334842,31,11050,280.54298642533934
84030029,USA,30029.0,Flathead,Montana,US,"Flathead, Montana, US",12151,2021-05-29,11705.489085409321,96,103806,92.4802034564476
84030031,USA,30031.0,Gallatin,Montana,US,"Gallatin, Montana, US",14810,2021-05-29,12941.957809741862,63,114434,55.0535679955258
84030033,USA,30033.0,Garfield,Montana,US,"Garfield, Montana, US",80,2021-05-29,6359.300476947536,2,1258,158.9825119236884
84030035,USA,30035.0,Glacier,Montana,US,"Glacier, Montana, US",1541,2021-05-29,11204.828037519086,42,13753,305.3879153639206
84030037,USA,30037.0,Golden Valley,Montana,US,"Golden Valley, Montana, US",57,2021-05-29,6942.752740560293,2,821,243.60535931790497
84030039,USA,30039.0,Granite,Montana,US,"Granite, Montana, US",201,2021-05-29,5948.505474992601,2,3379,59.18910920390648
84030041,USA,30041.0,Hill,Montana,US,"Hill, Montana, US",1999,2021-05-29,12126.910943945644,45,16484,272.99199223489444
84030043,USA,30043.0,Jefferson,Montana,US,"Jefferson, Montana, US",1096,2021-05-29,8968.16954422715,8,12221,65.46109156370183
84030045,USA,30045.0,Judith Basin,Montana,US,"Judith Basin, Montana, US",91,2021-05-29,4534.130543099153,1,2007,49.82561036372695
84030047,USA,30047.0,Lake,Montana,US,"Lake, Montana, US",2115,2021-05-29,6943.988443101977,36,30458,118.19554796769323
84030049,USA,30049.0,Lewis and Clark,Montana,US,"Lewis and Clark, Montana, US",6962,2021-05-29,10027.07685217191,88,69432,126.74271229404309
84030051,USA,30051.0,Liberty,Montana,US,"Liberty, Montana, US",117,2021-05-29,5006.418485237484,1,2337,42.78990158322636
84030053,USA,30053.0,Lincoln,Montana,US,"Lincoln, Montana, US",1630,2021-05-29,8158.158158158158,17,19980,85.08508508508508
84030057,USA,30057.0,Madison,Montana,US,"Madison, Montana, US",786,2021-05-29,9139.53488372093,8,8600,93.0232558139535
84030055,USA,30055.0,McCone,Montana,US,"McCone, Montana, US",183,2021-05-29,10997.596153846154,1,1664,60.09615384615385
84030059,USA,30059.0,Meagher,Montana,US,"Meagher, Montana, US",151,2021-05-29,8109.559613319012,7,1862,375.9398496240601
84030061,USA,30061.0,Mineral,Montana,US,"Mineral, Montana, US",263,2021-05-29,5981.350921082557,0,4397,0.0
84030063,USA,30063.0,Missoula,Montana,US,"Missoula, Montana, US",9204,2021-05-29,7695.652173913044,94,119600,78.59531772575251
84030065,USA,30065.0,Musselshell,Montana,US,"Musselshell, Montana, US",356,2021-05-29,7684.0060436002595,12,4633,259.0114396719188
84080030,USA,80030.0,Out of MT,Montana,US,"Out of MT, Montana, US",0,2021-05-29,,0,0,
84030067,USA,30067.0,Park,Montana,US,"Park, Montana, US",1425,2021-05-29,8581.235697940503,20,16606,120.43839576056847
84030069,USA,30069.0,Petroleum,Montana,US,"Petroleum, Montana, US",12,2021-05-29,2464.065708418891,1,487,205.3388090349076
84030071,USA,30071.0,Phillips,Montana,US,"Phillips, Montana, US",524,2021-05-29,13252.40263024785,16,3954,404.6535154274153
84030073,USA,30073.0,Pondera,Montana,US,"Pondera, Montana, US",500,2021-05-29,8458.805616646929,4,5911,67.67044493317545
84030075,USA,30075.0,Powder River,Montana,US,"Powder River, Montana, US",126,2021-05-29,7491.082045184304,6,1682,356.718192627824
84030077,USA,30077.0,Powell,Montana,US,"Powell, Montana, US",929,2021-05-29,13483.309143686503,11,6890,159.65166908563134
84030079,USA,30079.0,Prairie,Montana,US,"Prairie, Montana, US",141,2021-05-29,13091.92200557103,2,1077,185.70102135561746
84030081,USA,30081.0,Ravalli,Montana,US,"Ravalli, Montana, US",3164,2021-05-29,7222.754873761584,45,43806,102.72565401999726
84030083,USA,30083.0,Richland,Montana,US,"Richland, Montana, US",1242,2021-05-29,11496.806442654817,17,10803,157.36369526983245
84030085,USA,30085.0,Roosevelt,Montana,US,"Roosevelt, Montana, US",1658,2021-05-29,15067.248273355144,54,11004,490.73064340239915
84030087,USA,30087.0,Rosebud,Montana,US,"Rosebud, Montana, US",1229,2021-05-29,13751.818283540337,50,8937,559.4718585655141
84030089,USA,30089.0,Sanders,Montana,US,"Sanders, Montana, US",647,2021-05-29,5341.368777346652,15,12113,123.8338974655329
84030091,USA,30091.0,Sheridan,Montana,US,"Sheridan, Montana, US",424,2021-05-29,12813.538833484436,5,3309,151.1030522816561
84030093,USA,30093.0,Silver Bow,Montana,US,"Silver Bow, Montana, US",4116,2021-05-29,11788.629528855792,86,34915,246.31247314907634
84030095,USA,30095.0,Stillwater,Montana,US,"Stillwater, Montana, US",729,2021-05-29,7560.672059738644,14,9642,145.1980916822236
84030097,USA,30097.0,Sweet Grass,Montana,US,"Sweet Grass, Montana, US",402,2021-05-29,10757.291945410758,7,3737,187.31602890018732
84030099,USA,30099.0,Teton,Montana,US,"Teton, Montana, US",502,2021-05-29,8166.58532617537,6,6147,97.60858955588093
84030101,USA,30101.0,Toole,Montana,US,"Toole, Montana, US",722,2021-05-29,15244.932432432432,11,4736,232.26351351351352
84030103,USA,30103.0,Treasure,Montana,US,"Treasure, Montana, US",55,2021-05-29,7902.298850574713,1,696,143.67816091954023
84090030,USA,90030.0,Unassigned,Montana,US,"Unassigned, Montana, US",0,2021-05-29,,0,0,
84030105,USA,30105.0,Valley,Montana,US,"Valley, Montana, US",901,2021-05-29,12182.260681449432,18,7396,243.37479718766903
84030107,USA,30107.0,Wheatland,Montana,US,"Wheatland, Montana, US",180,2021-05-29,8466.603951081845,8,2126,376.29350893697085
84030109,USA,30109.0,Wibaux,Montana,US,"Wibaux, Montana, US",121,2021-05-29,12487.100103199175,6,969,619.1950464396285
84030111,USA,30111.0,Yellowstone,Montana,US,"Yellowstone, Montana, US",17652,2021-05-29,10943.5833849969,268,161300,166.15003099814012
84031001,USA,31001.0,Adams,Nebraska,US,"Adams, Nebraska, US",2993,2021-05-29,9543.092178681885,46,31363,146.669642572458
84031003,USA,31003.0,Antelope,Nebraska,US,"Antelope, Nebraska, US",536,2021-05-29,8510.63829787234,7,6298,111.14639568116863
84031005,USA,31005.0,Arthur,Nebraska,US,"Arthur, Nebraska, US",22,2021-05-29,4751.619870410367,1,463,215.98272138228944
84031007,USA,31007.0,Banner,Nebraska,US,"Banner, Nebraska, US",36,2021-05-29,4832.214765100671,0,745,0.0
84031009,USA,31009.0,Blaine,Nebraska,US,"Blaine, Nebraska, US",21,2021-05-29,4516.129032258064,0,465,0.0
84031011,USA,31011.0,Boone,Nebraska,US,"Boone, Nebraska, US",584,2021-05-29,11248.073959938367,4,5192,77.04160246533128
84031013,USA,31013.0,Box Butte,Nebraska,US,"Box Butte, Nebraska, US",944,2021-05-29,8754.521005286098,8,10783,74.19085597700084
84031015,USA,31015.0,Boyd,Nebraska,US,"Boyd, Nebraska, US",176,2021-05-29,9171.443460135486,3,1919,156.3314226159458
84031017,USA,31017.0,Brown,Nebraska,US,"Brown, Nebraska, US",220,2021-05-29,7445.008460236886,2,2955,67.68189509306261
84031019,USA,31019.0,Buffalo,Nebraska,US,"Buffalo, Nebraska, US",5521,2021-05-29,11117.823556656396,57,49659,114.78281882438229
84031021,USA,31021.0,Burt,Nebraska,US,"Burt, Nebraska, US",671,2021-05-29,10388.605047220932,12,6459,185.78727357176032
84031023,USA,31023.0,Butler,Nebraska,US,"Butler, Nebraska, US",850,2021-05-29,10603.79241516966,11,8016,137.2255489021956
84031025,USA,31025.0,Cass,Nebraska,US,"Cass, Nebraska, US",2676,2021-05-29,10195.06248095093,16,26248,60.957025297165494
84031027,USA,31027.0,Cedar,Nebraska,US,"Cedar, Nebraska, US",776,2021-05-29,9235.89621518686,11,8402,130.9212092358962
84031029,USA,31029.0,Chase,Nebraska,US,"Chase, Nebraska, US",463,2021-05-29,11799.184505606523,5,3924,127.420998980632
84031031,USA,31031.0,Cherry,Nebraska,US,"Cherry, Nebraska, US",301,2021-05-29,5290.912286869398,7,5689,123.04447178766038
84031033,USA,31033.0,Cheyenne,Nebraska,US,"Cheyenne, Nebraska, US",938,2021-05-29,10527.497194163861,16,8910,179.57351290684625
84031035,USA,31035.0,Clay,Nebraska,US,"Clay, Nebraska, US",706,2021-05-29,11381.589553441883,11,6203,177.33354828308885
84031037,USA,31037.0,Colfax,Nebraska,US,"Colfax, Nebraska, US",1593,2021-05-29,14875.338500326829,21,10709,196.09674105892242
84031039,USA,31039.0,Cuming,Nebraska,US,"Cuming, Nebraska, US",1056,2021-05-29,11937.598914763736,15,8846,169.56816640289395
84031041,USA,31041.0,Custer,Nebraska,US,"Custer, Nebraska, US",852,2021-05-29,7905.725155423587,19,10777,176.3013825740002
84031043,USA,31043.0,Dakota,Nebraska,US,"Dakota, Nebraska, US",3939,2021-05-29,19669.429741336266,65,20026,324.57804853690203
84031045,USA,31045.0,Dawes,Nebraska,US,"Dawes, Nebraska, US",749,2021-05-29,8720.456397718011,12,8589,139.71358714634997
84031047,USA,31047.0,Dawson,Nebraska,US,"Dawson, Nebraska, US",2888,2021-05-29,12239.881330790422,31,23595,131.3837677474041
84031049,USA,31049.0,Deuel,Nebraska,US,"Deuel, Nebraska, US",107,2021-05-29,5964.325529542921,1,1794,55.74136008918617
84031051,USA,31051.0,Dixon,Nebraska,US,"Dixon, Nebraska, US",611,2021-05-29,10841.022001419447,9,5636,159.6877217885025
84031053,USA,31053.0,Dodge,Nebraska,US,"Dodge, Nebraska, US",4964,2021-05-29,13575.82387529058,62,36565,169.56105565431423
84031055,USA,31055.0,Douglas,Nebraska,US,"Douglas, Nebraska, US",71755,2021-05-29,12559.357425782433,718,571327,125.67233825812538
84031057,USA,31057.0,Dundy,Nebraska,US,"Dundy, Nebraska, US",185,2021-05-29,10927.347903130538,4,1693,236.26698168930892
84031059,USA,31059.0,Fillmore,Nebraska,US,"Fillmore, Nebraska, US",507,2021-05-29,9282.314170633466,8,5462,146.46649578908824
84031061,USA,31061.0,Franklin,Nebraska,US,"Franklin, Nebraska, US",242,2021-05-29,8123.531386371266,4,2979,134.2732460557234
84031063,USA,31063.0,Frontier,Nebraska,US,"Frontier, Nebraska, US",193,2021-05-29,7346.783403121432,1,2627,38.06623524933384
84031065,USA,31065.0,Furnas,Nebraska,US,"Furnas, Nebraska, US",508,2021-05-29,10863.98631308811,5,4676,106.92899914456801
84031067,USA,31067.0,Gage,Nebraska,US,"Gage, Nebraska, US",2188,2021-05-29,10170.594524241156,19,21513,88.31869102403199
84031069,USA,31069.0,Garden,Nebraska,US,"Garden, Nebraska, US",113,2021-05-29,6151.333696243875,1,1837,54.43658138268917
84031071,USA,31071.0,Garfield,Nebraska,US,"Garfield, Nebraska, US",153,2021-05-29,7770.441848654139,1,1969,50.78720162519045
84031073,USA,31073.0,Gosper,Nebraska,US,"Gosper, Nebraska, US",187,2021-05-29,9396.984924623115,5,1990,251.25628140703517
84031075,USA,31075.0,Grant,Nebraska,US,"Grant, Nebraska, US",41,2021-05-29,6581.059390048154,4,623,642.0545746388443
84031077,USA,31077.0,Greeley,Nebraska,US,"Greeley, Nebraska, US",214,2021-05-29,9083.191850594227,1,2356,42.444821731748725
84031079,USA,31079.0,Hall,Nebraska,US,"Hall, Nebraska, US",7863,2021-05-29,12815.999217642167,117,61353,190.69972128502275
84031081,USA,31081.0,Hamilton,Nebraska,US,"Hamilton, Nebraska, US",967,2021-05-29,10371.085371085372,17,9324,182.3251823251823
84031083,USA,31083.0,Harlan,Nebraska,US,"Harlan, Nebraska, US",219,2021-05-29,6479.289940828402,0,3380,0.0
84031085,USA,31085.0,Hayes,Nebraska,US,"Hayes, Nebraska, US",61,2021-05-29,6616.052060737527,0,922,0.0
84031087,USA,31087.0,Hitchcock,Nebraska,US,"Hitchcock, Nebraska, US",255,2021-05-29,9232.440260680665,5,2762,181.02824040550325
84031089,USA,31089.0,Holt,Nebraska,US,"Holt, Nebraska, US",865,2021-05-29,8592.43071421476,16,10067,158.93513459819212
84031091,USA,31091.0,Hooker,Nebraska,US,"Hooker, Nebraska, US",54,2021-05-29,7917.8885630498535,2,682,293.2551319648094
84031093,USA,31093.0,Howard,Nebraska,US,"Howard, Nebraska, US",559,2021-05-29,8673.390224980605,10,6445,155.1590380139643
84031095,USA,31095.0,Jefferson,Nebraska,US,"Jefferson, Nebraska, US",669,2021-05-29,9494.748793641784,1,7046,14.19244961680386
84031097,USA,31097.0,Johnson,Nebraska,US,"Johnson, Nebraska, US",641,2021-05-29,12640.504831394202,9,5071,177.4797870242556
84031099,USA,31099.0,Kearney,Nebraska,US,"Kearney, Nebraska, US",690,2021-05-29,10623.556581986144,5,6495,76.98229407236335
84031101,USA,31101.0,Keith,Nebraska,US,"Keith, Nebraska, US",723,2021-05-29,8999.253174010457,10,8034,124.47099825740602
84031103,USA,31103.0,Keya Paha,Nebraska,US,"Keya Paha, Nebraska, US",54,2021-05-29,6699.751861042183,0,806,0.0
84031105,USA,31105.0,Kimball,Nebraska,US,"Kimball, Nebraska, US",423,2021-05-29,11646.47577092511,1,3632,27.533039647577095
84031107,USA,31107.0,Knox,Nebraska,US,"Knox, Nebraska, US",888,2021-05-29,10657.705232837254,12,8332,144.02304368698992
84031109,USA,31109.0,Lancaster,Nebraska,US,"Lancaster, Nebraska, US",31468,2021-05-29,9861.794478046946,170,319090,53.276505061267976
84031111,USA,31111.0,Lincoln,Nebraska,US,"Lincoln, Nebraska, US",3874,2021-05-29,11095.835481468752,60,34914,171.85083347654236
84031113,USA,31113.0,Logan,Nebraska,US,"Logan, Nebraska, US",82,2021-05-29,10962.566844919786,0,748,0.0
84031115,USA,31115.0,Loup,Nebraska,US,"Loup, Nebraska, US",42,2021-05-29,6325.301204819277,0,664,0.0
84031119,USA,31119.0,Madison,Nebraska,US,"Madison, Nebraska, US",4303,2021-05-29,12259.608535855721,44,35099,125.35969685746032
84031117,USA,31117.0,McPherson,Nebraska,US,"McPherson, Nebraska, US",29,2021-05-29,5870.4453441295545,1,494,202.42914979757086
84031121,USA,31121.0,Merrick,Nebraska,US,"Merrick, Nebraska, US",787,2021-05-29,10148.29142488717,15,7755,193.42359767891682
84031123,USA,31123.0,Morrill,Nebraska,US,"Morrill, Nebraska, US",513,2021-05-29,11051.271003877639,7,4642,150.79707022834984
84031125,USA,31125.0,Nance,Nebraska,US,"Nance, Nebraska, US",414,2021-05-29,11764.70588235294,10,3519,284.1716396703609
84031127,USA,31127.0,Nemaha,Nebraska,US,"Nemaha, Nebraska, US",696,2021-05-29,9982.788296041308,15,6972,215.14629948364887
84031129,USA,31129.0,Nuckolls,Nebraska,US,"Nuckolls, Nebraska, US",434,2021-05-29,10462.873674059787,11,4148,265.1880424300868
84031131,USA,31131.0,Otoe,Nebraska,US,"Otoe, Nebraska, US",1473,2021-05-29,9199.350487134649,10,16012,62.45316012990258
84080031,USA,80031.0,Out of NE,Nebraska,US,"Out of NE, Nebraska, US",0,2021-05-29,,0,0,
84031133,USA,31133.0,Pawnee,Nebraska,US,"Pawnee, Nebraska, US",234,2021-05-29,8955.223880597014,1,2613,38.27018752391887
84031135,USA,31135.0,Perkins,Nebraska,US,"Perkins, Nebraska, US",294,2021-05-29,10169.49152542373,11,2891,380.4911795226565
84031137,USA,31137.0,Phelps,Nebraska,US,"Phelps, Nebraska, US",1001,2021-05-29,11080.363072835953,10,9034,110.69293779056896
84031139,USA,31139.0,Pierce,Nebraska,US,"Pierce, Nebraska, US",642,2021-05-29,8981.53329602686,20,7148,279.79854504756577
84031141,USA,31141.0,Platte,Nebraska,US,"Platte, Nebraska, US",4152,2021-05-29,12405.138930385421,50,33470,149.38751120406334
84031143,USA,31143.0,Polk,Nebraska,US,"Polk, Nebraska, US",585,2021-05-29,11221.945137157109,9,5213,172.64530980241705
84031145,USA,31145.0,Red Willow,Nebraska,US,"Red Willow, Nebraska, US",1214,2021-05-29,11320.402834763148,15,10724,139.87318164863856
84031147,USA,31147.0,Richardson,Nebraska,US,"Richardson, Nebraska, US",738,2021-05-29,9383.343928798473,19,7865,241.57660521296884
84031149,USA,31149.0,Rock,Nebraska,US,"Rock, Nebraska, US",102,2021-05-29,7516.580692704496,2,1357,147.38393515106853
84031151,USA,31151.0,Saline,Nebraska,US,"Saline, Nebraska, US",2044,2021-05-29,14370.07874015748,2,14224,14.060742407199102
84031153,USA,31153.0,Sarpy,Nebraska,US,"Sarpy, Nebraska, US",22854,2021-05-29,12208.594200730786,131,187196,69.98012778050814
84031155,USA,31155.0,Saunders,Nebraska,US,"Saunders, Nebraska, US",2534,2021-05-29,11743.442395031976,16,21578,74.14959681156733
84031157,USA,31157.0,Scotts Bluff,Nebraska,US,"Scotts Bluff, Nebraska, US",4193,2021-05-29,11772.13768319389,48,35618,134.76332191588523
84031159,USA,31159.0,Seward,Nebraska,US,"Seward, Nebraska, US",1761,2021-05-29,10188.613746817866,32,17284,185.14232816477667
84031161,USA,31161.0,Sheridan,Nebraska,US,"Sheridan, Nebraska, US",530,2021-05-29,10102.935569958063,10,5246,190.62142584826535
84031163,USA,31163.0,Sherman,Nebraska,US,"Sherman, Nebraska, US",212,2021-05-29,7064.311896034656,4,3001,133.2889036987671
84031165,USA,31165.0,Sioux,Nebraska,US,"Sioux, Nebraska, US",39,2021-05-29,3344.7684391080616,0,1166,0.0
84031167,USA,31167.0,Stanton,Nebraska,US,"Stanton, Nebraska, US",372,2021-05-29,6283.783783783783,11,5920,185.8108108108108
84031169,USA,31169.0,Thayer,Nebraska,US,"Thayer, Nebraska, US",495,2021-05-29,9894.063561862882,4,5003,79.95202878273037
84031171,USA,31171.0,Thomas,Nebraska,US,"Thomas, Nebraska, US",53,2021-05-29,7340.720221606649,1,722,138.50415512465375
84031173,USA,31173.0,Thurston,Nebraska,US,"Thurston, Nebraska, US",848,2021-05-29,11738.648947951273,11,7224,152.2702104097453
84090031,USA,90031.0,Unassigned,Nebraska,US,"Unassigned, Nebraska, US",2069,2021-05-29,,19,0,
84031175,USA,31175.0,Valley,Nebraska,US,"Valley, Nebraska, US",327,2021-05-29,7864.357864357864,2,4158,48.1000481000481
84031177,USA,31177.0,Washington,Nebraska,US,"Washington, Nebraska, US",2198,2021-05-29,10603.502339717304,25,20729,120.60398475565633
84031179,USA,31179.0,Wayne,Nebraska,US,"Wayne, Nebraska, US",1090,2021-05-29,11614.278103356419,7,9385,74.58710708577517
84031181,USA,31181.0,Webster,Nebraska,US,"Webster, Nebraska, US",391,2021-05-29,11213.077143676514,7,3487,200.7456266131345
84031183,USA,31183.0,Wheeler,Nebraska,US,"Wheeler, Nebraska, US",39,2021-05-29,4980.842911877395,0,783,0.0
84031185,USA,31185.0,York,Nebraska,US,"York, Nebraska, US",1768,2021-05-29,12924.921412383947,11,13679,80.41523503180056
84032510,USA,32510.0,Carson City,Nevada,US,"Carson City, Nevada, US",6539,2021-05-29,11694.327205093356,123,55916,219.97281636740829
84032001,USA,32001.0,Churchill,Nevada,US,"Churchill, Nevada, US",2074,2021-05-29,8326.3077602473,49,24909,196.71604640892852
84032003,USA,32003.0,Clark,Nevada,US,"Clark, Nevada, US",251012,2021-05-29,11073.822690545569,4406,2266715,194.3782081117388
84032005,USA,32005.0,Douglas,Nevada,US,"Douglas, Nevada, US",2918,2021-05-29,5966.670074634495,36,48905,73.61210510172783
84032007,USA,32007.0,Elko,Nevada,US,"Elko, Nevada, US",5015,2021-05-29,9502.065254462086,56,52778,106.10481640077306
84032009,USA,32009.0,Esmeralda,Nevada,US,"Esmeralda, Nevada, US",38,2021-05-29,4352.8064146620845,0,873,0.0
84032011,USA,32011.0,Eureka,Nevada,US,"Eureka, Nevada, US",55,2021-05-29,2710.6949236076885,0,2029,0.0
84032013,USA,32013.0,Humboldt,Nevada,US,"Humboldt, Nevada, US",1193,2021-05-29,7088.111223337888,14,16831,83.17984671142534
84032015,USA,32015.0,Lander,Nevada,US,"Lander, Nevada, US",468,2021-05-29,8459.869848156182,9,5532,162.68980477223425
84032017,USA,32017.0,Lincoln,Nevada,US,"Lincoln, Nevada, US",362,2021-05-29,6984.371985336677,3,5183,57.881535790082964
84032019,USA,32019.0,Lyon,Nevada,US,"Lyon, Nevada, US",3235,2021-05-29,5625.108676751869,65,57510,113.02382194400974
84032021,USA,32021.0,Mineral,Nevada,US,"Mineral, Nevada, US",309,2021-05-29,6859.04550499445,7,4505,155.3829078801332
84032023,USA,32023.0,Nye,Nevada,US,"Nye, Nevada, US",2975,2021-05-29,6394.686499150957,108,46523,232.14324097758097
84080032,USA,80032.0,Out of NV,Nevada,US,"Out of NV, Nevada, US",0,2021-05-29,,0,0,
84032027,USA,32027.0,Pershing,Nevada,US,"Pershing, Nevada, US",965,2021-05-29,14349.442379182155,20,6725,297.3977695167286
84032029,USA,32029.0,Storey,Nevada,US,"Storey, Nevada, US",110,2021-05-29,2667.9602231384915,3,4123,72.76255154014068
84090032,USA,90032.0,Unassigned,Nevada,US,"Unassigned, Nevada, US",0,2021-05-29,,0,0,
84032031,USA,32031.0,Washoe,Nevada,US,"Washoe, Nevada, US",45855,2021-05-29,9724.95275906167,681,471519,144.42684176035323
84032033,USA,32033.0,White Pine,Nevada,US,"White Pine, Nevada, US",625,2021-05-29,6524.00835073069,6,9580,62.63048016701461
84033001,USA,33001.0,Belknap,New Hampshire,US,"Belknap, New Hampshire, US",4104,2021-05-29,6694.6152716832785,100,61303,163.1241537934522
84033003,USA,33003.0,Carroll,New Hampshire,US,"Carroll, New Hampshire, US",2458,2021-05-29,5025.55714577796,11,48910,22.490288284604375
84033005,USA,33005.0,Cheshire,New Hampshire,US,"Cheshire, New Hampshire, US",3859,2021-05-29,5071.958993231254,34,76085,44.68686337648682
84033007,USA,33007.0,Coos,New Hampshire,US,"Coos, New Hampshire, US",2033,2021-05-29,6441.086081804645,41,31563,129.89893229414187
84033009,USA,33009.0,Grafton,New Hampshire,US,"Grafton, New Hampshire, US",4032,2021-05-29,4485.6818636940125,26,89886,28.925527890884005
84033011,USA,33011.0,Hillsborough,New Hampshire,US,"Hillsborough, New Hampshire, US",36140,2021-05-29,8666.147113482404,643,417025,154.1873988370002
84033013,USA,33013.0,Merrimack,New Hampshire,US,"Merrimack, New Hampshire, US",9607,2021-05-29,6345.819764715207,116,151391,76.6227847097912
84080033,USA,80033.0,Out of NH,New Hampshire,US,"Out of NH, New Hampshire, US",0,2021-05-29,,0,0,
84033015,USA,33015.0,Rockingham,New Hampshire,US,"Rockingham, New Hampshire, US",24253,2021-05-29,7829.382539892629,262,309769,84.57915414389431
84033017,USA,33017.0,Strafford,New Hampshire,US,"Strafford, New Hampshire, US",9898,2021-05-29,7576.952224935507,93,130633,71.19181217609639
84033019,USA,33019.0,Sullivan,New Hampshire,US,"Sullivan, New Hampshire, US",1806,2021-05-29,4185.787790293422,25,43146,57.942798868956565
84090033,USA,90033.0,Unassigned,New Hampshire,US,"Unassigned, New Hampshire, US",509,2021-05-29,,1,0,
84034001,USA,34001.0,Atlantic,New Jersey,US,"Atlantic, New Jersey, US",31509,2021-05-29,11950.164978950961,685,263670,259.7944400197216
84034003,USA,34003.0,Bergen,New Jersey,US,"Bergen, New Jersey, US",104225,2021-05-29,11180.516669133944,2867,932202,307.551367622039
84034005,USA,34005.0,Burlington,New Jersey,US,"Burlington, New Jersey, US",44147,2021-05-29,9912.899770741598,855,445349,191.98426402663978
84034007,USA,34007.0,Camden,New Jersey,US,"Camden, New Jersey, US",55537,2021-05-29,10965.48469705077,1308,506471,258.2576297557017
84034009,USA,34009.0,Cape May,New Jersey,US,"Cape May, New Jersey, US",9173,2021-05-29,9966.427275394128,207,92039,224.904659981095
84034011,USA,34011.0,Cumberland,New Jersey,US,"Cumberland, New Jersey, US",17071,2021-05-29,11416.667223979615,434,149527,290.24858386779647
84034013,USA,34013.0,Essex,New Jersey,US,"Essex, New Jersey, US",93952,2021-05-29,11759.066303701618,2988,798975,373.9791607997747
84034015,USA,34015.0,Gloucester,New Jersey,US,"Gloucester, New Jersey, US",30475,2021-05-29,10449.670136745806,640,291636,219.45164520155262
84034017,USA,34017.0,Hudson,New Jersey,US,"Hudson, New Jersey, US",87858,2021-05-29,13066.504459458854,2284,672391,339.6833092649961
84034019,USA,34019.0,Hunterdon,New Jersey,US,"Hunterdon, New Jersey, US",9777,2021-05-29,7861.157343753769,176,124371,141.51208883099758
84034021,USA,34021.0,Mercer,New Jersey,US,"Mercer, New Jersey, US",33947,2021-05-29,9239.038728465286,950,367430,258.5526494842555
84034023,USA,34023.0,Middlesex,New Jersey,US,"Middlesex, New Jersey, US",92080,2021-05-29,11160.373402241286,2356,825062,285.55429773762455
84034025,USA,34025.0,Monmouth,New Jersey,US,"Monmouth, New Jersey, US",75436,2021-05-29,12190.790164755696,1622,618795,262.12235069772703
84034027,USA,34027.0,Morris,New Jersey,US,"Morris, New Jersey, US",50051,2021-05-29,10176.173387957588,1231,491845,250.28210106842604
84034029,USA,34029.0,Ocean,New Jersey,US,"Ocean, New Jersey, US",75709,2021-05-29,12468.831626552654,2151,607186,354.25717984274996
84080034,USA,80034.0,Out of NJ,New Jersey,US,"Out of NJ, New Jersey, US",0,2021-05-29,,0,0,
84034031,USA,34031.0,Passaic,New Jersey,US,"Passaic, New Jersey, US",72799,2021-05-29,14506.821089381578,1918,501826,382.2041902970352
84034033,USA,34033.0,Salem,New Jersey,US,"Salem, New Jersey, US",6076,2021-05-29,9739.520718121343,185,62385,296.54564398493227
84034035,USA,34035.0,Somerset,New Jersey,US,"Somerset, New Jersey, US",30016,2021-05-29,9125.234849544286,842,328934,255.9784029622964
84034037,USA,34037.0,Sussex,New Jersey,US,"Sussex, New Jersey, US",13967,2021-05-29,9941.774386424464,302,140488,214.96497921530667
84090034,USA,90034.0,Unassigned,New Jersey,US,"Unassigned, New Jersey, US",821,2021-05-29,,0,0,
84034039,USA,34039.0,Union,New Jersey,US,"Union, New Jersey, US",71305,2021-05-29,12816.779636949279,1964,556341,353.020899052919
84034041,USA,34041.0,Warren,New Jersey,US,"Warren, New Jersey, US",9958,2021-05-29,9459.754718952758,236,105267,224.19181699867954
84035001,USA,35001.0,Bernalillo,New Mexico,US,"Bernalillo, New Mexico, US",58408,2021-05-29,8600.529213498037,942,679121,138.7087131748245
84035003,USA,35003.0,Catron,New Mexico,US,"Catron, New Mexico, US",95,2021-05-29,2693.507229940459,5,3527,141.7635384179189
84035005,USA,35005.0,Chaves,New Mexico,US,"Chaves, New Mexico, US",9013,2021-05-29,13948.773504604194,169,64615,261.5491758879517
84035006,USA,35006.0,Cibola,New Mexico,US,"Cibola, New Mexico, US",2893,2021-05-29,10845.360824742269,124,26675,464.85473289597
84035007,USA,35007.0,Colfax,New Mexico,US,"Colfax, New Mexico, US",781,2021-05-29,6540.4907461686635,44,11941,368.4783518968261
84035009,USA,35009.0,Curry,New Mexico,US,"Curry, New Mexico, US",5252,2021-05-29,10728.438942680885,83,48954,169.54692159986928
84035011,USA,35011.0,De Baca,New Mexico,US,"De Baca, New Mexico, US",172,2021-05-29,9839.816933638444,2,1748,114.41647597254004
84035013,USA,35013.0,Dona Ana,New Mexico,US,"Dona Ana, New Mexico, US",24865,2021-05-29,11395.769838905566,486,218195,222.73654300052704
84035015,USA,35015.0,Eddy,New Mexico,US,"Eddy, New Mexico, US",6876,2021-05-29,11761.88847074923,139,58460,237.76941498460485
84035017,USA,35017.0,Grant,New Mexico,US,"Grant, New Mexico, US",1720,2021-05-29,6370.842284613675,41,26998,151.86310097044225
84035019,USA,35019.0,Guadalupe,New Mexico,US,"Guadalupe, New Mexico, US",429,2021-05-29,9976.744186046511,11,4300,255.81395348837208
84035021,USA,35021.0,Harding,New Mexico,US,"Harding, New Mexico, US",12,2021-05-29,1919.9999999999998,1,625,160.0
84035023,USA,35023.0,Hidalgo,New Mexico,US,"Hidalgo, New Mexico, US",363,2021-05-29,8646.974749880896,9,4198,214.38780371605526
84035025,USA,35025.0,Lea,New Mexico,US,"Lea, New Mexico, US",8314,2021-05-29,11698.325594484311,194,71070,272.9703109610244
84035027,USA,35027.0,Lincoln,New Mexico,US,"Lincoln, New Mexico, US",1740,2021-05-29,8890.251379521766,18,19572,91.96811771919067
84035028,USA,35028.0,Los Alamos,New Mexico,US,"Los Alamos, New Mexico, US",529,2021-05-29,2731.168361815272,6,19369,30.97733491661934
84035029,USA,35029.0,Luna,New Mexico,US,"Luna, New Mexico, US",3356,2021-05-29,14154.962250622128,92,23709,388.03829769285926
84035031,USA,35031.0,McKinley,New Mexico,US,"McKinley, New Mexico, US",12339,2021-05-29,17289.503552061877,477,71367,668.3761402328807
84035033,USA,35033.0,Mora,New Mexico,US,"Mora, New Mexico, US",171,2021-05-29,3782.34903782349,7,4521,154.83300154833
84035035,USA,35035.0,Otero,New Mexico,US,"Otero, New Mexico, US",4027,2021-05-29,5966.809897762631,77,67490,114.09097644095422
84080035,USA,80035.0,Out of NM,New Mexico,US,"Out of NM, New Mexico, US",0,2021-05-29,,0,0,
84035037,USA,35037.0,Quay,New Mexico,US,"Quay, New Mexico, US",519,2021-05-29,6288.62231915667,10,8253,121.16806009935782
84035039,USA,35039.0,Rio Arriba,New Mexico,US,"Rio Arriba, New Mexico, US",3663,2021-05-29,9411.371753038205,75,38921,192.6980293414866
84035041,USA,35041.0,Roosevelt,New Mexico,US,"Roosevelt, New Mexico, US",2007,2021-05-29,10848.648648648648,59,18500,318.9189189189189
84035045,USA,35045.0,San Juan,New Mexico,US,"San Juan, New Mexico, US",15426,2021-05-29,12444.537665983638,484,123958,390.4548314751771
84035047,USA,35047.0,San Miguel,New Mexico,US,"San Miguel, New Mexico, US",1368,2021-05-29,5015.214283095648,17,27277,62.32356930747517
84035043,USA,35043.0,Sandoval,New Mexico,US,"Sandoval, New Mexico, US",12105,2021-05-29,8248.834737100336,240,146748,163.54567012838336
84035049,USA,35049.0,Santa Fe,New Mexico,US,"Santa Fe, New Mexico, US",10446,2021-05-29,6947.41882706607,147,150358,97.76666356296306
84035051,USA,35051.0,Sierra,New Mexico,US,"Sierra, New Mexico, US",778,2021-05-29,7209.71179686776,52,10791,481.8830506903901
84035053,USA,35053.0,Socorro,New Mexico,US,"Socorro, New Mexico, US",1322,2021-05-29,7946.144136563083,60,16637,360.6419426579311
84035055,USA,35055.0,Taos,New Mexico,US,"Taos, New Mexico, US",1687,2021-05-29,5155.395287718119,53,32723,161.9655899520215
84035057,USA,35057.0,Torrance,New Mexico,US,"Torrance, New Mexico, US",826,2021-05-29,5342.474613543755,13,15461,84.08253023737146
84090035,USA,90035.0,Unassigned,New Mexico,US,"Unassigned, New Mexico, US",4259,2021-05-29,,0,0,
84035059,USA,35059.0,Union,New Mexico,US,"Union, New Mexico, US",254,2021-05-29,6257.698940625769,10,4059,246.3661000246366
84035061,USA,35061.0,Valencia,New Mexico,US,"Valencia, New Mexico, US",6806,2021-05-29,8874.921760901316,116,76688,151.26225745879407
84036001,USA,36001.0,Albany,New York,US,"Albany, New York, US",24621,2021-05-29,8059.088855865351,353,305506,115.54601218961331
84036003,USA,36003.0,Allegany,New York,US,"Allegany, New York, US",3529,2021-05-29,7656.592393308889,86,46091,186.58740318066435
84036005,USA,36005.0,Bronx,New York,US,"Bronx, New York, US",182479,2021-05-29,12866.880504750012,6569,1418207,463.19049334829117
84036007,USA,36007.0,Broome,New York,US,"Broome, New York, US",18542,2021-05-29,9733.94649531729,363,190488,190.56318508252488
84036009,USA,36009.0,Cattaraugus,New York,US,"Cattaraugus, New York, US",5694,2021-05-29,7480.589093106665,89,76117,116.92525979741714
84036011,USA,36011.0,Cayuga,New York,US,"Cayuga, New York, US",6307,2021-05-29,8236.262014208107,92,76576,120.14208106978688
84036013,USA,36013.0,Chautauqua,New York,US,"Chautauqua, New York, US",8910,2021-05-29,7021.110612042268,143,126903,112.68449130438208
84036015,USA,36015.0,Chemung,New York,US,"Chemung, New York, US",7697,2021-05-29,9222.824003067484,135,83456,161.76188650306747
84036017,USA,36017.0,Chenango,New York,US,"Chenango, New York, US",3466,2021-05-29,7342.131463554134,76,47207,160.99307306119854
84036019,USA,36019.0,Clinton,New York,US,"Clinton, New York, US",4827,2021-05-29,5997.390818164875,33,80485,41.00142883767162
84036021,USA,36021.0,Columbia,New York,US,"Columbia, New York, US",4044,2021-05-29,6801.096517044785,104,59461,174.90455929096385
84036023,USA,36023.0,Cortland,New York,US,"Cortland, New York, US",3875,2021-05-29,8144.007061642253,60,47581,126.10075450284778
84036025,USA,36025.0,Delaware,New York,US,"Delaware, New York, US",2352,2021-05-29,5329.103885804917,37,44135,83.83369208111476
84036027,USA,36027.0,Dutchess,New York,US,"Dutchess, New York, US",29380,2021-05-29,9985.79284748044,444,294218,150.90851001638242
84036029,USA,36029.0,Erie,New York,US,"Erie, New York, US",89219,2021-05-29,9711.418936717238,1789,918702,194.73126215029467
84036031,USA,36031.0,Essex,New York,US,"Essex, New York, US",1589,2021-05-29,4307.984275450725,26,36885,70.48935881794768
84036033,USA,36033.0,Franklin,New York,US,"Franklin, New York, US",2542,2021-05-29,5081.764023829515,12,50022,23.98944464435648
84036035,USA,36035.0,Fulton,New York,US,"Fulton, New York, US",4395,2021-05-29,8232.958057808666,91,53383,170.46625330161285
84036037,USA,36037.0,Genesee,New York,US,"Genesee, New York, US",5418,2021-05-29,9458.798882681564,124,57280,216.4804469273743
84036039,USA,36039.0,Greene,New York,US,"Greene, New York, US",3395,2021-05-29,7194.625752309909,78,47188,165.2962617614648
84036041,USA,36041.0,Hamilton,New York,US,"Hamilton, New York, US",313,2021-05-29,7087.862318840579,2,4416,45.289855072463766
84036043,USA,36043.0,Herkimer,New York,US,"Herkimer, New York, US",5162,2021-05-29,8418.271661312154,107,61319,174.49730099969014
84036045,USA,36045.0,Jefferson,New York,US,"Jefferson, New York, US",6068,2021-05-29,5524.7009122858135,68,109834,61.9116120691225
84036047,USA,36047.0,Kings,New York,US,"Kings, New York, US",279526,2021-05-29,10919.398117819308,10392,2559903,405.95288180841226
84036049,USA,36049.0,Lewis,New York,US,"Lewis, New York, US",2783,2021-05-29,10583.35868573167,36,26296,136.9029510191664
84036051,USA,36051.0,Livingston,New York,US,"Livingston, New York, US",4493,2021-05-29,7141.494738849859,59,62914,93.77880916807071
84036053,USA,36053.0,Madison,New York,US,"Madison, New York, US",4539,2021-05-29,6398.274622573688,89,70941,125.45636514850369
84036055,USA,36055.0,Monroe,New York,US,"Monroe, New York, US",68310,2021-05-29,9209.05401943999,1096,741770,147.75469485150384
84036057,USA,36057.0,Montgomery,New York,US,"Montgomery, New York, US",4247,2021-05-29,8628.430954267487,124,49221,251.92499136547409
84036059,USA,36059.0,Nassau,New York,US,"Nassau, New York, US",183145,2021-05-29,13497.071317185044,3168,1356924,233.46922893249734
84036061,USA,36061.0,New York,New York,US,"New York, New York, US",137676,2021-05-29,8453.090981429428,4478,1628706,274.9421933731441
84036063,USA,36063.0,Niagara,New York,US,"Niagara, New York, US",19956,2021-05-29,9535.504895332113,368,209281,175.84013837854368
84036065,USA,36065.0,Oneida,New York,US,"Oneida, New York, US",22459,2021-05-29,9821.533994253754,510,228671,223.0278434956772
84036067,USA,36067.0,Onondaga,New York,US,"Onondaga, New York, US",38643,2021-05-29,8391.02074140986,675,460528,146.57089254073585
84036069,USA,36069.0,Ontario,New York,US,"Ontario, New York, US",7377,2021-05-29,6719.986882498155,93,109777,84.71719941335617
84036071,USA,36071.0,Orange,New York,US,"Orange, New York, US",48132,2021-05-29,12503.766820803241,814,384940,211.46152647165792
84036073,USA,36073.0,Orleans,New York,US,"Orleans, New York, US",3109,2021-05-29,7704.6986518636,83,40352,205.68992862807298
84036075,USA,36075.0,Oswego,New York,US,"Oswego, New York, US",7569,2021-05-29,6462.381749257197,91,117124,77.69543389911547
84036077,USA,36077.0,Otsego,New York,US,"Otsego, New York, US",3441,2021-05-29,5783.873733044224,47,59493,79.00089086110971
84080036,USA,80036.0,Out of NY,New York,US,"Out of NY, New York, US",0,2021-05-29,,242,0,
84036079,USA,36079.0,Putnam,New York,US,"Putnam, New York, US",10573,2021-05-29,10753.66151342555,91,98320,92.55492270138323
84036081,USA,36081.0,Queens,New York,US,"Queens, New York, US",276253,2021-05-29,12256.894622465124,9911,2253858,439.73489013061163
84036083,USA,36083.0,Rensselaer,New York,US,"Rensselaer, New York, US",11186,2021-05-29,7047.897475963053,141,158714,88.83904381466033
84036085,USA,36085.0,Richmond,New York,US,"Richmond, New York, US",74614,2021-05-29,15670.502349084203,1830,476143,384.33831853035747
84036087,USA,36087.0,Rockland,New York,US,"Rockland, New York, US",46835,2021-05-29,14375.869044074538,957,325789,293.74840771173984
84036091,USA,36091.0,Saratoga,New York,US,"Saratoga, New York, US",15291,2021-05-29,6652.223280823795,167,229863,72.65197095661328
84036093,USA,36093.0,Schenectady,New York,US,"Schenectady, New York, US",13143,2021-05-29,8463.029382030792,202,155299,130.07166820134063
84036095,USA,36095.0,Schoharie,New York,US,"Schoharie, New York, US",1687,2021-05-29,5442.111035839866,17,30999,54.84047872512017
84036097,USA,36097.0,Schuyler,New York,US,"Schuyler, New York, US",1053,2021-05-29,5913.404840792946,14,17807,78.62076711405628
84036099,USA,36099.0,Seneca,New York,US,"Seneca, New York, US",2001,2021-05-29,5882.52587017874,56,34016,164.62841015992475
84036089,USA,36089.0,St. Lawrence,New York,US,"St. Lawrence, New York, US",6609,2021-05-29,6134.211991832189,96,107740,89.10339706701318
84036101,USA,36101.0,Steuben,New York,US,"Steuben, New York, US",6898,2021-05-29,7232.199960158944,143,95379,149.928181255832
84036103,USA,36103.0,Suffolk,New York,US,"Suffolk, New York, US",200393,2021-05-29,13571.235560588135,3390,1476601,229.58131546707608
84036105,USA,36105.0,Sullivan,New York,US,"Sullivan, New York, US",6634,2021-05-29,8794.675999575777,74,75432,98.10160144235869
84036107,USA,36107.0,Tioga,New York,US,"Tioga, New York, US",3788,2021-05-29,7858.4320477978545,62,48203,128.62269983196066
84036109,USA,36109.0,Tompkins,New York,US,"Tompkins, New York, US",4310,2021-05-29,4218.046584458798,52,102180,50.89058524173028
84036111,USA,36111.0,Ulster,New York,US,"Ulster, New York, US",13864,2021-05-29,7807.493256294594,254,177573,143.03976392807465
84090036,USA,90036.0,Unassigned,New York,US,"Unassigned, New York, US",102,2021-05-29,,27,0,
84036113,USA,36113.0,Warren,New York,US,"Warren, New York, US",3634,2021-05-29,5683.097710496684,57,63944,89.14049793569373
84036115,USA,36115.0,Washington,New York,US,"Washington, New York, US",3130,2021-05-29,5114.0448336710015,55,61204,89.86340762041696
84036117,USA,36117.0,Wayne,New York,US,"Wayne, New York, US",5739,2021-05-29,6382.481816766387,68,89918,75.62445783936475
84036119,USA,36119.0,Westchester,New York,US,"Westchester, New York, US",129342,2021-05-29,13368.599264500686,2281,967506,235.76081181925488
84036121,USA,36121.0,Wyoming,New York,US,"Wyoming, New York, US",3571,2021-05-29,8959.080759677865,52,39859,130.45987104543516
84036123,USA,36123.0,Yates,New York,US,"Yates, New York, US",1176,2021-05-29,4720.427086260186,26,24913,104.36318387990207
84037001,USA,37001.0,Alamance,North Carolina,US,"Alamance, North Carolina, US",18725,2021-05-29,11046.611094396168,287,169509,169.31254387672632
84037003,USA,37003.0,Alexander,North Carolina,US,"Alexander,North Carolina,US",4414,2021-05-29,11771.608395338295,84,37497,224.01792143371472
84037005,USA,37005.0,Alleghany,North Carolina,US,"Alleghany, North Carolina, US",1072,2021-05-29,9625.572416270092,5,11137,44.89539373260303
84037007,USA,37007.0,Anson,North Carolina,US,"Anson, North Carolina, US",2607,2021-05-29,10664.321361367913,55,24446,224.98568272928085
84037009,USA,37009.0,Ashe,North Carolina,US,"Ashe, North Carolina, US",2168,2021-05-29,7969.709223247436,41,27203,150.71867073484543
84037011,USA,37011.0,Avery,North Carolina,US,"Avery, North Carolina, US",2150,2021-05-29,12245.827874921682,20,17557,113.91467790624823
84037013,USA,37013.0,Beaufort,North Carolina,US,"Beaufort, North Carolina, US",4694,2021-05-29,9988.50917138358,95,46994,202.15346639996596
84037015,USA,37015.0,Bertie,North Carolina,US,"Bertie, North Carolina, US",1782,2021-05-29,9405.182878555972,44,18947,232.22673774212276
84037017,USA,37017.0,Bladen,North Carolina,US,"Bladen, North Carolina, US",3332,2021-05-29,10182.751665546117,42,32722,128.35401259091742
84037019,USA,37019.0,Brunswick,North Carolina,US,"Brunswick, North Carolina, US",9250,2021-05-29,6476.683937823834,153,142820,107.12785324184287
84037021,USA,37021.0,Buncombe,North Carolina,US,"Buncombe, North Carolina, US",17937,2021-05-29,6867.388233132076,322,261191,123.28143006458876
84037023,USA,37023.0,Burke,North Carolina,US,"Burke, North Carolina, US",10057,2021-05-29,11114.549372824225,159,90485,175.71973255235673
84037025,USA,37025.0,Cabarrus,North Carolina,US,"Cabarrus, North Carolina, US",22117,2021-05-29,10217.922597515395,260,216453,120.11845527666513
84037027,USA,37027.0,Caldwell,North Carolina,US,"Caldwell, North Carolina, US",9434,2021-05-29,11479.95813964808,110,82178,133.8557764851907
84037029,USA,37029.0,Camden,North Carolina,US,"Camden, North Carolina, US",680,2021-05-29,6257.476764516426,5,10867,46.010858562620776
84037031,USA,37031.0,Carteret,North Carolina,US,"Carteret, North Carolina, US",5216,2021-05-29,7507.9527298374915,54,69473,77.72803823067954
84037033,USA,37033.0,Caswell,North Carolina,US,"Caswell, North Carolina, US",2186,2021-05-29,9670.854715979473,29,22604,128.29587683595824
84037035,USA,37035.0,Catawba,North Carolina,US,"Catawba, North Carolina, US",19645,2021-05-29,12312.67745109714,305,159551,191.16144681011087
84037037,USA,37037.0,Chatham,North Carolina,US,"Chatham, North Carolina, US",4722,2021-05-29,6340.808379213106,90,74470,120.85403518195245
84037039,USA,37039.0,Cherokee,North Carolina,US,"Cherokee, North Carolina, US",2611,2021-05-29,9125.541730742345,34,28612,118.83125961135188
84037041,USA,37041.0,Chowan,North Carolina,US,"Chowan, North Carolina, US",1480,2021-05-29,10614.645341748548,23,13943,164.95732625690312
84037043,USA,37043.0,Clay,North Carolina,US,"Clay, North Carolina, US",795,2021-05-29,7078.621672157422,18,11231,160.270679369602
84037045,USA,37045.0,Cleveland,North Carolina,US,"Cleveland, North Carolina, US",11570,2021-05-29,11812.51084770335,227,97947,231.7579915668678
84037047,USA,37047.0,Columbus,North Carolina,US,"Columbus, North Carolina, US",6372,2021-05-29,11479.426388988973,151,55508,272.03286012826976
84037049,USA,37049.0,Craven,North Carolina,US,"Craven, North Carolina, US",9406,2021-05-29,9209.019081839453,128,102139,125.31941765633108
84037051,USA,37051.0,Cumberland,North Carolina,US,"Cumberland, North Carolina, US",29582,2021-05-29,8817.051107421858,309,335509,92.09887067112953
84037053,USA,37053.0,Currituck,North Carolina,US,"Currituck, North Carolina, US",1574,2021-05-29,5669.41612938083,16,27763,57.63065951085978
84037055,USA,37055.0,Dare,North Carolina,US,"Dare, North Carolina, US",2139,2021-05-29,5779.675214137102,10,37009,27.02045448404442
84037057,USA,37057.0,Davidson,North Carolina,US,"Davidson, North Carolina, US",16849,2021-05-29,10052.562809872978,193,167609,115.14894784886253
84037059,USA,37059.0,Davie,North Carolina,US,"Davie, North Carolina, US",4142,2021-05-29,9667.180133501377,38,42846,88.68972599542548
84037061,USA,37061.0,Duplin,North Carolina,US,"Duplin, North Carolina, US",6319,2021-05-29,10757.392621848454,137,58741,233.22721778655455
84037063,USA,37063.0,Durham,North Carolina,US,"Durham, North Carolina, US",25533,2021-05-29,7942.131588115264,224,321488,69.67600656945206
84037065,USA,37065.0,Edgecombe,North Carolina,US,"Edgecombe, North Carolina, US",5649,2021-05-29,10974.898974199565,112,51472,217.5940317065589
84037067,USA,37067.0,Forsyth,North Carolina,US,"Forsyth, North Carolina, US",36483,2021-05-29,9543.153847159916,382,382295,99.92283446029899
84037069,USA,37069.0,Franklin,North Carolina,US,"Franklin, North Carolina, US",7013,2021-05-29,10063.85879314056,51,69685,73.18648202626103
84037071,USA,37071.0,Gaston,North Carolina,US,"Gaston, North Carolina, US",26883,2021-05-29,11973.063613163555,437,224529,194.62964694983722
84037073,USA,37073.0,Gates,North Carolina,US,"Gates, North Carolina, US",745,2021-05-29,6443.521882027331,13,11562,112.43729458571181
84037075,USA,37075.0,Graham,North Carolina,US,"Graham, North Carolina, US",615,2021-05-29,7285.866603483,12,8441,142.16325079966828
84037077,USA,37077.0,Granville,North Carolina,US,"Granville, North Carolina, US",5992,2021-05-29,9913.472196945882,83,60443,137.3194580017537
84037079,USA,37079.0,Greene,North Carolina,US,"Greene, North Carolina, US",2372,2021-05-29,11258.246713180502,44,21069,208.8376287436518
84037081,USA,37081.0,Guilford,North Carolina,US,"Guilford, North Carolina, US",48157,2021-05-29,8964.879163920816,711,537174,132.35934725061153
84037083,USA,37083.0,Halifax,North Carolina,US,"Halifax, North Carolina, US",5643,2021-05-29,11283.74325134973,112,50010,223.95520895820837
84037085,USA,37085.0,Harnett,North Carolina,US,"Harnett, North Carolina, US",11835,2021-05-29,8703.741836794728,176,135976,129.43460610696005
84037087,USA,37087.0,Haywood,North Carolina,US,"Haywood, North Carolina, US",4450,2021-05-29,7140.9085803231865,96,62317,154.0510615080957
84037089,USA,37089.0,Henderson,North Carolina,US,"Henderson, North Carolina, US",10271,2021-05-29,8747.45564952264,161,117417,137.1181345120383
84037091,USA,37091.0,Hertford,North Carolina,US,"Hertford, North Carolina, US",2109,2021-05-29,8907.378468555982,64,23677,270.30451493010094
84037093,USA,37093.0,Hoke,North Carolina,US,"Hoke, North Carolina, US",4799,2021-05-29,8688.488974182568,56,55234,101.38682695441214
84037095,USA,37095.0,Hyde,North Carolina,US,"Hyde, North Carolina, US",668,2021-05-29,13530.484099655663,9,4937,182.29694146242656
84037097,USA,37097.0,Iredell,North Carolina,US,"Iredell, North Carolina, US",19053,2021-05-29,10479.852150094055,217,181806,119.35799698579805
84037099,USA,37099.0,Jackson,North Carolina,US,"Jackson, North Carolina, US",3622,2021-05-29,8243.433929628112,56,43938,127.45231917702218
84037101,USA,37101.0,Johnston,North Carolina,US,"Johnston, North Carolina, US",21965,2021-05-29,10492.550360897872,223,209339,106.52577876076603
84037103,USA,37103.0,Jones,North Carolina,US,"Jones, North Carolina, US",879,2021-05-29,9332.20087058074,28,9419,297.271472555473
84037105,USA,37105.0,Lee,North Carolina,US,"Lee, North Carolina, US",6085,2021-05-29,9849.625277197752,79,61779,127.87516793732497
84037107,USA,37107.0,Lenoir,North Carolina,US,"Lenoir, North Carolina, US",6165,2021-05-29,11018.963699083093,117,55949,209.11901910668644
84037109,USA,37109.0,Lincoln,North Carolina,US,"Lincoln, North Carolina, US",10215,2021-05-29,11862.595951736712,86,86111,99.87109660786659
84037113,USA,37113.0,Macon,North Carolina,US,"Macon, North Carolina, US",3153,2021-05-29,8793.016899994424,40,35858,111.55111829996096
84037115,USA,37115.0,Madison,North Carolina,US,"Madison, North Carolina, US",1603,2021-05-29,7368.421052631578,42,21755,193.05906688117676
84037117,USA,37117.0,Martin,North Carolina,US,"Martin, North Carolina, US",2268,2021-05-29,10106.951871657755,44,22440,196.078431372549
84037111,USA,37111.0,McDowell,North Carolina,US,"McDowell, North Carolina, US",5289,2021-05-29,11559.139784946236,63,45756,137.68686073957514
84037119,USA,37119.0,Mecklenburg,North Carolina,US,"Mecklenburg, North Carolina, US",113237,2021-05-29,10198.260737997543,969,1110356,87.26930822186758
84037121,USA,37121.0,Mitchell,North Carolina,US,"Mitchell, North Carolina, US",1464,2021-05-29,9783.480352846833,16,14964,106.92328254477412
84037123,USA,37123.0,Montgomery,North Carolina,US,"Montgomery, North Carolina, US",3345,2021-05-29,12310.013616457512,96,27173,353.2918706068524
84037125,USA,37125.0,Moore,North Carolina,US,"Moore, North Carolina, US",8968,2021-05-29,8889.770023790643,190,100880,188.34258524980174
84037127,USA,37127.0,Nash,North Carolina,US,"Nash, North Carolina, US",11613,2021-05-29,12315.213472183928,194,94298,205.73076841502473
84037129,USA,37129.0,New Hanover,North Carolina,US,"New Hanover, North Carolina, US",19383,2021-05-29,8266.623449181783,167,234473,71.22355239195984
84037131,USA,37131.0,Northampton,North Carolina,US,"Northampton, North Carolina, US",1888,2021-05-29,9690.499409741826,59,19483,302.82810655443205
84037133,USA,37133.0,Onslow,North Carolina,US,"Onslow, North Carolina, US",17449,2021-05-29,8815.386636219422,148,197938,74.7708878537724
84037135,USA,37135.0,Orange,North Carolina,US,"Orange, North Carolina, US",8568,2021-05-29,5770.629596702497,101,148476,68.02446186589079
84080037,USA,80037.0,Out of NC,North Carolina,US,"Out of NC, North Carolina, US",0,2021-05-29,,0,0,
84037137,USA,37137.0,Pamlico,North Carolina,US,"Pamlico, North Carolina, US",1119,2021-05-29,8793.022159358794,13,12726,102.15307245010216
84037139,USA,37139.0,Pasquotank,North Carolina,US,"Pasquotank, North Carolina, US",3413,2021-05-29,8570.208919244677,83,39824,208.4170349537967
84037141,USA,37141.0,Pender,North Carolina,US,"Pender, North Carolina, US",5510,2021-05-29,8737.710117348557,69,63060,109.41960038058991
84037143,USA,37143.0,Perquimans,North Carolina,US,"Perquimans, North Carolina, US",1023,2021-05-29,7598.603580182724,12,13463,89.1331798261903
84037145,USA,37145.0,Person,North Carolina,US,"Person, North Carolina, US",3440,2021-05-29,8711.066092681693,71,39490,179.79235249430235
84037147,USA,37147.0,Pitt,North Carolina,US,"Pitt, North Carolina, US",20164,2021-05-29,11156.23374755176,96,180742,53.1143840391276
84037149,USA,37149.0,Polk,North Carolina,US,"Polk, North Carolina, US",1493,2021-05-29,7204.207681914689,29,20724,139.93437560316542
84037151,USA,37151.0,Randolph,North Carolina,US,"Randolph, North Carolina, US",15168,2021-05-29,10557.748125874417,230,143667,160.09243598042696
84037153,USA,37153.0,Richmond,North Carolina,US,"Richmond, North Carolina, US",4721,2021-05-29,10531.12940284191,97,44829,216.37779116197103
84037155,USA,37155.0,Robeson,North Carolina,US,"Robeson, North Carolina, US",16609,2021-05-29,12715.023923444976,244,130625,186.79425837320576
84037157,USA,37157.0,Rockingham,North Carolina,US,"Rockingham, North Carolina, US",7758,2021-05-29,8524.337984836831,120,91010,131.85364245687288
84037159,USA,37159.0,Rowan,North Carolina,US,"Rowan, North Carolina, US",17034,2021-05-29,11988.345250830473,306,142088,215.35949552390068
84037161,USA,37161.0,Rutherford,North Carolina,US,"Rutherford, North Carolina, US",7402,2021-05-29,11042.98139611213,213,67029,317.772904265318
84037163,USA,37163.0,Sampson,North Carolina,US,"Sampson, North Carolina, US",7992,2021-05-29,12579.685507862303,113,63531,177.8659237222773
84037165,USA,37165.0,Scotland,North Carolina,US,"Scotland, North Carolina, US",3838,2021-05-29,11021.451339631853,86,34823,246.96321396777992
84037167,USA,37167.0,Stanly,North Carolina,US,"Stanly, North Carolina, US",7896,2021-05-29,12572.047256631533,134,62806,213.35541190332137
84037169,USA,37169.0,Stokes,North Carolina,US,"Stokes, North Carolina, US",4162,2021-05-29,9128.994757737273,80,45591,175.47322936544495
84037171,USA,37171.0,Surry,North Carolina,US,"Surry, North Carolina, US",8339,2021-05-29,11616.956661047881,166,71783,231.25252497109344
84037173,USA,37173.0,Swain,North Carolina,US,"Swain, North Carolina, US",1218,2021-05-29,8534.790834559597,18,14271,126.12991381122556
84037175,USA,37175.0,Transylvania,North Carolina,US,"Transylvania, North Carolina, US",2403,2021-05-29,6988.5124327468375,33,34385,95.9720808492075
84037177,USA,37177.0,Tyrrell,North Carolina,US,"Tyrrell, North Carolina, US",322,2021-05-29,8017.92828685259,6,4016,149.402390438247
84090037,USA,90037.0,Unassigned,North Carolina,US,"Unassigned, North Carolina, US",12,2021-05-29,,0,0,
84037179,USA,37179.0,Union,North Carolina,US,"Union, North Carolina, US",24659,2021-05-29,10280.623199463018,223,239859,92.97128729795422
84037181,USA,37181.0,Vance,North Carolina,US,"Vance, North Carolina, US",4983,2021-05-29,11188.952509262377,87,44535,195.35197036039068
84037183,USA,37183.0,Wake,North Carolina,US,"Wake, North Carolina, US",88747,2021-05-29,7982.5610000710585,728,1111761,65.481699753814
84037185,USA,37185.0,Warren,North Carolina,US,"Warren, North Carolina, US",1802,2021-05-29,9132.836652982616,20,19731,101.36333688105013
84037187,USA,37187.0,Washington,North Carolina,US,"Washington, North Carolina, US",1113,2021-05-29,9611.398963730571,31,11580,267.7029360967185
84037189,USA,37189.0,Watauga,North Carolina,US,"Watauga, North Carolina, US",4762,2021-05-29,8476.77875287039,31,56177,55.18272602666571
84037191,USA,37191.0,Wayne,North Carolina,US,"Wayne, North Carolina, US",11327,2021-05-29,9199.145625390844,246,123131,199.78721849087557
84037193,USA,37193.0,Wilkes,North Carolina,US,"Wilkes, North Carolina, US",6778,2021-05-29,9907.61854645384,113,68412,165.17570016956088
84037195,USA,37195.0,Wilson,North Carolina,US,"Wilson, North Carolina, US",9759,2021-05-29,11930.172002787252,179,81801,218.82373076123764
84037197,USA,37197.0,Yadkin,North Carolina,US,"Yadkin, North Carolina, US",4097,2021-05-29,10876.894894735446,51,37667,135.3970318846736
84037199,USA,37199.0,Yancey,North Carolina,US,"Yancey, North Carolina, US",1635,2021-05-29,9048.646853727378,28,18069,154.9615363329459
84038001,USA,38001.0,Adams,North Dakota,US,"Adams, North Dakota, US",270,2021-05-29,12184.115523465704,3,2216,135.37906137184115
84038003,USA,38003.0,Barnes,North Dakota,US,"Barnes, North Dakota, US",1417,2021-05-29,13605.376860297647,31,10415,297.6476236197792
84038005,USA,38005.0,Benson,North Dakota,US,"Benson, North Dakota, US",1100,2021-05-29,16100.702576112413,19,6832,278.10304449648714
84038007,USA,38007.0,Billings,North Dakota,US,"Billings, North Dakota, US",54,2021-05-29,5818.9655172413795,0,928,0.0
84038009,USA,38009.0,Bottineau,North Dakota,US,"Bottineau, North Dakota, US",720,2021-05-29,11461.318051575932,20,6282,318.3699458771092
84038011,USA,38011.0,Bowman,North Dakota,US,"Bowman, North Dakota, US",404,2021-05-29,13359.788359788361,5,3024,165.34391534391534
84038013,USA,38013.0,Burke,North Dakota,US,"Burke, North Dakota, US",247,2021-05-29,11678.486997635933,2,2115,94.56264775413712
84038015,USA,38015.0,Burleigh,North Dakota,US,"Burleigh, North Dakota, US",15887,2021-05-29,16613.682471294418,192,95626,200.7822140422061
84038017,USA,38017.0,Cass,North Dakota,US,"Cass, North Dakota, US",24667,2021-05-29,13559.033217350197,209,181923,114.88376950687929
84038019,USA,38019.0,Cavalier,North Dakota,US,"Cavalier, North Dakota, US",432,2021-05-29,11483.253588516747,5,3762,132.90802764486975
84038021,USA,38021.0,Dickey,North Dakota,US,"Dickey, North Dakota, US",799,2021-05-29,16399.83579638752,33,4872,677.3399014778325
84038023,USA,38023.0,Divide,North Dakota,US,"Divide, North Dakota, US",187,2021-05-29,8259.717314487632,2,2264,88.33922261484099
84038025,USA,38025.0,Dunn,North Dakota,US,"Dunn, North Dakota, US",387,2021-05-29,8747.739602169982,7,4424,158.2278481012658
84038027,USA,38027.0,Eddy,North Dakota,US,"Eddy, North Dakota, US",471,2021-05-29,20594.665500655883,6,2287,262.35242675994755
84038029,USA,38029.0,Emmons,North Dakota,US,"Emmons, North Dakota, US",431,2021-05-29,13298.364702252391,13,3241,401.11076828139466
84038031,USA,38031.0,Foster,North Dakota,US,"Foster, North Dakota, US",600,2021-05-29,18691.58878504673,19,3210,591.9003115264798
84038033,USA,38033.0,Golden Valley,North Dakota,US,"Golden Valley, North Dakota, US",260,2021-05-29,14764.338444065872,3,1761,170.35775127768315
84038035,USA,38035.0,Grand Forks,North Dakota,US,"Grand Forks, North Dakota, US",10682,2021-05-29,15380.628068710314,77,69451,110.86953391599833
84038037,USA,38037.0,Grant,North Dakota,US,"Grant, North Dakota, US",211,2021-05-29,9278.803869832895,7,2274,307.82761653474057
84038039,USA,38039.0,Griggs,North Dakota,US,"Griggs, North Dakota, US",329,2021-05-29,14746.750336172121,2,2231,89.64589870013447
84038041,USA,38041.0,Hettinger,North Dakota,US,"Hettinger, North Dakota, US",332,2021-05-29,13285.31412565026,4,2499,160.0640256102441
84038043,USA,38043.0,Kidder,North Dakota,US,"Kidder, North Dakota, US",273,2021-05-29,11008.064516129032,10,2480,403.22580645161287
84038045,USA,38045.0,LaMoure,North Dakota,US,"LaMoure, North Dakota, US",535,2021-05-29,13222.936233316857,17,4046,420.16806722689074
84038047,USA,38047.0,Logan,North Dakota,US,"Logan, North Dakota, US",265,2021-05-29,14324.324324324325,10,1850,540.5405405405405
84038049,USA,38049.0,McHenry,North Dakota,US,"McHenry, North Dakota, US",650,2021-05-29,11314.186248912098,23,5745,400.34812880765884
84038051,USA,38051.0,McIntosh,North Dakota,US,"McIntosh, North Dakota, US",347,2021-05-29,13896.676011213458,7,2497,280.3364036844213
84038053,USA,38053.0,McKenzie,North Dakota,US,"McKenzie, North Dakota, US",1403,2021-05-29,9338.391906283281,13,15024,86.52822151224707
84038055,USA,38055.0,McLean,North Dakota,US,"McLean, North Dakota, US",1284,2021-05-29,13587.301587301587,30,9450,317.46031746031747
84038057,USA,38057.0,Mercer,North Dakota,US,"Mercer, North Dakota, US",1149,2021-05-29,14034.444851593991,10,8187,122.14486380847686
84038059,USA,38059.0,Morton,North Dakota,US,"Morton, North Dakota, US",5313,2021-05-29,16939.80359648004,101,31364,322.0252518811376
84038061,USA,38061.0,Mountrail,North Dakota,US,"Mountrail, North Dakota, US",1363,2021-05-29,12925.557136083451,17,10545,161.21384542437175
84038063,USA,38063.0,Nelson,North Dakota,US,"Nelson, North Dakota, US",479,2021-05-29,16637.72143105245,15,2879,521.0142410559222
84038065,USA,38065.0,Oliver,North Dakota,US,"Oliver, North Dakota, US",158,2021-05-29,8065.339458907605,3,1959,153.1393568147014
84080038,USA,80038.0,Out of ND,North Dakota,US,"Out of ND, North Dakota, US",0,2021-05-29,,0,0,
84038067,USA,38067.0,Pembina,North Dakota,US,"Pembina, North Dakota, US",821,2021-05-29,12071.754153800912,11,6801,161.74092045287458
84038069,USA,38069.0,Pierce,North Dakota,US,"Pierce, North Dakota, US",548,2021-05-29,13786.163522012579,25,3975,628.930817610063
84038071,USA,38071.0,Ramsey,North Dakota,US,"Ramsey, North Dakota, US",1723,2021-05-29,14957.89565066412,30,11519,260.43927424255577
84038073,USA,38073.0,Ransom,North Dakota,US,"Ransom, North Dakota, US",697,2021-05-29,13357.608279034113,17,5218,325.79532387888077
84038075,USA,38075.0,Renville,North Dakota,US,"Renville, North Dakota, US",321,2021-05-29,13794.58530296519,14,2327,601.6330038676407
84038077,USA,38077.0,Richland,North Dakota,US,"Richland, North Dakota, US",2024,2021-05-29,12511.59052976448,17,16177,105.08746986462262
84038079,USA,38079.0,Rolette,North Dakota,US,"Rolette, North Dakota, US",2158,2021-05-29,15222.911963882618,28,14176,197.51693002257338
84038081,USA,38081.0,Sargent,North Dakota,US,"Sargent, North Dakota, US",500,2021-05-29,12827.090815802974,7,3898,179.57927142124166
84038083,USA,38083.0,Sheridan,North Dakota,US,"Sheridan, North Dakota, US",122,2021-05-29,9277.566539923953,2,1315,152.0912547528517
84038085,USA,38085.0,Sioux,North Dakota,US,"Sioux, North Dakota, US",663,2021-05-29,15673.758865248228,12,4230,283.68794326241135
84038087,USA,38087.0,Slope,North Dakota,US,"Slope, North Dakota, US",32,2021-05-29,4266.666666666667,0,750,0.0
84038089,USA,38089.0,Stark,North Dakota,US,"Stark, North Dakota, US",4899,2021-05-29,15557.813839753564,51,31489,161.96131982597097
84038091,USA,38091.0,Steele,North Dakota,US,"Steele, North Dakota, US",188,2021-05-29,9947.089947089948,2,1890,105.82010582010582
84038093,USA,38093.0,Stutsman,North Dakota,US,"Stutsman, North Dakota, US",3539,2021-05-29,17093.315301391034,81,20704,391.2287480680062
84038095,USA,38095.0,Towner,North Dakota,US,"Towner, North Dakota, US",325,2021-05-29,14846.962083142987,11,2189,502.51256281407035
84038097,USA,38097.0,Traill,North Dakota,US,"Traill, North Dakota, US",1047,2021-05-29,13028.870084619213,18,8036,223.9920358387257
84090038,USA,90038.0,Unassigned,North Dakota,US,"Unassigned, North Dakota, US",0,2021-05-29,,31,0,
84038099,USA,38099.0,Walsh,North Dakota,US,"Walsh, North Dakota, US",1912,2021-05-29,17968.236068038717,27,10641,253.73555117000282
84038101,USA,38101.0,Ward,North Dakota,US,"Ward, North Dakota, US",9880,2021-05-29,14606.525627947547,196,67641,289.76508330746145
84038103,USA,38103.0,Wells,North Dakota,US,"Wells, North Dakota, US",457,2021-05-29,11919.666145018258,8,3834,208.65936358894103
84038105,USA,38105.0,Williams,North Dakota,US,"Williams, North Dakota, US",4953,2021-05-29,13176.727234031232,40,37589,106.41411051105376
580,MNP,69.0,,Northern Mariana Islands,US,"Northern Mariana Islands, US",183,2021-05-29,331.858407079646,2,55144,3.626867836936022
84039001,USA,39001.0,Adams,Ohio,US,"Adams, Ohio, US",2410,2021-05-29,8700.98924110044,55,27698,198.57029388403495
84039003,USA,39003.0,Allen,Ohio,US,"Allen, Ohio, US",11838,2021-05-29,11566.08142568221,237,102351,231.55611571943606
84039005,USA,39005.0,Ashland,Ohio,US,"Ashland, Ohio, US",4335,2021-05-29,8105.227731658066,94,53484,175.75349637274698
84039007,USA,39007.0,Ashtabula,Ohio,US,"Ashtabula, Ohio, US",7051,2021-05-29,7251.056653057866,178,97241,183.05035941629558
84039009,USA,39009.0,Athens,Ohio,US,"Athens, Ohio, US",5219,2021-05-29,7989.03975385369,60,65327,91.84563809757068
84039011,USA,39011.0,Auglaize,Ohio,US,"Auglaize, Ohio, US",4985,2021-05-29,10918.60872612581,87,45656,190.55545820921674
84039013,USA,39013.0,Belmont,Ohio,US,"Belmont, Ohio, US",6094,2021-05-29,9094.707936602692,171,67006,255.20102677372176
84039015,USA,39015.0,Brown,Ohio,US,"Brown, Ohio, US",3999,2021-05-29,9207.49677657027,59,43432,135.84453858905874
84039017,USA,39017.0,Butler,Ohio,US,"Butler, Ohio, US",38773,2021-05-29,10119.958030349695,596,383134,155.559151628412
84039019,USA,39019.0,Carroll,Ohio,US,"Carroll, Ohio, US",1940,2021-05-29,7208.144460132274,48,26914,178.3458423125511
84039021,USA,39021.0,Champaign,Ohio,US,"Champaign, Ohio, US",3412,2021-05-29,8774.591744888774,58,38885,149.15777292014914
84039023,USA,39023.0,Clark,Ohio,US,"Clark, Ohio, US",14192,2021-05-29,10584.488712215567,303,134083,225.97943065116385
84039025,USA,39025.0,Clermont,Ohio,US,"Clermont, Ohio, US",20013,2021-05-29,9694.90572984285,249,206428,120.6231712752146
84039027,USA,39027.0,Clinton,Ohio,US,"Clinton, Ohio, US",3771,2021-05-29,8985.417460922608,66,41968,157.26267632481893
84039029,USA,39029.0,Columbiana,Ohio,US,"Columbiana, Ohio, US",8967,2021-05-29,8801.27204734843,229,101883,224.76762560976806
84039031,USA,39031.0,Coshocton,Ohio,US,"Coshocton, Ohio, US",2677,2021-05-29,7314.207650273224,58,36600,158.46994535519124
84039033,USA,39033.0,Crawford,Ohio,US,"Crawford, Ohio, US",4012,2021-05-29,9668.867788113945,110,41494,265.0985684677303
84039035,USA,39035.0,Cuyahoga,Ohio,US,"Cuyahoga, Ohio, US",114852,2021-05-29,9299.21494455384,2172,1235072,175.86019276608977
84039037,USA,39037.0,Darke,Ohio,US,"Darke, Ohio, US",5396,2021-05-29,10557.001154305166,128,51113,250.4255277522352
84039039,USA,39039.0,Defiance,Ohio,US,"Defiance, Ohio, US",4296,2021-05-29,11279.4391787224,98,38087,257.30564234515714
84039041,USA,39041.0,Delaware,Ohio,US,"Delaware, Ohio, US",18719,2021-05-29,8948.880613069314,133,209177,63.58251624222548
84039043,USA,39043.0,Erie,Ohio,US,"Erie, Ohio, US",8031,2021-05-29,10813.831362938627,160,74266,215.44179032127758
84039045,USA,39045.0,Fairfield,Ohio,US,"Fairfield, Ohio, US",16452,2021-05-29,10440.808762866971,203,157574,128.82836000863085
84039047,USA,39047.0,Fayette,Ohio,US,"Fayette, Ohio, US",2847,2021-05-29,9980.718667835232,50,28525,175.28483786152498
84039049,USA,39049.0,Franklin,Ohio,US,"Franklin, Ohio, US",127818,2021-05-29,9707.037598461673,1433,1316756,108.8280592607894
84039051,USA,39051.0,Fulton,Ohio,US,"Fulton, Ohio, US",4303,2021-05-29,10214.594312301193,71,42126,168.5419930684138
84039053,USA,39053.0,Gallia,Ohio,US,"Gallia, Ohio, US",2388,2021-05-29,7987.156331527192,50,29898,167.2352665730149
84039055,USA,39055.0,Geauga,Ohio,US,"Geauga, Ohio, US",6809,2021-05-29,7270.766372305097,149,93649,159.10474217557046
84039057,USA,39057.0,Greene,Ohio,US,"Greene, Ohio, US",15210,2021-05-29,9003.356280743708,246,168937,145.61641321912902
84039059,USA,39059.0,Guernsey,Ohio,US,"Guernsey, Ohio, US",3212,2021-05-29,8262.379421221865,52,38875,133.7620578778135
84039061,USA,39061.0,Hamilton,Ohio,US,"Hamilton, Ohio, US",80915,2021-05-29,9898.186239790182,1233,817473,150.83066963679534
84039063,USA,39063.0,Hancock,Ohio,US,"Hancock, Ohio, US",6989,2021-05-29,9222.384967604872,131,75783,172.8619875169893
84039065,USA,39065.0,Hardin,Ohio,US,"Hardin, Ohio, US",2736,2021-05-29,8723.09899569584,65,31365,207.23736649131195
84039067,USA,39067.0,Harrison,Ohio,US,"Harrison, Ohio, US",1130,2021-05-29,7513.297872340426,37,15040,246.01063829787236
84039069,USA,39069.0,Henry,Ohio,US,"Henry, Ohio, US",2720,2021-05-29,10071.835888321113,67,27006,248.09301636673334
84039071,USA,39071.0,Highland,Ohio,US,"Highland, Ohio, US",3578,2021-05-29,8289.891337086721,63,43161,145.9651073886147
84039073,USA,39073.0,Hocking,Ohio,US,"Hocking, Ohio, US",2188,2021-05-29,7741.296348712142,62,28264,219.36031701103877
84039075,USA,39075.0,Holmes,Ohio,US,"Holmes, Ohio, US",2663,2021-05-29,6057.779799818017,101,43960,229.75432211101003
84039077,USA,39077.0,Huron,Ohio,US,"Huron, Ohio, US",5498,2021-05-29,9436.034737239557,121,58266,207.66827995743657
84039079,USA,39079.0,Jackson,Ohio,US,"Jackson, Ohio, US",3159,2021-05-29,9746.08953197791,53,32413,163.51463918798012
84039081,USA,39081.0,Jefferson,Ohio,US,"Jefferson, Ohio, US",5641,2021-05-29,8635.285112897054,155,65325,237.275162648297
84039083,USA,39083.0,Knox,Ohio,US,"Knox, Ohio, US",4553,2021-05-29,7305.606366933025,111,62322,178.10724944642342
84039085,USA,39085.0,Lake,Ohio,US,"Lake, Ohio, US",21051,2021-05-29,9146.683235642997,381,230149,165.54492958909228
84039087,USA,39087.0,Lawrence,Ohio,US,"Lawrence, Ohio, US",5667,2021-05-29,9530.2961505474,102,59463,171.53524040159428
84039089,USA,39089.0,Licking,Ohio,US,"Licking, Ohio, US",16580,2021-05-29,9374.54060227748,218,176862,123.25994278024675
84039091,USA,39091.0,Logan,Ohio,US,"Logan, Ohio, US",3861,2021-05-29,8453.757225433526,76,45672,166.40392362935714
84039093,USA,39093.0,Lorain,Ohio,US,"Lorain, Ohio, US",25495,2021-05-29,8228.626389054749,490,309833,158.1497129098579
84039095,USA,39095.0,Lucas,Ohio,US,"Lucas, Ohio, US",43085,2021-05-29,10058.410451315287,804,428348,187.69785314744087
84039097,USA,39097.0,Madison,Ohio,US,"Madison, Ohio, US",4419,2021-05-29,9879.054794214304,63,44731,140.84192170977622
84039099,USA,39099.0,Mahoning,Ohio,US,"Mahoning, Ohio, US",22161,2021-05-29,9690.707223536512,593,228683,259.31092385529314
84039101,USA,39101.0,Marion,Ohio,US,"Marion, Ohio, US",8614,2021-05-29,13233.373788272165,137,65093,210.46809948842426
84039103,USA,39103.0,Medina,Ohio,US,"Medina, Ohio, US",15529,2021-05-29,8639.413394456622,268,179746,149.09928454597042
84039105,USA,39105.0,Meigs,Ohio,US,"Meigs, Ohio, US",1473,2021-05-29,6430.348801676343,40,22907,174.61911206181514
84039107,USA,39107.0,Mercer,Ohio,US,"Mercer, Ohio, US",4855,2021-05-29,11791.994559409308,85,41172,206.45098610706304
84039109,USA,39109.0,Miami,Ohio,US,"Miami, Ohio, US",10792,2021-05-29,10087.20685690785,222,106987,207.50184601867517
84039111,USA,39111.0,Monroe,Ohio,US,"Monroe, Ohio, US",1351,2021-05-29,9894.536399589864,43,13654,314.9260290024901
84039113,USA,39113.0,Montgomery,Ohio,US,"Montgomery, Ohio, US",52227,2021-05-29,9822.88451664231,1028,531687,193.34683751906667
84039115,USA,39115.0,Morgan,Ohio,US,"Morgan, Ohio, US",1092,2021-05-29,7526.881720430108,24,14508,165.42597187758477
84039117,USA,39117.0,Morrow,Ohio,US,"Morrow, Ohio, US",2902,2021-05-29,8214.447463768116,39,35328,110.39402173913042
84039119,USA,39119.0,Muskingum,Ohio,US,"Muskingum, Ohio, US",8872,2021-05-29,10290.552688047323,135,86215,156.58528098358755
84039121,USA,39121.0,Noble,Ohio,US,"Noble, Ohio, US",1349,2021-05-29,9352.46810870771,39,14424,270.38269550748754
84039123,USA,39123.0,Ottawa,Ohio,US,"Ottawa, Ohio, US",3716,2021-05-29,9169.648365206664,81,40525,199.87661937075882
84080039,USA,80039.0,Out of OH,Ohio,US,"Out of OH, Ohio, US",0,2021-05-29,,0,0,
84039125,USA,39125.0,Paulding,Ohio,US,"Paulding, Ohio, US",1757,2021-05-29,9409.81148243359,41,18672,219.58011996572407
84039127,USA,39127.0,Perry,Ohio,US,"Perry, Ohio, US",2964,2021-05-29,8202.800686334202,50,36134,138.37383074113023
84039129,USA,39129.0,Pickaway,Ohio,US,"Pickaway, Ohio, US",8626,2021-05-29,14756.145542877672,122,58457,208.70041226884717
84039131,USA,39131.0,Pike,Ohio,US,"Pike, Ohio, US",2417,2021-05-29,8703.010226127035,34,27772,122.42546449661529
84039133,USA,39133.0,Portage,Ohio,US,"Portage, Ohio, US",13151,2021-05-29,8094.61671980599,211,162466,129.87332734233624
84039135,USA,39135.0,Preble,Ohio,US,"Preble, Ohio, US",3833,2021-05-29,9375.764395088303,102,40882,249.49855682207328
84039137,USA,39137.0,Putnam,Ohio,US,"Putnam, Ohio, US",4329,2021-05-29,12784.61947373084,103,33861,304.1847553232332
84039139,USA,39139.0,Richland,Ohio,US,"Richland, Ohio, US",11535,2021-05-29,9520.940290869472,209,121154,172.50771745051753
84039141,USA,39141.0,Ross,Ohio,US,"Ross, Ohio, US",6914,2021-05-29,9018.339289906868,158,76666,206.0887485978139
84039143,USA,39143.0,Sandusky,Ohio,US,"Sandusky, Ohio, US",5428,2021-05-29,9275.778392973103,124,58518,211.90061177757272
84039145,USA,39145.0,Scioto,Ohio,US,"Scioto, Ohio, US",6500,2021-05-29,8630.533499747722,103,75314,136.76076161138698
84039147,USA,39147.0,Seneca,Ohio,US,"Seneca, Ohio, US",5334,2021-05-29,9666.89622675704,124,55178,224.7272463663054
84039149,USA,39149.0,Shelby,Ohio,US,"Shelby, Ohio, US",4728,2021-05-29,9730.397201070178,94,48590,193.45544350689443
84039151,USA,39151.0,Stark,Ohio,US,"Stark, Ohio, US",33082,2021-05-29,8926.460985521013,920,370606,248.2420683960864
84039153,USA,39153.0,Summit,Ohio,US,"Summit, Ohio, US",48087,2021-05-29,8888.326158521144,983,541013,181.69618844648835
84039155,USA,39155.0,Trumbull,Ohio,US,"Trumbull, Ohio, US",16404,2021-05-29,8285.936537121035,477,197974,240.94072959075433
84039157,USA,39157.0,Tuscarawas,Ohio,US,"Tuscarawas, Ohio, US",8572,2021-05-29,9318.708078315414,246,91987,267.4290932414363
84090039,USA,90039.0,Unassigned,Ohio,US,"Unassigned, Ohio, US",0,2021-05-29,,3,0,
84039159,USA,39159.0,Union,Ohio,US,"Union, Ohio, US",5814,2021-05-29,9856.241947514749,49,58988,83.06774259171357
84039161,USA,39161.0,Van Wert,Ohio,US,"Van Wert, Ohio, US",2464,2021-05-29,8714.412024756853,64,28275,226.34836427939874
84039163,USA,39163.0,Vinton,Ohio,US,"Vinton, Ohio, US",851,2021-05-29,6503.630110813909,17,13085,129.91975544516623
84039165,USA,39165.0,Warren,Ohio,US,"Warren, Ohio, US",24513,2021-05-29,10448.760027621249,303,234602,129.15490916530976
84039167,USA,39167.0,Washington,Ohio,US,"Washington, Ohio, US",5274,2021-05-29,8803.057869172606,109,59911,181.93653919981307
84039169,USA,39169.0,Wayne,Ohio,US,"Wayne, Ohio, US",9052,2021-05-29,7823.005790337914,218,115710,188.4020395817129
84039171,USA,39171.0,Williams,Ohio,US,"Williams, Ohio, US",3456,2021-05-29,9418.946909408045,77,36692,209.8550092663251
84039173,USA,39173.0,Wood,Ohio,US,"Wood, Ohio, US",13249,2021-05-29,10127.888577172691,194,130817,148.29876850868007
84039175,USA,39175.0,Wyandot,Ohio,US,"Wyandot, Ohio, US",2341,2021-05-29,10752.342458203197,56,21772,257.21109682160574
84040001,USA,40001.0,Adair,Oklahoma,US,"Adair, Oklahoma, US",3188,2021-05-29,14364.24258808687,43,22194,193.7460574930161
84040003,USA,40003.0,Alfalfa,Oklahoma,US,"Alfalfa, Oklahoma, US",1154,2021-05-29,20238.51280252543,7,5702,122.7639424763241
84040005,USA,40005.0,Atoka,Oklahoma,US,"Atoka, Oklahoma, US",1873,2021-05-29,13613.897368803604,26,13758,188.98095653438
84040007,USA,40007.0,Beaver,Oklahoma,US,"Beaver, Oklahoma, US",475,2021-05-29,8943.701751082659,6,5311,112.9730747505178
84040009,USA,40009.0,Beckham,Oklahoma,US,"Beckham, Oklahoma, US",2898,2021-05-29,13257.697058419873,58,21859,265.3369321560913
84040011,USA,40011.0,Blaine,Oklahoma,US,"Blaine, Oklahoma, US",1046,2021-05-29,11093.435146887263,20,9429,212.11157068618093
84040013,USA,40013.0,Bryan,Oklahoma,US,"Bryan, Oklahoma, US",6124,2021-05-29,12759.662464840088,78,47995,162.51692884675487
84040015,USA,40015.0,Caddo,Oklahoma,US,"Caddo, Oklahoma, US",3976,2021-05-29,13823.795285446075,96,28762,333.7737292260622
84040017,USA,40017.0,Canadian,Oklahoma,US,"Canadian, Oklahoma, US",17335,2021-05-29,11688.670721346405,184,148306,124.06780575297022
84040019,USA,40019.0,Carter,Oklahoma,US,"Carter, Oklahoma, US",6149,2021-05-29,12780.86092577581,125,48111,259.81584253081417
84040021,USA,40021.0,Cherokee,Oklahoma,US,"Cherokee, Oklahoma, US",5635,2021-05-29,11581.067472306144,78,48657,160.30581416856774
84040023,USA,40023.0,Choctaw,Oklahoma,US,"Choctaw, Oklahoma, US",1620,2021-05-29,11041.43947655398,26,14672,177.2082878953108
84040025,USA,40025.0,Cimarron,Oklahoma,US,"Cimarron, Oklahoma, US",214,2021-05-29,10014.0383715489,2,2137,93.58914365933552
84040027,USA,40027.0,Cleveland,Oklahoma,US,"Cleveland, Oklahoma, US",31221,2021-05-29,10992.767962142712,430,284014,151.40098727527516
84040029,USA,40029.0,Coal,Oklahoma,US,"Coal, Oklahoma, US",700,2021-05-29,12738.853503184713,15,5495,272.975432211101
84040031,USA,40031.0,Comanche,Oklahoma,US,"Comanche, Oklahoma, US",13895,2021-05-29,11507.34167570746,195,120749,161.49202063785208
84040033,USA,40033.0,Cotton,Oklahoma,US,"Cotton, Oklahoma, US",695,2021-05-29,12266.148958701024,16,5666,282.3861630780092
84040035,USA,40035.0,Craig,Oklahoma,US,"Craig, Oklahoma, US",1990,2021-05-29,14071.55989251874,18,14142,127.28044123886295
84040037,USA,40037.0,Creek,Oklahoma,US,"Creek, Oklahoma, US",6997,2021-05-29,9783.003830989066,163,71522,227.90190430916363
84040039,USA,40039.0,Custer,Oklahoma,US,"Custer, Oklahoma, US",4078,2021-05-29,14060.614419198015,104,29003,358.58359480053787
84040041,USA,40041.0,Delaware,Oklahoma,US,"Delaware, Oklahoma, US",4661,2021-05-29,10837.266618614709,94,43009,218.55890627543073
84040043,USA,40043.0,Dewey,Oklahoma,US,"Dewey, Oklahoma, US",552,2021-05-29,11286.035575546923,14,4891,286.2400327131466
84040045,USA,40045.0,Ellis,Oklahoma,US,"Ellis, Oklahoma, US",357,2021-05-29,9251.101321585902,6,3859,155.48069448043535
84040047,USA,40047.0,Garfield,Oklahoma,US,"Garfield, Oklahoma, US",7809,2021-05-29,12789.897798742139,139,61056,227.65985324947587
84040049,USA,40049.0,Garvin,Oklahoma,US,"Garvin, Oklahoma, US",3618,2021-05-29,13056.187073725237,79,27711,285.0853451697882
84040051,USA,40051.0,Grady,Oklahoma,US,"Grady, Oklahoma, US",5968,2021-05-29,10688.827596088404,128,55834,229.2509940179819
84040053,USA,40053.0,Grant,Oklahoma,US,"Grant, Oklahoma, US",549,2021-05-29,12670.205400415416,7,4333,161.55088852988692
84040055,USA,40055.0,Greer,Oklahoma,US,"Greer, Oklahoma, US",585,2021-05-29,10241.596638655461,22,5712,385.1540616246499
84040057,USA,40057.0,Harmon,Oklahoma,US,"Harmon, Oklahoma, US",327,2021-05-29,12325.669053901243,6,2653,226.15906520919714
84040059,USA,40059.0,Harper,Oklahoma,US,"Harper, Oklahoma, US",420,2021-05-29,11388.2863340564,8,3688,216.91973969631238
84040061,USA,40061.0,Haskell,Oklahoma,US,"Haskell, Oklahoma, US",1254,2021-05-29,9931.100023758612,17,12627,134.632137483171
84040063,USA,40063.0,Hughes,Oklahoma,US,"Hughes, Oklahoma, US",1238,2021-05-29,9322.991189095565,29,13279,218.3899390014308
84040065,USA,40065.0,Jackson,Oklahoma,US,"Jackson, Oklahoma, US",3129,2021-05-29,12755.809213208317,56,24530,228.2918874847126
84040067,USA,40067.0,Jefferson,Oklahoma,US,"Jefferson, Oklahoma, US",703,2021-05-29,11712.762412529157,16,6002,266.5778073975342
84040069,USA,40069.0,Johnston,Oklahoma,US,"Johnston, Oklahoma, US",1377,2021-05-29,12422.192151556157,37,11085,333.78439332431213
84040071,USA,40071.0,Kay,Oklahoma,US,"Kay, Oklahoma, US",5328,2021-05-29,12237.585557444072,128,43538,293.9960494280858
84040073,USA,40073.0,Kingfisher,Oklahoma,US,"Kingfisher, Oklahoma, US",2056,2021-05-29,13041.547732318426,41,15765,260.06977481763397
84040075,USA,40075.0,Kiowa,Oklahoma,US,"Kiowa, Oklahoma, US",818,2021-05-29,9393.661001378043,26,8708,298.5760220486909
84040077,USA,40077.0,Latimer,Oklahoma,US,"Latimer, Oklahoma, US",838,2021-05-29,8319.269333862801,13,10073,129.05787749429166
84040079,USA,40079.0,Le Flore,Oklahoma,US,"Le Flore, Oklahoma, US",5599,2021-05-29,11231.019196437526,67,49853,134.39512165767357
84040081,USA,40081.0,Lincoln,Oklahoma,US,"Lincoln, Oklahoma, US",3249,2021-05-29,9315.59480459902,72,34877,206.43977406313618
84040083,USA,40083.0,Logan,Oklahoma,US,"Logan, Oklahoma, US",4287,2021-05-29,8929.20372414655,64,48011,133.30278477848825
84040085,USA,40085.0,Love,Oklahoma,US,"Love, Oklahoma, US",1504,2021-05-29,14668.877401736077,22,10253,214.57134497220326
84040093,USA,40093.0,Major,Oklahoma,US,"Major, Oklahoma, US",957,2021-05-29,12544.239087691703,24,7629,314.58906802988594
84040095,USA,40095.0,Marshall,Oklahoma,US,"Marshall, Oklahoma, US",2047,2021-05-29,12090.248656310909,23,16931,135.8454905203473
84040097,USA,40097.0,Mayes,Oklahoma,US,"Mayes, Oklahoma, US",4237,2021-05-29,10309.002433090023,72,41100,175.1824817518248
84040087,USA,40087.0,McClain,Oklahoma,US,"McClain, Oklahoma, US",5315,2021-05-29,13131.887137421556,73,40474,180.362701981519
84040089,USA,40089.0,McCurtain,Oklahoma,US,"McCurtain, Oklahoma, US",3969,2021-05-29,12088.815789473683,93,32832,283.2602339181286
84040091,USA,40091.0,McIntosh,Oklahoma,US,"McIntosh, Oklahoma, US",2013,2021-05-29,10272.504592774036,61,19596,311.28801796284955
84040099,USA,40099.0,Murray,Oklahoma,US,"Murray, Oklahoma, US",2022,2021-05-29,14367.938605840971,42,14073,298.4438286079727
84040101,USA,40101.0,Muskogee,Oklahoma,US,"Muskogee, Oklahoma, US",9348,2021-05-29,13747.665338176685,175,67997,257.3642954836243
84040103,USA,40103.0,Noble,Oklahoma,US,"Noble, Oklahoma, US",1380,2021-05-29,12397.807923816368,20,11131,179.6783757074836
84040105,USA,40105.0,Nowata,Oklahoma,US,"Nowata, Oklahoma, US",1150,2021-05-29,11413.259229853116,20,10076,198.4914648670107
84040107,USA,40107.0,Okfuskee,Oklahoma,US,"Okfuskee, Oklahoma, US",1792,2021-05-29,14942.049528891854,32,11993,266.82231301592594
84040109,USA,40109.0,Oklahoma,Oklahoma,US,"Oklahoma, Oklahoma, US",87246,2021-05-29,10940.842753130666,1297,797434,162.64668925578795
84040111,USA,40111.0,Okmulgee,Oklahoma,US,"Okmulgee, Oklahoma, US",3804,2021-05-29,9889.509944105032,81,38465,210.58104770570648
84040113,USA,40113.0,Osage,Oklahoma,US,"Osage, Oklahoma, US",4766,2021-05-29,10148.414709452121,76,46963,161.82952537103677
84040115,USA,40115.0,Ottawa,Oklahoma,US,"Ottawa, Oklahoma, US",3924,2021-05-29,12606.418864651267,69,31127,221.6725029716966
84080040,USA,80040.0,Out of OK,Oklahoma,US,"Out of OK, Oklahoma, US",0,2021-05-29,,0,0,
84040117,USA,40117.0,Pawnee,Oklahoma,US,"Pawnee, Oklahoma, US",1788,2021-05-29,10918.417195896434,52,16376,317.53786028334144
84040119,USA,40119.0,Payne,Oklahoma,US,"Payne, Oklahoma, US",8703,2021-05-29,10641.445759561773,76,81784,92.92771202191138
84040121,USA,40121.0,Pittsburg,Oklahoma,US,"Pittsburg, Oklahoma, US",4652,2021-05-29,10656.526320612087,77,43654,176.3870435698905
84040123,USA,40123.0,Pontotoc,Oklahoma,US,"Pontotoc, Oklahoma, US",5151,2021-05-29,13454.706927175845,78,38284,203.74046599101453
84040125,USA,40125.0,Pottawatomie,Oklahoma,US,"Pottawatomie, Oklahoma, US",8388,2021-05-29,11554.992285651311,130,72592,179.08309455587394
84040127,USA,40127.0,Pushmataha,Oklahoma,US,"Pushmataha, Oklahoma, US",1010,2021-05-29,9102.379235760634,22,11096,198.26964671953857
84040129,USA,40129.0,Roger Mills,Oklahoma,US,"Roger Mills, Oklahoma, US",390,2021-05-29,10884.733463578008,12,3583,334.9148758024002
84040131,USA,40131.0,Rogers,Oklahoma,US,"Rogers, Oklahoma, US",10545,2021-05-29,11405.055213662272,193,92459,208.7411717626191
84040133,USA,40133.0,Seminole,Oklahoma,US,"Seminole, Oklahoma, US",2878,2021-05-29,11864.1272982109,78,24258,321.54340836012864
84040135,USA,40135.0,Sequoyah,Oklahoma,US,"Sequoyah, Oklahoma, US",4136,2021-05-29,9949.722148716592,56,41569,134.7157737737256
84040137,USA,40137.0,Stephens,Oklahoma,US,"Stephens, Oklahoma, US",4881,2021-05-29,11313.538696891732,104,43143,241.05880444104488
84040139,USA,40139.0,Texas,Oklahoma,US,"Texas, Oklahoma, US",3531,2021-05-29,17670.0195165891,34,19983,170.14462292949005
84040141,USA,40141.0,Tillman,Oklahoma,US,"Tillman, Oklahoma, US",803,2021-05-29,11075.862068965516,17,7250,234.48275862068968
84040143,USA,40143.0,Tulsa,Oklahoma,US,"Tulsa, Oklahoma, US",75151,2021-05-29,11534.152300967537,1109,651552,170.2089779480379
84090040,USA,90040.0,Unassigned,Oklahoma,US,"Unassigned, Oklahoma, US",491,2021-05-29,,0,0,
84040145,USA,40145.0,Wagoner,Oklahoma,US,"Wagoner, Oklahoma, US",8141,2021-05-29,10014.885162814157,119,81289,146.3912706516257
84040147,USA,40147.0,Washington,Oklahoma,US,"Washington, Oklahoma, US",5223,2021-05-29,10136.433326217322,118,51527,229.00615211442545
84040149,USA,40149.0,Washita,Oklahoma,US,"Washita, Oklahoma, US",1086,2021-05-29,9948.699157200439,23,10916,210.69989006962257
84040151,USA,40151.0,Woods,Oklahoma,US,"Woods, Oklahoma, US",1203,2021-05-29,13681.337427499146,18,8793,204.70829068577277
84040153,USA,40153.0,Woodward,Oklahoma,US,"Woodward, Oklahoma, US",3167,2021-05-29,15669.684825095246,36,20211,178.1208252931572
84041001,USA,41001.0,Baker,Oregon,US,"Baker, Oregon, US",971,2021-05-29,6022.078888613247,15,16124,93.02902505581741
84041003,USA,41003.0,Benton,Oregon,US,"Benton, Oregon, US",3192,2021-05-29,3430.3031605644096,22,93053,23.642440329704577
84041005,USA,41005.0,Clackamas,Oregon,US,"Clackamas, Oregon, US",18281,2021-05-29,4371.4893098063785,223,418187,53.325426184936404
84041007,USA,41007.0,Clatsop,Oregon,US,"Clatsop, Oregon, US",1010,2021-05-29,2510.938743038982,8,40224,19.88862370723946
84041009,USA,41009.0,Columbia,Oregon,US,"Columbia, Oregon, US",1827,2021-05-29,3489.7047026015202,29,52354,55.39213813653207
84041011,USA,41011.0,Coos,Oregon,US,"Coos, Oregon, US",2144,2021-05-29,3324.7011025478,36,64487,55.82520508009367
84041013,USA,41013.0,Crook,Oregon,US,"Crook, Oregon, US",1201,2021-05-29,4921.324373053598,22,24404,90.14915587608589
84041015,USA,41015.0,Curry,Oregon,US,"Curry, Oregon, US",666,2021-05-29,2905.1254089422027,10,22925,43.62050163576881
84041017,USA,41017.0,Deschutes,Oregon,US,"Deschutes, Oregon, US",9634,2021-05-29,4873.23715678935,79,197692,39.961151690508466
84041019,USA,41019.0,Douglas,Oregon,US,"Douglas, Oregon, US",3538,2021-05-29,3187.9617949180033,75,110980,67.57974409803569
84041021,USA,41021.0,Gilliam,Oregon,US,"Gilliam, Oregon, US",64,2021-05-29,3347.2803347280333,1,1912,52.30125523012552
84041023,USA,41023.0,Grant,Oregon,US,"Grant, Oregon, US",529,2021-05-29,7348.242811501597,6,7199,83.34490901514098
84041025,USA,41025.0,Harney,Oregon,US,"Harney, Oregon, US",382,2021-05-29,5167.049912078994,8,7393,108.21046936291086
84041027,USA,41027.0,Hood River,Oregon,US,"Hood River, Oregon, US",1204,2021-05-29,5149.260114618082,32,23382,136.85741168420154
84041029,USA,41029.0,Jackson,Oregon,US,"Jackson, Oregon, US",11227,2021-05-29,5081.378086755015,143,220944,64.72228256933883
84041031,USA,41031.0,Jefferson,Oregon,US,"Jefferson, Oregon, US",2304,2021-05-29,9343.823505556007,38,24658,154.10820017844108
84041033,USA,41033.0,Josephine,Oregon,US,"Josephine, Oregon, US",3472,2021-05-29,3968.589619029113,72,87487,82.29794140843782
84041035,USA,41035.0,Klamath,Oregon,US,"Klamath, Oregon, US",4674,2021-05-29,6849.555965884112,73,68238,106.97851636917846
84041037,USA,41037.0,Lake,Oregon,US,"Lake, Oregon, US",462,2021-05-29,5871.139916126573,7,7869,88.95666539585716
84041039,USA,41039.0,Lane,Oregon,US,"Lane, Oregon, US",13483,2021-05-29,3528.9621977297174,152,382067,39.783598164719805
84041041,USA,41041.0,Lincoln,Oregon,US,"Lincoln, Oregon, US",1398,2021-05-29,2798.1265761979103,21,49962,42.031944277651014
84041043,USA,41043.0,Linn,Oregon,US,"Linn, Oregon, US",5330,2021-05-29,4107.931467679905,76,129749,58.57463255978852
84041045,USA,41045.0,Malheur,Oregon,US,"Malheur, Oregon, US",3562,2021-05-29,11651.565208858068,63,30571,206.0776552942331
84041047,USA,41047.0,Marion,Oregon,US,"Marion, Oregon, US",22809,2021-05-29,6557.739967454243,316,347818,90.85211231161125
84041049,USA,41049.0,Morrow,Oregon,US,"Morrow, Oregon, US",1130,2021-05-29,9738.860639489787,16,11603,137.89537188658107
84041051,USA,41051.0,Multnomah,Oregon,US,"Multnomah, Oregon, US",39479,2021-05-29,4856.8317842665665,606,812855,74.55204187708755
84080041,USA,80041.0,Out of OR,Oregon,US,"Out of OR, Oregon, US",0,2021-05-29,,0,0,
84041053,USA,41053.0,Polk,Oregon,US,"Polk, Oregon, US",3872,2021-05-29,4497.880002323285,53,86085,61.56705581692513
84041055,USA,41055.0,Sherman,Oregon,US,"Sherman, Oregon, US",62,2021-05-29,3483.14606741573,1,1780,56.17977528089888
84041057,USA,41057.0,Tillamook,Oregon,US,"Tillamook, Oregon, US",662,2021-05-29,2448.587069093061,4,27036,14.795088030773783
84041059,USA,41059.0,Umatilla,Oregon,US,"Umatilla, Oregon, US",8401,2021-05-29,10777.421423989737,86,77950,110.32713277742143
84090041,USA,90041.0,Unassigned,Oregon,US,"Unassigned, Oregon, US",0,2021-05-29,,0,0,
84041061,USA,41061.0,Union,Oregon,US,"Union, Oregon, US",1464,2021-05-29,5455.561766349916,23,26835,85.70896217626235
84041063,USA,41063.0,Wallowa,Oregon,US,"Wallowa, Oregon, US",187,2021-05-29,2594.33962264151,5,7208,69.36736958934517
84041065,USA,41065.0,Wasco,Oregon,US,"Wasco, Oregon, US",1418,2021-05-29,5314.444194588112,28,26682,104.93965969567499
84041067,USA,41067.0,Washington,Oregon,US,"Washington, Oregon, US",26293,2021-05-29,4370.570087368183,238,601592,39.56169629915291
84041069,USA,41069.0,Wheeler,Oregon,US,"Wheeler, Oregon, US",34,2021-05-29,2552.5525525525527,1,1332,75.07507507507508
84041071,USA,41071.0,Yamhill,Oregon,US,"Yamhill, Oregon, US",4639,2021-05-29,4331.465919701214,78,107100,72.82913165266106
84042001,USA,42001.0,Adams,Pennsylvania,US,"Adams, Pennsylvania, US",9558,2021-05-29,9278.800881476376,183,103009,177.65437971439388
84042003,USA,42003.0,Allegheny,Pennsylvania,US,"Allegheny, Pennsylvania, US",101223,2021-05-29,8323.951827440596,1979,1216045,162.7406880501955
84042005,USA,42005.0,Armstrong,Pennsylvania,US,"Armstrong, Pennsylvania, US",5977,2021-05-29,9233.026956051595,144,64735,222.4453541360933
84042007,USA,42007.0,Beaver,Pennsylvania,US,"Beaver, Pennsylvania, US",15410,2021-05-29,9400.411153609184,383,163929,233.6377334089758
84042009,USA,42009.0,Bedford,Pennsylvania,US,"Bedford, Pennsylvania, US",4626,2021-05-29,9660.04009355162,138,47888,288.17240227196794
84042011,USA,42011.0,Berks,Pennsylvania,US,"Berks, Pennsylvania, US",47950,2021-05-29,11385.113637442897,1031,421164,244.79775099486184
84042013,USA,42013.0,Blair,Pennsylvania,US,"Blair, Pennsylvania, US",13414,2021-05-29,11010.514737870293,338,121829,277.43804841211863
84042015,USA,42015.0,Bradford,Pennsylvania,US,"Bradford, Pennsylvania, US",6041,2021-05-29,10014.422359630655,90,60323,149.1968237653963
84042017,USA,42017.0,Bucks,Pennsylvania,US,"Bucks, Pennsylvania, US",60554,2021-05-29,9638.212870262785,1301,628270,207.07657535772836
84042019,USA,42019.0,Butler,Pennsylvania,US,"Butler, Pennsylvania, US",17446,2021-05-29,9287.048915907651,415,187853,220.91741947160813
84042021,USA,42021.0,Cambria,Pennsylvania,US,"Cambria, Pennsylvania, US",14597,2021-05-29,11211.902421039695,432,130192,331.81762320265454
84042023,USA,42023.0,Cameron,Pennsylvania,US,"Cameron, Pennsylvania, US",303,2021-05-29,6813.582190240612,7,4447,157.40948954351248
84042025,USA,42025.0,Carbon,Pennsylvania,US,"Carbon, Pennsylvania, US",6356,2021-05-29,9903.088093234863,171,64182,266.42984014209594
84042027,USA,42027.0,Centre,Pennsylvania,US,"Centre, Pennsylvania, US",16853,2021-05-29,10378.421652246205,224,162385,137.9437755950365
84042029,USA,42029.0,Chester,Pennsylvania,US,"Chester, Pennsylvania, US",37585,2021-05-29,7159.197621283493,801,524989,152.57462537310303
84042031,USA,42031.0,Clarion,Pennsylvania,US,"Clarion, Pennsylvania, US",3181,2021-05-29,8275.664706800562,92,38438,239.346480045788
84042033,USA,42033.0,Clearfield,Pennsylvania,US,"Clearfield, Pennsylvania, US",8578,2021-05-29,10823.291905873446,147,79255,185.47725695539714
84042035,USA,42035.0,Clinton,Pennsylvania,US,"Clinton, Pennsylvania, US",3679,2021-05-29,9523.193207703458,66,38632,170.84282460136674
84042037,USA,42037.0,Columbia,Pennsylvania,US,"Columbia, Pennsylvania, US",5845,2021-05-29,8997.290807216305,133,64964,204.72877285881412
84042039,USA,42039.0,Crawford,Pennsylvania,US,"Crawford, Pennsylvania, US",7435,2021-05-29,8785.404530361933,151,84629,178.4258351156223
84042041,USA,42041.0,Cumberland,Pennsylvania,US,"Cumberland, Pennsylvania, US",20377,2021-05-29,8042.388601649761,524,253370,206.8121719224849
84042043,USA,42043.0,Dauphin,Pennsylvania,US,"Dauphin, Pennsylvania, US",25904,2021-05-29,9307.97451661702,548,278299,196.91051710570284
84042045,USA,42045.0,Delaware,Pennsylvania,US,"Delaware, Pennsylvania, US",52113,2021-05-29,9195.108222893106,1390,566747,245.2593485276499
84042047,USA,42047.0,Elk,Pennsylvania,US,"Elk, Pennsylvania, US",2859,2021-05-29,9558.676028084252,39,29910,130.3911735205617
84042049,USA,42049.0,Erie,Pennsylvania,US,"Erie, Pennsylvania, US",20997,2021-05-29,7784.508838533634,415,269728,153.85870209989324
84042051,USA,42051.0,Fayette,Pennsylvania,US,"Fayette, Pennsylvania, US",13183,2021-05-29,10197.719572381144,322,129274,249.08334235809212
84042053,USA,42053.0,Forest,Pennsylvania,US,"Forest, Pennsylvania, US",1430,2021-05-29,19732.30302194011,21,7247,289.7750793431765
84042055,USA,42055.0,Franklin,Pennsylvania,US,"Franklin, Pennsylvania, US",15297,2021-05-29,9867.3134357241,370,155027,238.6681029756107
84042057,USA,42057.0,Fulton,Pennsylvania,US,"Fulton, Pennsylvania, US",1355,2021-05-29,9325.533379215416,15,14530,103.23468685478322
84042059,USA,42059.0,Greene,Pennsylvania,US,"Greene, Pennsylvania, US",3292,2021-05-29,9085.640162283002,40,36233,110.39659978472663
84042061,USA,42061.0,Huntingdon,Pennsylvania,US,"Huntingdon, Pennsylvania, US",5106,2021-05-29,11310.473152578415,132,45144,292.39766081871346
84042063,USA,42063.0,Indiana,Pennsylvania,US,"Indiana, Pennsylvania, US",6345,2021-05-29,7547.012715140414,176,84073,209.34188146015964
84042065,USA,42065.0,Jefferson,Pennsylvania,US,"Jefferson, Pennsylvania, US",3322,2021-05-29,7649.971214738053,98,43425,225.67645365572827
84042067,USA,42067.0,Juniata,Pennsylvania,US,"Juniata, Pennsylvania, US",2130,2021-05-29,8601.542624076243,87,24763,351.3306142228324
84042069,USA,42069.0,Lackawanna,Pennsylvania,US,"Lackawanna, Pennsylvania, US",18436,2021-05-29,8792.697234754905,473,209674,225.58829420910556
84042071,USA,42071.0,Lancaster,Pennsylvania,US,"Lancaster, Pennsylvania, US",55090,2021-05-29,10094.846479172622,1153,545724,211.27896152633932
84042073,USA,42073.0,Lawrence,Pennsylvania,US,"Lawrence, Pennsylvania, US",7576,2021-05-29,8859.575264290392,211,85512,246.74899429319862
84042075,USA,42075.0,Lebanon,Pennsylvania,US,"Lebanon, Pennsylvania, US",16096,2021-05-29,11351.759254688171,289,141793,203.81824208529335
84042077,USA,42077.0,Lehigh,Pennsylvania,US,"Lehigh, Pennsylvania, US",39609,2021-05-29,10724.903741491073,853,369318,230.966267552624
84042079,USA,42079.0,Luzerne,Pennsylvania,US,"Luzerne, Pennsylvania, US",31777,2021-05-29,10011.121017462834,812,317417,255.81490594391607
84042081,USA,42081.0,Lycoming,Pennsylvania,US,"Lycoming, Pennsylvania, US",11856,2021-05-29,10464.346552043708,286,113299,252.42941243965086
84042083,USA,42083.0,McKean,Pennsylvania,US,"McKean,Pennsylvania,US",3769,2021-05-29,9277.538461538463,72,40625,177.23076923076923
84042085,USA,42085.0,Mercer,Pennsylvania,US,"Mercer, Pennsylvania, US",9592,2021-05-29,8765.901447580056,257,109424,234.8662085100161
84042087,USA,42087.0,Mifflin,Pennsylvania,US,"Mifflin, Pennsylvania, US",5384,2021-05-29,11669.339806666956,178,46138,385.79912436603234
84042089,USA,42089.0,Monroe,Pennsylvania,US,"Monroe, Pennsylvania, US",14688,2021-05-29,8626.248744648237,317,170271,186.17380528686624
84042091,USA,42091.0,Montgomery,Pennsylvania,US,"Montgomery, Pennsylvania, US",70006,2021-05-29,8425.169842884048,1716,830915,206.51931906392352
84042093,USA,42093.0,Montour,Pennsylvania,US,"Montour, Pennsylvania, US",2008,2021-05-29,11014.810751508503,66,18230,362.0405924300603
84042095,USA,42095.0,Northampton,Pennsylvania,US,"Northampton, Pennsylvania, US",35676,2021-05-29,11686.129354537565,711,305285,232.89712891232782
84042097,USA,42097.0,Northumberland,Pennsylvania,US,"Northumberland, Pennsylvania, US",9607,2021-05-29,10575.388307299407,357,90843,392.98570060433934
84080042,USA,80042.0,Out of PA,Pennsylvania,US,"Out of PA, Pennsylvania, US",0,2021-05-29,,0,0,
84042099,USA,42099.0,Perry,Pennsylvania,US,"Perry, Pennsylvania, US",3814,2021-05-29,8242.565698478562,100,46272,216.11341632088522
84042101,USA,42101.0,Philadelphia,Pennsylvania,US,"Philadelphia, Pennsylvania, US",152956,2021-05-29,9655.922993010383,3669,1584064,231.61942951799927
84042103,USA,42103.0,Pike,Pennsylvania,US,"Pike, Pennsylvania, US",3986,2021-05-29,7142.217205110286,54,55809,96.75858732462505
84042105,USA,42105.0,Potter,Pennsylvania,US,"Potter, Pennsylvania, US",1181,2021-05-29,7146.314897736899,23,16526,139.17463391020212
84042107,USA,42107.0,Schuylkill,Pennsylvania,US,"Schuylkill, Pennsylvania, US",14704,2021-05-29,10401.88456341655,407,141359,287.9194108617067
84042109,USA,42109.0,Snyder,Pennsylvania,US,"Snyder, Pennsylvania, US",3654,2021-05-29,9050.827306053701,84,40372,208.06499554146436
84042111,USA,42111.0,Somerset,Pennsylvania,US,"Somerset, Pennsylvania, US",7980,2021-05-29,10864.977466744727,212,73447,288.6435116478549
84042113,USA,42113.0,Sullivan,Pennsylvania,US,"Sullivan, Pennsylvania, US",434,2021-05-29,7154.632377184305,20,6066,329.7065611605671
84042115,USA,42115.0,Susquehanna,Pennsylvania,US,"Susquehanna, Pennsylvania, US",2633,2021-05-29,6528.962507439,62,40328,153.739337433049
84042117,USA,42117.0,Tioga,Pennsylvania,US,"Tioga, Pennsylvania, US",3041,2021-05-29,7491.8085289842575,108,40591,266.0688329925353
84090042,USA,90042.0,Unassigned,Pennsylvania,US,"Unassigned, Pennsylvania, US",0,2021-05-29,,0,0,
84042119,USA,42119.0,Union,Pennsylvania,US,"Union, Pennsylvania, US",6125,2021-05-29,13634.44115486499,87,44923,193.66471517930682
84042121,USA,42121.0,Venango,Pennsylvania,US,"Venango, Pennsylvania, US",4052,2021-05-29,7997.1579695271175,96,50668,189.46869819215286
84042123,USA,42123.0,Warren,Pennsylvania,US,"Warren, Pennsylvania, US",2621,2021-05-29,6687.759944885305,103,39191,262.81544232094103
84042125,USA,42125.0,Washington,Pennsylvania,US,"Washington, Pennsylvania, US",17760,2021-05-29,8585.309259662097,300,206865,145.02211587267058
84042127,USA,42127.0,Wayne,Pennsylvania,US,"Wayne, Pennsylvania, US",4103,2021-05-29,7988.551624773661,80,51361,155.76020716107553
84042129,USA,42129.0,Westmoreland,Pennsylvania,US,"Westmoreland, Pennsylvania, US",34091,2021-05-29,9771.022559537287,766,348899,219.5477774370233
84042131,USA,42131.0,Wyoming,Pennsylvania,US,"Wyoming, Pennsylvania, US",1968,2021-05-29,7344.927968948271,54,26794,201.53765768455622
84042133,USA,42133.0,York,Pennsylvania,US,"York, Pennsylvania, US",46318,2021-05-29,10314.480534808421,811,449058,180.60027880585582
63072001,PRI,72001.0,Adjuntas,Puerto Rico,US,"Adjuntas, Puerto Rico, US",466,2021-05-29,2391.8287738028025,0,19483,0.0
63072003,PRI,72003.0,Aguada,Puerto Rico,US,"Aguada, Puerto Rico, US",1316,2021-05-29,3136.395052312972,0,41959,0.0
63072005,PRI,72005.0,Aguadilla,Puerto Rico,US,"Aguadilla, Puerto Rico, US",1522,2021-05-29,2497.169764885396,0,60949,0.0
63072007,PRI,72007.0,Aguas Buenas,Puerto Rico,US,"Aguas Buenas, Puerto Rico, US",1192,2021-05-29,4159.251892948114,0,28659,0.0
63072009,PRI,72009.0,Aibonito,Puerto Rico,US,"Aibonito, Puerto Rico, US",671,2021-05-29,2590.733590733591,0,25900,0.0
63072011,PRI,72011.0,Anasco,Puerto Rico,US,"Anasco, Puerto Rico, US",795,2021-05-29,2716.9269676361027,0,29261,0.0
63072013,PRI,72013.0,Arecibo,Puerto Rico,US,"Arecibo, Puerto Rico, US",2959,2021-05-29,3068.228950642887,0,96440,0.0
63072015,PRI,72015.0,Arroyo,Puerto Rico,US,"Arroyo, Puerto Rico, US",295,2021-05-29,1507.0242656449554,0,19575,0.0
63072017,PRI,72017.0,Barceloneta,Puerto Rico,US,"Barceloneta, Puerto Rico, US",764,2021-05-29,3078.6589297227597,0,24816,0.0
63072019,PRI,72019.0,Barranquitas,Puerto Rico,US,"Barranquitas, Puerto Rico, US",1216,2021-05-29,4010.818655584141,0,30318,0.0
63072021,PRI,72021.0,Bayamon,Puerto Rico,US,"Bayamon, Puerto Rico, US",10279,2021-05-29,4939.072440369794,0,208116,0.0
63072023,PRI,72023.0,Cabo Rojo,Puerto Rico,US,"Cabo Rojo, Puerto Rico, US",905,2021-05-29,1777.4024392639,0,50917,0.0
63072025,PRI,72025.0,Caguas,Puerto Rico,US,"Caguas, Puerto Rico, US",6238,2021-05-29,4365.504258431134,0,142893,0.0
63072027,PRI,72027.0,Camuy,Puerto Rico,US,"Camuy, Puerto Rico, US",1187,2021-05-29,3376.091470178333,0,35159,0.0
63072029,PRI,72029.0,Canovanas,Puerto Rico,US,"Canovanas, Puerto Rico, US",1936,2021-05-29,4063.129617192747,0,47648,0.0
63072031,PRI,72031.0,Carolina,Puerto Rico,US,"Carolina, Puerto Rico, US",8573,2021-05-29,4850.024326495514,0,176762,0.0
63072033,PRI,72033.0,Catano,Puerto Rico,US,"Catano, Puerto Rico, US",1227,2021-05-29,4360.341151385927,0,28140,0.0
63072035,PRI,72035.0,Cayey,Puerto Rico,US,"Cayey, Puerto Rico, US",1277,2021-05-29,2653.8373615411792,0,48119,0.0
63072037,PRI,72037.0,Ceiba,Puerto Rico,US,"Ceiba, Puerto Rico, US",387,2021-05-29,2839.116719242902,0,13631,0.0
63072039,PRI,72039.0,Ciales,Puerto Rico,US,"Ciales, Puerto Rico, US",767,2021-05-29,4083.6971568523054,0,18782,0.0
63072041,PRI,72041.0,Cidra,Puerto Rico,US,"Cidra, Puerto Rico, US",1283,2021-05-29,2950.781968721251,0,43480,0.0
63072043,PRI,72043.0,Coamo,Puerto Rico,US,"Coamo, Puerto Rico, US",868,2021-05-29,2142.5750394944707,0,40512,0.0
63072045,PRI,72045.0,Comerio,Puerto Rico,US,"Comerio, Puerto Rico, US",710,2021-05-29,3417.0757532005005,0,20778,0.0
63072047,PRI,72047.0,Corozal,Puerto Rico,US,"Corozal, Puerto Rico, US",1552,2021-05-29,4178.557966722309,0,37142,0.0
63072049,PRI,72049.0,Culebra,Puerto Rico,US,"Culebra, Puerto Rico, US",38,2021-05-29,2090.2090209020903,0,1818,0.0
63072051,PRI,72051.0,Dorado,Puerto Rico,US,"Dorado, Puerto Rico, US",2017,2021-05-29,5284.94694091445,0,38165,0.0
63072053,PRI,72053.0,Fajardo,Puerto Rico,US,"Fajardo, Puerto Rico, US",1214,2021-05-29,3281.7019436109535,0,36993,0.0
63072054,PRI,72054.0,Florida,Puerto Rico,US,"Florida, Puerto Rico, US",525,2021-05-29,4140.378548895899,0,12680,0.0
63072055,PRI,72055.0,Guanica,Puerto Rico,US,"Guanica, Puerto Rico, US",229,2021-05-29,1178.771812426005,0,19427,0.0
63072057,PRI,72057.0,Guayama,Puerto Rico,US,"Guayama, Puerto Rico, US",822,2021-05-29,1812.0894140469995,0,45362,0.0
63072059,PRI,72059.0,Guayanilla,Puerto Rico,US,"Guayanilla, Puerto Rico, US",381,2021-05-29,1765.441823826514,0,21581,0.0
63072061,PRI,72061.0,Guaynabo,Puerto Rico,US,"Guaynabo, Puerto Rico, US",4225,2021-05-29,4314.570483231894,0,97924,0.0
63072063,PRI,72063.0,Gurabo,Puerto Rico,US,"Gurabo, Puerto Rico, US",2156,2021-05-29,4752.143534131234,0,45369,0.0
63072065,PRI,72065.0,Hatillo,Puerto Rico,US,"Hatillo, Puerto Rico, US",1138,2021-05-29,2712.559292541654,0,41953,0.0
63072067,PRI,72067.0,Hormigueros,Puerto Rico,US,"Hormigueros, Puerto Rico, US",396,2021-05-29,2295.6521739130435,0,17250,0.0
63072069,PRI,72069.0,Humacao,Puerto Rico,US,"Humacao, Puerto Rico, US",2051,2021-05-29,3508.0217562343923,0,58466,0.0
63072071,PRI,72071.0,Isabela,Puerto Rico,US,"Isabela, Puerto Rico, US",1390,2021-05-29,3046.1747496219673,0,45631,0.0
63072073,PRI,72073.0,Jayuya,Puerto Rico,US,"Jayuya, Puerto Rico, US",364,2021-05-29,2187.2371109241676,0,16642,0.0
63072075,PRI,72075.0,Juana Diaz,Puerto Rico,US,"Juana Diaz, Puerto Rico, US",1107,2021-05-29,1385.5338748638874,0,79897,0.0
63072077,PRI,72077.0,Juncos,Puerto Rico,US,"Juncos, Puerto Rico, US",2249,2021-05-29,5582.030280466617,0,40290,0.0
63072079,PRI,72079.0,Lajas,Puerto Rico,US,"Lajas, Puerto Rico, US",436,2021-05-29,1693.0066400031064,0,25753,0.0
63072081,PRI,72081.0,Lares,Puerto Rico,US,"Lares, Puerto Rico, US",777,2021-05-29,2526.582772412448,0,30753,0.0
63072083,PRI,72083.0,Las Marias,Puerto Rico,US,"Las Marias, Puerto Rico, US",242,2021-05-29,2449.1448233984415,0,9881,0.0
63072085,PRI,72085.0,Las Piedras,Puerto Rico,US,"Las Piedras, Puerto Rico, US",1621,2021-05-29,4191.338073691015,0,38675,0.0
63072087,PRI,72087.0,Loiza,Puerto Rico,US,"Loiza, Puerto Rico, US",1271,2021-05-29,4228.210246174318,0,30060,0.0
63072089,PRI,72089.0,Luquillo,Puerto Rico,US,"Luquillo, Puerto Rico, US",741,2021-05-29,3692.4456846721146,0,20068,0.0
63072091,PRI,72091.0,Manati,Puerto Rico,US,"Manati, Puerto Rico, US",1417,2021-05-29,3212.2050189286606,0,44113,0.0
63072093,PRI,72093.0,Maricao,Puerto Rico,US,"Maricao, Puerto Rico, US",103,2021-05-29,1641.1727214786488,0,6276,0.0
63072095,PRI,72095.0,Maunabo,Puerto Rico,US,"Maunabo, Puerto Rico, US",343,2021-05-29,2805.7259713701433,0,12225,0.0
63072097,PRI,72097.0,Mayaguez,Puerto Rico,US,"Mayaguez, Puerto Rico, US",1909,2021-05-29,2143.017512348451,0,89080,0.0
63072099,PRI,72099.0,Moca,Puerto Rico,US,"Moca, Puerto Rico, US",1389,2021-05-29,3463.0631529083253,0,40109,0.0
63072101,PRI,72101.0,Morovis,Puerto Rico,US,"Morovis, Puerto Rico, US",1456,2021-05-29,4464.8880711438205,0,32610,0.0
63072103,PRI,72103.0,Naguabo,Puerto Rico,US,"Naguabo, Puerto Rico, US",1056,2021-05-29,3952.095808383234,0,26720,0.0
63072105,PRI,72105.0,Naranjito,Puerto Rico,US,"Naranjito, Puerto Rico, US",1557,2021-05-29,5121.373593842511,0,30402,0.0
63072107,PRI,72107.0,Orocovis,Puerto Rico,US,"Orocovis, Puerto Rico, US",876,2021-05-29,3739.913759979507,0,23423,0.0
63072888,PRI,72888.0,Out of PR,Puerto Rico,US,"Out of PR, Puerto Rico, US",287,2021-05-29,,0,0,
63072109,PRI,72109.0,Patillas,Puerto Rico,US,"Patillas, Puerto Rico, US",359,2021-05-29,1862.3229755667373,0,19277,0.0
63072111,PRI,72111.0,Penuelas,Puerto Rico,US,"Penuelas, Puerto Rico, US",560,2021-05-29,2306.2350712461903,0,24282,0.0
63072113,PRI,72113.0,Ponce,Puerto Rico,US,"Ponce, Puerto Rico, US",3358,2021-05-29,2018.9145478485152,0,166327,0.0
63072115,PRI,72115.0,Quebradillas,Puerto Rico,US,"Quebradillas, Puerto Rico, US",901,2021-05-29,3476.214360121918,0,25919,0.0
63072117,PRI,72117.0,Rincon,Puerto Rico,US,"Rincon, Puerto Rico, US",536,2021-05-29,3526.315789473684,0,15200,0.0
63072119,PRI,72119.0,Rio Grande,Puerto Rico,US,"Rio Grande, Puerto Rico, US",2120,2021-05-29,3903.948143783147,0,54304,0.0
63072121,PRI,72121.0,Sabana Grande,Puerto Rico,US,"Sabana Grande, Puerto Rico, US",379,2021-05-29,1500.0989511181476,0,25265,0.0
63072123,PRI,72123.0,Salinas,Puerto Rico,US,"Salinas, Puerto Rico, US",740,2021-05-29,2381.105605251303,0,31078,0.0
63072125,PRI,72125.0,San German,Puerto Rico,US,"San German, Puerto Rico, US",607,2021-05-29,1708.5596869986207,0,35527,0.0
63072127,PRI,72127.0,San Juan,Puerto Rico,US,"San Juan, Puerto Rico, US",18237,2021-05-29,4613.154712819293,0,395326,0.0
63072129,PRI,72129.0,San Lorenzo,Puerto Rico,US,"San Lorenzo, Puerto Rico, US",1735,2021-05-29,4225.729455891666,0,41058,0.0
63072131,PRI,72131.0,San Sebastian,Puerto Rico,US,"San Sebastian, Puerto Rico, US",1309,2021-05-29,3085.08131039359,0,42430,0.0
63072133,PRI,72133.0,Santa Isabel,Puerto Rico,US,"Santa Isabel, Puerto Rico, US",465,2021-05-29,1997.9376127868009,0,23274,0.0
63072135,PRI,72135.0,Toa Alta,Puerto Rico,US,"Toa Alta, Puerto Rico, US",3902,2021-05-29,5268.274241892366,0,74066,0.0
63072137,PRI,72137.0,Toa Baja,Puerto Rico,US,"Toa Baja, Puerto Rico, US",3849,2021-05-29,4295.327478266691,0,89609,0.0
63072139,PRI,72139.0,Trujillo Alto,Puerto Rico,US,"Trujillo Alto, Puerto Rico, US",2964,2021-05-29,3960.343122845461,0,74842,0.0
63072999,PRI,72999.0,Unassigned,Puerto Rico,US,"Unassigned, Puerto Rico, US",4020,2021-05-29,,2501,0,
63072141,PRI,72141.0,Utuado,Puerto Rico,US,"Utuado, Puerto Rico, US",893,2021-05-29,2693.8972518024675,0,33149,0.0
63072143,PRI,72143.0,Vega Alta,Puerto Rico,US,"Vega Alta, Puerto Rico, US",1751,2021-05-29,4382.869014542815,0,39951,0.0
63072145,PRI,72145.0,Vega Baja,Puerto Rico,US,"Vega Baja, Puerto Rico, US",2923,2021-05-29,4899.26586436928,0,59662,0.0
63072147,PRI,72147.0,Vieques,Puerto Rico,US,"Vieques, Puerto Rico, US",121,2021-05-29,1300.9353832921192,0,9301,0.0
63072149,PRI,72149.0,Villalba,Puerto Rico,US,"Villalba, Puerto Rico, US",746,2021-05-29,2861.197407279561,0,26073,0.0
63072151,PRI,72151.0,Yabucoa,Puerto Rico,US,"Yabucoa, Puerto Rico, US",1107,2021-05-29,2917.6879892464617,0,37941,0.0
63072153,PRI,72153.0,Yauco,Puerto Rico,US,"Yauco, Puerto Rico, US",829,2021-05-29,1971.7907856242416,0,42043,0.0
84044001,USA,44001.0,Bristol,Rhode Island,US,"Bristol, Rhode Island, US",5153,2021-05-29,10629.34466470018,144,48479,297.03582994698735
84044003,USA,44003.0,Kent,Rhode Island,US,"Kent, Rhode Island, US",18715,2021-05-29,11391.303289265454,364,164292,221.55674043775716
84044005,USA,44005.0,Newport,Rhode Island,US,"Newport, Rhode Island, US",6891,2021-05-29,8395.263273312054,41,82082,49.95004995004995
84080044,USA,80044.0,Out of RI,Rhode Island,US,"Out of RI, Rhode Island, US",0,2021-05-29,,0,0,
84044007,USA,44007.0,Providence,Rhode Island,US,"Providence, Rhode Island, US",98724,2021-05-29,15451.433722890264,1978,638931,309.57959466671673
84090044,USA,90044.0,Unassigned,Rhode Island,US,"Unassigned, Rhode Island, US",12228,2021-05-29,,11,0,
84044009,USA,44009.0,Washington,Rhode Island,US,"Washington, Rhode Island, US",10032,2021-05-29,7988.724049786188,170,125577,135.37510849916785
84045001,USA,45001.0,Abbeville,South Carolina,US,"Abbeville, South Carolina, US",2596,2021-05-29,10584.254087332327,41,24527,167.16271863660455
84045003,USA,45003.0,Aiken,South Carolina,US,"Aiken, South Carolina, US",17514,2021-05-29,10249.77761131139,229,170872,134.0184465564867
84045005,USA,45005.0,Allendale,South Carolina,US,"Allendale, South Carolina, US",947,2021-05-29,10900.092081031307,15,8688,172.65193370165744
84045007,USA,45007.0,Anderson,South Carolina,US,"Anderson, South Carolina, US",23170,2021-05-29,11438.699039287512,527,202558,260.1723950670919
84045009,USA,45009.0,Bamberg,South Carolina,US,"Bamberg, South Carolina, US",1589,2021-05-29,11296.743921512869,51,14066,362.5764254230058
84045011,USA,45011.0,Barnwell,South Carolina,US,"Barnwell, South Carolina, US",2599,2021-05-29,12455.669510207994,57,20866,273.1716668264162
84045013,USA,45013.0,Beaufort,South Carolina,US,"Beaufort, South Carolina, US",17051,2021-05-29,8875.089786698036,209,192122,108.78504283736376
84045015,USA,45015.0,Berkeley,South Carolina,US,"Berkeley, South Carolina, US",17880,2021-05-29,7845.30532190762,200,227907,87.75509308621498
84045017,USA,45017.0,Calhoun,South Carolina,US,"Calhoun, South Carolina, US",1332,2021-05-29,9152.752009894866,37,14553,254.24311138596852
84045019,USA,45019.0,Charleston,South Carolina,US,"Charleston, South Carolina, US",43780,2021-05-29,10641.55602980997,509,411406,123.72206530774953
84045021,USA,45021.0,Cherokee,South Carolina,US,"Cherokee, South Carolina, US",6139,2021-05-29,10713.787085514834,156,57300,272.25130890052355
84045023,USA,45023.0,Chester,South Carolina,US,"Chester, South Carolina, US",4258,2021-05-29,13205.557623123681,76,32244,235.70276640615307
84045025,USA,45025.0,Chesterfield,South Carolina,US,"Chesterfield, South Carolina, US",4885,2021-05-29,10700.985761226724,105,45650,230.01095290251916
84045027,USA,45027.0,Clarendon,South Carolina,US,"Clarendon, South Carolina, US",3456,2021-05-29,10241.517261816565,114,33745,337.82782634464365
84045029,USA,45029.0,Colleton,South Carolina,US,"Colleton, South Carolina, US",3673,2021-05-29,9748.653024391539,128,37677,339.7298086365687
84045031,USA,45031.0,Darlington,South Carolina,US,"Darlington, South Carolina, US",8541,2021-05-29,12820.859227235882,178,66618,267.1950523882434
84045033,USA,45033.0,Dillon,South Carolina,US,"Dillon, South Carolina, US",4395,2021-05-29,14419.764427966797,85,30479,278.8805407001542
84045035,USA,45035.0,Dorchester,South Carolina,US,"Dorchester, South Carolina, US",18200,2021-05-29,11178.743189872795,222,162809,136.35609825009672
84045037,USA,45037.0,Edgefield,South Carolina,US,"Edgefield, South Carolina, US",3155,2021-05-29,11573.734409391049,44,27260,161.40865737344095
84045039,USA,45039.0,Fairfield,South Carolina,US,"Fairfield, South Carolina, US",2411,2021-05-29,10788.920213003983,83,22347,371.414507540162
84045041,USA,45041.0,Florence,South Carolina,US,"Florence, South Carolina, US",17868,2021-05-29,12920.393656945762,419,138293,302.97990498434484
84045043,USA,45043.0,Georgetown,South Carolina,US,"Georgetown, South Carolina, US",6768,2021-05-29,10797.702616464581,140,62680,223.35673261008296
84045045,USA,45045.0,Greenville,South Carolina,US,"Greenville, South Carolina, US",75138,2021-05-29,14351.857157591941,1020,523542,194.82677607527188
84045047,USA,45047.0,Greenwood,South Carolina,US,"Greenwood, South Carolina, US",8276,2021-05-29,11687.449690019912,172,70811,242.90011438900734
84045049,USA,45049.0,Hampton,South Carolina,US,"Hampton, South Carolina, US",1931,2021-05-29,10045.780876079492,51,19222,265.3209863697846
84045051,USA,45051.0,Horry,South Carolina,US,"Horry, South Carolina, US",39296,2021-05-29,11098.025593014028,580,354081,163.80432725845216
84045053,USA,45053.0,Jasper,South Carolina,US,"Jasper, South Carolina, US",2408,2021-05-29,8007.182522528514,47,30073,156.2863698334054
84045055,USA,45055.0,Kershaw,South Carolina,US,"Kershaw, South Carolina, US",7545,2021-05-29,11337.169989932532,141,66551,211.86759026911693
84045057,USA,45057.0,Lancaster,South Carolina,US,"Lancaster, South Carolina, US",10881,2021-05-29,11101.701832428684,168,98012,171.40758274497
84045059,USA,45059.0,Laurens,South Carolina,US,"Laurens, South Carolina, US",7494,2021-05-29,11103.373683196776,170,67493,251.87797253048467
84045061,USA,45061.0,Lee,South Carolina,US,"Lee, South Carolina, US",1926,2021-05-29,11445.210363679582,64,16828,380.3185167577846
84045063,USA,45063.0,Lexington,South Carolina,US,"Lexington, South Carolina, US",33670,2021-05-29,11270.292887029289,488,298750,163.34728033472803
84045067,USA,45067.0,Marion,South Carolina,US,"Marion, South Carolina, US",3535,2021-05-29,11530.80862445771,107,30657,349.0230616172489
84045069,USA,45069.0,Marlboro,South Carolina,US,"Marlboro, South Carolina, US",3449,2021-05-29,13205.452178574165,56,26118,214.4115169614825
84045065,USA,45065.0,McCormick,South Carolina,US,"McCormick, South Carolina, US",1030,2021-05-29,10884.49751664377,28,9463,295.88925287963644
84045071,USA,45071.0,Newberry,South Carolina,US,"Newberry, South Carolina, US",5098,2021-05-29,13262.226847034339,106,38440,275.7544224765869
84045073,USA,45073.0,Oconee,South Carolina,US,"Oconee, South Carolina, US",9819,2021-05-29,12343.80107107837,135,79546,169.71312196716366
84045075,USA,45075.0,Orangeburg,South Carolina,US,"Orangeburg, South Carolina, US",9876,2021-05-29,11460.400348128807,253,86175,293.58862779228315
84080045,USA,80045.0,Out of SC,South Carolina,US,"Out of SC, South Carolina, US",0,2021-05-29,,0,0,
84045077,USA,45077.0,Pickens,South Carolina,US,"Pickens, South Carolina, US",18997,2021-05-29,14971.942876958483,300,126884,236.4364301251537
84045079,USA,45079.0,Richland,South Carolina,US,"Richland, South Carolina, US",47130,2021-05-29,11335.894111733,571,415759,137.3391796689909
84045081,USA,45081.0,Saluda,South Carolina,US,"Saluda, South Carolina, US",1830,2021-05-29,8938.602061251404,51,20473,249.1085820348752
84045083,USA,45083.0,Spartanburg,South Carolina,US,"Spartanburg, South Carolina, US",41762,2021-05-29,13059.399283893867,819,319785,256.1095736197758
84045085,USA,45085.0,Sumter,South Carolina,US,"Sumter, South Carolina, US",10502,2021-05-29,9840.612438039374,208,106721,194.90072244450482
84090045,USA,90045.0,Unassigned,South Carolina,US,"Unassigned, South Carolina, US",0,2021-05-29,,0,0,
84045087,USA,45087.0,Union,South Carolina,US,"Union, South Carolina, US",3168,2021-05-29,11597.598477083027,83,27316,303.8512227266071
84045089,USA,45089.0,Williamsburg,South Carolina,US,"Williamsburg, South Carolina, US",4100,2021-05-29,13501.053740779767,100,30368,329.2939936775553
84045091,USA,45091.0,York,South Carolina,US,"York, South Carolina, US",31844,2021-05-29,11333.231309101393,385,280979,137.02091615387627
84046003,USA,46003.0,Aurora,South Dakota,US,"Aurora, South Dakota, US",475,2021-05-29,17266.448564158487,15,2751,545.2562704471102
84046005,USA,46005.0,Beadle,South Dakota,US,"Beadle, South Dakota, US",2964,2021-05-29,16062.428873353927,40,18453,216.76692136779928
84046007,USA,46007.0,Bennett,South Dakota,US,"Bennett, South Dakota, US",391,2021-05-29,11619.61367013373,9,3365,267.4591381872214
84046009,USA,46009.0,Bon Homme,South Dakota,US,"Bon Homme, South Dakota, US",1553,2021-05-29,22503.98492972033,27,6901,391.24764526880165
84046011,USA,46011.0,Brookings,South Dakota,US,"Brookings, South Dakota, US",4230,2021-05-29,12059.184080736664,37,35077,105.48222481968241
84046013,USA,46013.0,Brown,South Dakota,US,"Brown, South Dakota, US",5626,2021-05-29,14485.439892891167,93,38839,239.45003733360798
84046015,USA,46015.0,Brule,South Dakota,US,"Brule, South Dakota, US",717,2021-05-29,13535.963753067774,10,5297,188.78610534264678
84046017,USA,46017.0,Buffalo,South Dakota,US,"Buffalo, South Dakota, US",426,2021-05-29,21712.538226299694,13,1962,662.5891946992864
84046019,USA,46019.0,Butte,South Dakota,US,"Butte, South Dakota, US",1079,2021-05-29,10346.150158212677,20,10429,191.77294083804776
84046021,USA,46021.0,Campbell,South Dakota,US,"Campbell, South Dakota, US",131,2021-05-29,9520.348837209303,4,1376,290.69767441860466
84046023,USA,46023.0,Charles Mix,South Dakota,US,"Charles Mix, South Dakota, US",1382,2021-05-29,14873.009040034438,22,9292,236.76280671545416
84046025,USA,46025.0,Clark,South Dakota,US,"Clark, South Dakota, US",463,2021-05-29,12392.933618843683,5,3736,133.83297644539613
84046027,USA,46027.0,Clay,South Dakota,US,"Clay, South Dakota, US",1929,2021-05-29,13710.021321961622,15,14070,106.60980810234541
84046029,USA,46029.0,Codington,South Dakota,US,"Codington, South Dakota, US",4648,2021-05-29,16594.666000214216,82,28009,292.76304045128353
84046031,USA,46031.0,Corson,South Dakota,US,"Corson, South Dakota, US",480,2021-05-29,11747.430249632893,12,4086,293.6857562408223
84046033,USA,46033.0,Custer,South Dakota,US,"Custer, South Dakota, US",873,2021-05-29,9730.271957200179,12,8972,133.7494427106554
84046035,USA,46035.0,Davison,South Dakota,US,"Davison, South Dakota, US",3242,2021-05-29,16394.437420986094,66,19775,333.75474083438684
84046037,USA,46037.0,Day,South Dakota,US,"Day, South Dakota, US",709,2021-05-29,13071.533923303836,29,5424,534.6607669616519
84046039,USA,46039.0,Deuel,South Dakota,US,"Deuel, South Dakota, US",531,2021-05-29,12204.0910135601,9,4351,206.84900022983223
84046041,USA,46041.0,Dewey,South Dakota,US,"Dewey, South Dakota, US",1474,2021-05-29,25016.972165648338,28,5892,475.22063815342835
84046043,USA,46043.0,Douglas,South Dakota,US,"Douglas, South Dakota, US",455,2021-05-29,15576.857240671003,9,2921,308.1136597055803
84046045,USA,46045.0,Edmunds,South Dakota,US,"Edmunds, South Dakota, US",513,2021-05-29,13397.753982763124,14,3829,365.6307129798903
84046047,USA,46047.0,Fall River,South Dakota,US,"Fall River, South Dakota, US",601,2021-05-29,8952.7781915686,16,6713,238.34351258751676
84046049,USA,46049.0,Faulk,South Dakota,US,"Faulk, South Dakota, US",372,2021-05-29,16180.948238364506,13,2299,565.4632448890821
84046051,USA,46051.0,Grant,South Dakota,US,"Grant, South Dakota, US",1057,2021-05-29,14988.655700510495,42,7052,595.5757231990924
84046053,USA,46053.0,Gregory,South Dakota,US,"Gregory, South Dakota, US",585,2021-05-29,13978.494623655914,30,4185,716.8458781362007
84046055,USA,46055.0,Haakon,South Dakota,US,"Haakon, South Dakota, US",265,2021-05-29,13954.71300684571,10,1899,526.592943654555
84046057,USA,46057.0,Hamlin,South Dakota,US,"Hamlin, South Dakota, US",799,2021-05-29,12962.362102530826,39,6164,632.7060350421805
84046059,USA,46059.0,Hand,South Dakota,US,"Hand, South Dakota, US",364,2021-05-29,11407.082419304294,6,3191,188.0288310874334
84046061,USA,46061.0,Hanson,South Dakota,US,"Hanson, South Dakota, US",388,2021-05-29,11236.60584998552,4,3453,115.84129742253113
84046063,USA,46063.0,Harding,South Dakota,US,"Harding, South Dakota, US",97,2021-05-29,7473.035439137134,1,1298,77.04160246533128
84046065,USA,46065.0,Hughes,South Dakota,US,"Hughes, South Dakota, US",2520,2021-05-29,14378.63745292708,41,17526,233.93814903571834
84046067,USA,46067.0,Hutchinson,South Dakota,US,"Hutchinson, South Dakota, US",920,2021-05-29,12618.296529968453,28,7291,384.03511178164865
84046069,USA,46069.0,Hyde,South Dakota,US,"Hyde, South Dakota, US",141,2021-05-29,10837.81706379708,1,1301,76.86395080707149
84046071,USA,46071.0,Jackson,South Dakota,US,"Jackson, South Dakota, US",291,2021-05-29,8702.153110047848,14,3344,418.66028708133973
84046073,USA,46073.0,Jerauld,South Dakota,US,"Jerauld, South Dakota, US",280,2021-05-29,13909.587680079483,16,2013,794.8335817188276
84046075,USA,46075.0,Jones,South Dakota,US,"Jones, South Dakota, US",93,2021-05-29,10299.003322259136,0,903,0.0
84046077,USA,46077.0,Kingsbury,South Dakota,US,"Kingsbury, South Dakota, US",818,2021-05-29,16562.057096578257,18,4939,364.4462441789836
84046079,USA,46079.0,Lake,South Dakota,US,"Lake, South Dakota, US",1387,2021-05-29,10838.477768226929,20,12797,156.286629678831
84046081,USA,46081.0,Lawrence,South Dakota,US,"Lawrence, South Dakota, US",3004,2021-05-29,11623.587679925708,47,25844,181.86039312799875
84046083,USA,46083.0,Lincoln,South Dakota,US,"Lincoln, South Dakota, US",8709,2021-05-29,14247.153513937965,77,61128,125.96518780264364
84046085,USA,46085.0,Lyman,South Dakota,US,"Lyman, South Dakota, US",658,2021-05-29,17402.803491139908,11,3781,290.92832583972495
84046091,USA,46091.0,Marshall,South Dakota,US,"Marshall, South Dakota, US",375,2021-05-29,7598.784194528875,6,4935,121.58054711246201
84046087,USA,46087.0,McCook,South Dakota,US,"McCook, South Dakota, US",809,2021-05-29,14482.63515932689,25,5586,447.547440028643
84046089,USA,46089.0,McPherson,South Dakota,US,"McPherson, South Dakota, US",246,2021-05-29,10340.47919293821,4,2379,168.13787305590586
84046093,USA,46093.0,Meade,South Dakota,US,"Meade, South Dakota, US",2784,2021-05-29,9826.344769165607,31,28332,109.41691373711706
84046095,USA,46095.0,Mellette,South Dakota,US,"Mellette, South Dakota, US",261,2021-05-29,12663.755458515283,2,2061,97.0402717127608
84046097,USA,46097.0,Miner,South Dakota,US,"Miner, South Dakota, US",306,2021-05-29,13808.664259927797,10,2216,451.2635379061372
84046099,USA,46099.0,Minnehaha,South Dakota,US,"Minnehaha, South Dakota, US",31696,2021-05-29,16411.403481520603,360,193134,186.3990804312032
84046101,USA,46101.0,Moody,South Dakota,US,"Moody, South Dakota, US",666,2021-05-29,10127.737226277372,20,6576,304.1362530413625
84046102,USA,46102.0,Oglala Lakota,South Dakota,US,"Oglala Lakota, South Dakota, US",2117,2021-05-29,14932.637370388657,49,14177,345.6302461733794
84080046,USA,80046.0,Out of SD,South Dakota,US,"Out of SD, South Dakota, US",0,2021-05-29,,0,0,
84046103,USA,46103.0,Pennington,South Dakota,US,"Pennington, South Dakota, US",13831,2021-05-29,12156.449132058888,200,113775,175.78554163920018
84046105,USA,46105.0,Perkins,South Dakota,US,"Perkins, South Dakota, US",359,2021-05-29,12530.541012216407,14,2865,488.6561954624782
84046107,USA,46107.0,Potter,South Dakota,US,"Potter, South Dakota, US",392,2021-05-29,18207.152810032512,4,2153,185.78727357176032
84046109,USA,46109.0,Roberts,South Dakota,US,"Roberts, South Dakota, US",1376,2021-05-29,13238.406773138351,39,10394,375.2164710409852
84046111,USA,46111.0,Sanborn,South Dakota,US,"Sanborn, South Dakota, US",345,2021-05-29,14718.430034129693,3,2344,127.98634812286689
84046115,USA,46115.0,Spink,South Dakota,US,"Spink, South Dakota, US",843,2021-05-29,13221.455457967377,26,6376,407.77917189460476
84046117,USA,46117.0,Stanley,South Dakota,US,"Stanley, South Dakota, US",353,2021-05-29,11394.448030987734,2,3098,64.55777921239509
84046119,USA,46119.0,Sully,South Dakota,US,"Sully, South Dakota, US",143,2021-05-29,10280.373831775702,3,1391,215.6721782890007
84046121,USA,46121.0,Todd,South Dakota,US,"Todd, South Dakota, US",1234,2021-05-29,12125.38076053847,32,10177,314.4345091873833
84046123,USA,46123.0,Tripp,South Dakota,US,"Tripp, South Dakota, US",755,2021-05-29,13876.125712185261,17,5441,312.44256570483367
84046125,USA,46125.0,Turner,South Dakota,US,"Turner, South Dakota, US",1180,2021-05-29,14074.427480916029,57,8384,679.8664122137404
84090046,USA,90046.0,Unassigned,South Dakota,US,"Unassigned, South Dakota, US",0,2021-05-29,,0,0,
84046127,USA,46127.0,Union,South Dakota,US,"Union, South Dakota, US",2228,2021-05-29,13984.433843836305,43,15932,269.8970625156917
84046129,USA,46129.0,Walworth,South Dakota,US,"Walworth, South Dakota, US",772,2021-05-29,14204.23183072677,15,5435,275.9889604415824
84046135,USA,46135.0,Yankton,South Dakota,US,"Yankton, South Dakota, US",3107,2021-05-29,13618.830542649252,34,22814,149.03129657228018
84046137,USA,46137.0,Ziebach,South Dakota,US,"Ziebach, South Dakota, US",344,2021-05-29,12481.857764876633,9,2756,326.5602322206096
84047001,USA,47001.0,Anderson,Tennessee,US,"Anderson, Tennessee, US",8822,2021-05-29,11460.41726207488,172,76978,223.44046350905455
84047003,USA,47003.0,Bedford,Tennessee,US,"Bedford, Tennessee, US",6546,2021-05-29,13167.581920222074,130,49713,261.50101583086916
84047005,USA,47005.0,Benton,Tennessee,US,"Benton, Tennessee, US",1679,2021-05-29,10389.851485148514,41,16160,253.71287128712873
84047007,USA,47007.0,Bledsoe,Tennessee,US,"Bledsoe, Tennessee, US",2185,2021-05-29,14504.77960701009,11,15064,73.0217737652682
84047009,USA,47009.0,Blount,Tennessee,US,"Blount, Tennessee, US",15617,2021-05-29,11734.341187785525,196,133088,147.27097860062514
84047011,USA,47011.0,Bradley,Tennessee,US,"Bradley, Tennessee, US",15192,2021-05-29,14052.354083803533,153,108110,141.5225233558413
84047013,USA,47013.0,Campbell,Tennessee,US,"Campbell, Tennessee, US",4198,2021-05-29,10536.619647608051,63,39842,158.12459213894886
84047015,USA,47015.0,Cannon,Tennessee,US,"Cannon, Tennessee, US",1936,2021-05-29,13189.807875732387,32,14678,218.0133533178907
84047017,USA,47017.0,Carroll,Tennessee,US,"Carroll, Tennessee, US",3655,2021-05-29,13163.107285626824,83,27767,298.91597940000725
84047019,USA,47019.0,Carter,Tennessee,US,"Carter, Tennessee, US",6695,2021-05-29,11872.4619176819,158,56391,280.18655459204484
84047021,USA,47021.0,Cheatham,Tennessee,US,"Cheatham, Tennessee, US",4606,2021-05-29,11326.136671010892,56,40667,137.70378931320235
84047023,USA,47023.0,Chester,Tennessee,US,"Chester, Tennessee, US",2172,2021-05-29,12557.090824998553,51,17297,294.84881771405446
84047025,USA,47025.0,Claiborne,Tennessee,US,"Claiborne, Tennessee, US",3197,2021-05-29,10003.44190994712,74,31959,231.5466691698739
84047027,USA,47027.0,Clay,Tennessee,US,"Clay, Tennessee, US",1102,2021-05-29,14471.437951411686,30,7615,393.9592908732764
84047029,USA,47029.0,Cocke,Tennessee,US,"Cocke, Tennessee, US",4538,2021-05-29,12604.155093878459,100,36004,277.7469170092212
84047031,USA,47031.0,Coffee,Tennessee,US,"Coffee, Tennessee, US",6951,2021-05-29,12298.301486199576,125,56520,221.16065109695683
84047033,USA,47033.0,Crockett,Tennessee,US,"Crockett, Tennessee, US",2043,2021-05-29,14356.992269852426,49,14230,344.3429374560787
84047035,USA,47035.0,Cumberland,Tennessee,US,"Cumberland, Tennessee, US",6817,2021-05-29,11264.044943820225,138,60520,228.02379378717782
84047037,USA,47037.0,Davidson,Tennessee,US,"Davidson, Tennessee, US",90093,2021-05-29,12979.007237691314,949,694144,136.71514844182187
84047041,USA,47041.0,DeKalb,Tennessee,US,"DeKalb,Tennessee,US",2820,2021-05-29,13762.81112737921,54,20490,263.54319180087845
84047039,USA,47039.0,Decatur,Tennessee,US,"Decatur, Tennessee, US",1603,2021-05-29,13744.319643316472,39,11663,334.39080853982676
84047043,USA,47043.0,Dickson,Tennessee,US,"Dickson, Tennessee, US",6903,2021-05-29,12795.655075257657,114,53948,211.31459924371617
84047045,USA,47045.0,Dyer,Tennessee,US,"Dyer, Tennessee, US",5457,2021-05-29,14685.540515083829,106,37159,285.2606367232703
84047047,USA,47047.0,Fayette,Tennessee,US,"Fayette, Tennessee, US",5157,2021-05-29,12537.378746991468,83,41133,201.7844553035276
84047049,USA,47049.0,Fentress,Tennessee,US,"Fentress, Tennessee, US",2441,2021-05-29,13178.21087296874,48,18523,259.1372887761162
84047051,USA,47051.0,Franklin,Tennessee,US,"Franklin, Tennessee, US",5174,2021-05-29,12258.339651250948,90,42208,213.22971948445792
84047053,USA,47053.0,Gibson,Tennessee,US,"Gibson, Tennessee, US",6612,2021-05-29,13457.350456923044,147,49133,299.18791850690985
84047055,USA,47055.0,Giles,Tennessee,US,"Giles, Tennessee, US",4028,2021-05-29,13670.920445289166,101,29464,342.79120282378494
84047057,USA,47057.0,Grainger,Tennessee,US,"Grainger, Tennessee, US",2653,2021-05-29,11376.500857632933,49,23320,210.12006861063463
84047059,USA,47059.0,Greene,Tennessee,US,"Greene, Tennessee, US",7966,2021-05-29,11533.394142089794,158,69069,228.75675049588094
84047061,USA,47061.0,Grundy,Tennessee,US,"Grundy, Tennessee, US",1792,2021-05-29,13346.242645415954,35,13427,260.6688016682803
84047063,USA,47063.0,Hamblen,Tennessee,US,"Hamblen, Tennessee, US",8636,2021-05-29,13299.658114393076,174,64934,267.9643946160717
84047065,USA,47065.0,Hamilton,Tennessee,US,"Hamilton, Tennessee, US",44976,2021-05-29,12228.252003784624,499,367804,135.67008515404945
84047067,USA,47067.0,Hancock,Tennessee,US,"Hancock, Tennessee, US",602,2021-05-29,9093.655589123868,12,6620,181.2688821752266
84047069,USA,47069.0,Hardeman,Tennessee,US,"Hardeman, Tennessee, US",3548,2021-05-29,14163.672654690617,65,25050,259.4810379241517
84047071,USA,47071.0,Hardin,Tennessee,US,"Hardin, Tennessee, US",3592,2021-05-29,14002.806798690159,68,25652,265.0865429596133
84047073,USA,47073.0,Hawkins,Tennessee,US,"Hawkins, Tennessee, US",6277,2021-05-29,11053.780861479941,110,56786,193.7097171838129
84047075,USA,47075.0,Haywood,Tennessee,US,"Haywood, Tennessee, US",2715,2021-05-29,15690.013869625522,62,17304,358.29865926953306
84047077,USA,47077.0,Henderson,Tennessee,US,"Henderson, Tennessee, US",3827,2021-05-29,13610.98267951773,77,28117,273.85567450296975
84047079,USA,47079.0,Henry,Tennessee,US,"Henry, Tennessee, US",3239,2021-05-29,10013.912505796878,76,32345,234.96676456948524
84047081,USA,47081.0,Hickman,Tennessee,US,"Hickman, Tennessee, US",2864,2021-05-29,11375.00992930336,46,25178,182.69918182540314
84047083,USA,47083.0,Houston,Tennessee,US,"Houston, Tennessee, US",1106,2021-05-29,13486.160224362884,33,8201,402.38995244482385
84047085,USA,47085.0,Humphreys,Tennessee,US,"Humphreys, Tennessee, US",1858,2021-05-29,9998.923689592079,28,18582,150.68345710903026
84047087,USA,47087.0,Jackson,Tennessee,US,"Jackson, Tennessee, US",1328,2021-05-29,11267.605633802817,36,11786,305.44714067537757
84047089,USA,47089.0,Jefferson,Tennessee,US,"Jefferson, Tennessee, US",6281,2021-05-29,11525.828057619965,125,54495,229.3788420956051
84047091,USA,47091.0,Johnson,Tennessee,US,"Johnson, Tennessee, US",2438,2021-05-29,13705.869125252979,39,17788,219.2489318641781
84047093,USA,47093.0,Knox,Tennessee,US,"Knox, Tennessee, US",51677,2021-05-29,10987.78898308148,639,470313,135.86696519126625
84047095,USA,47095.0,Lake,Tennessee,US,"Lake, Tennessee, US",1711,2021-05-29,24387.115165336374,26,7016,370.58152793614596
84047097,USA,47097.0,Lauderdale,Tennessee,US,"Lauderdale, Tennessee, US",3232,2021-05-29,12608.746537666291,47,25633,183.3573908633402
84047099,USA,47099.0,Lawrence,Tennessee,US,"Lawrence, Tennessee, US",6027,2021-05-29,13653.663177925784,92,44142,208.4182864392189
84047101,USA,47101.0,Lewis,Tennessee,US,"Lewis, Tennessee, US",1590,2021-05-29,12960.547766547115,26,12268,211.93348549070754
84047103,USA,47103.0,Lincoln,Tennessee,US,"Lincoln, Tennessee, US",4374,2021-05-29,12727.695978583484,66,34366,192.05028225571786
84047105,USA,47105.0,Loudon,Tennessee,US,"Loudon, Tennessee, US",6222,2021-05-29,11507.731005400607,70,54068,129.4665976178146
84047111,USA,47111.0,Macon,Tennessee,US,"Macon, Tennessee, US",3642,2021-05-29,14803.674498008293,78,24602,317.0473945207707
84047113,USA,47113.0,Madison,Tennessee,US,"Madison, Tennessee, US",11369,2021-05-29,11602.91476159373,241,97984,245.958523840627
84047115,USA,47115.0,Marion,Tennessee,US,"Marion, Tennessee, US",3150,2021-05-29,10897.014563946448,47,28907,162.5903760334867
84047117,USA,47117.0,Marshall,Tennessee,US,"Marshall, Tennessee, US",4219,2021-05-29,12273.454545454546,58,34375,168.72727272727275
84047119,USA,47119.0,Maury,Tennessee,US,"Maury, Tennessee, US",13604,2021-05-29,14113.936526710033,173,96387,179.48478529262243
84047107,USA,47107.0,McMinn,Tennessee,US,"McMinn, Tennessee, US",6585,2021-05-29,12241.142134810572,101,53794,187.75328103505967
84047109,USA,47109.0,McNairy,Tennessee,US,"McNairy, Tennessee, US",2855,2021-05-29,11111.543551023586,54,25694,210.1657974624426
84047121,USA,47121.0,Meigs,Tennessee,US,"Meigs, Tennessee, US",1400,2021-05-29,11270.326839478344,25,12422,201.25583641925618
84047123,USA,47123.0,Monroe,Tennessee,US,"Monroe, Tennessee, US",5920,2021-05-29,12718.874207755935,97,46545,208.40047266086583
84047125,USA,47125.0,Montgomery,Tennessee,US,"Montgomery, Tennessee, US",20689,2021-05-29,9899.37462020259,228,208993,109.09456297579345
84047127,USA,47127.0,Moore,Tennessee,US,"Moore, Tennessee, US",1019,2021-05-29,15705.918618988904,17,6488,262.02219482120836
84047129,USA,47129.0,Morgan,Tennessee,US,"Morgan, Tennessee, US",2524,2021-05-29,11792.739335607159,39,21403,182.21744615240854
84047131,USA,47131.0,Obion,Tennessee,US,"Obion, Tennessee, US",4584,2021-05-29,15244.936645714857,97,30069,322.59137317503075
84080047,USA,80047.0,Out of TN,Tennessee,US,"Out of TN, Tennessee, US",17815,2021-05-29,,100,0,
84047133,USA,47133.0,Overton,Tennessee,US,"Overton, Tennessee, US",3032,2021-05-29,13632.480553931928,61,22241,274.2682433343825
84047135,USA,47135.0,Perry,Tennessee,US,"Perry, Tennessee, US",1072,2021-05-29,13273.89796929173,28,8076,346.70629024269437
84047137,USA,47137.0,Pickett,Tennessee,US,"Pickett, Tennessee, US",763,2021-05-29,15114.896988906497,24,5048,475.43581616481777
84047139,USA,47139.0,Polk,Tennessee,US,"Polk, Tennessee, US",2107,2021-05-29,12517.82319391635,25,16832,148.52661596958174
84047141,USA,47141.0,Putnam,Tennessee,US,"Putnam, Tennessee, US",11475,2021-05-29,14299.956383575302,178,80245,221.8206741853075
84047143,USA,47143.0,Rhea,Tennessee,US,"Rhea, Tennessee, US",4378,2021-05-29,13199.867338016702,75,33167,226.12838061929025
84047145,USA,47145.0,Roane,Tennessee,US,"Roane, Tennessee, US",6345,2021-05-29,11886.028998538834,105,53382,196.6955153422502
84047147,USA,47147.0,Robertson,Tennessee,US,"Robertson, Tennessee, US",9835,2021-05-29,13695.291938785456,132,71813,183.8107306476543
84047149,USA,47149.0,Rutherford,Tennessee,US,"Rutherford, Tennessee, US",43448,2021-05-29,13075.522518320118,442,332285,133.01834268775298
84047151,USA,47151.0,Scott,Tennessee,US,"Scott, Tennessee, US",3190,2021-05-29,14455.319920246513,45,22068,203.91517128874386
84047153,USA,47153.0,Sequatchie,Tennessee,US,"Sequatchie, Tennessee, US",1738,2021-05-29,11566.61786237189,29,15026,192.99880207640092
84047155,USA,47155.0,Sevier,Tennessee,US,"Sevier, Tennessee, US",13489,2021-05-29,13729.262086513994,176,98250,179.1348600508906
84047157,USA,47157.0,Shelby,Tennessee,US,"Shelby, Tennessee, US",97576,2021-05-29,10411.816049664627,1664,937166,177.55659082809237
84047159,USA,47159.0,Smith,Tennessee,US,"Smith, Tennessee, US",2790,2021-05-29,13841.345438309272,40,20157,198.44222850622612
84047161,USA,47161.0,Stewart,Tennessee,US,"Stewart, Tennessee, US",1356,2021-05-29,9886.98505286183,28,13715,204.1560335399198
84047163,USA,47163.0,Sullivan,Tennessee,US,"Sullivan, Tennessee, US",17164,2021-05-29,10839.416980321823,303,158348,191.3506959355344
84047165,USA,47165.0,Sumner,Tennessee,US,"Sumner, Tennessee, US",24305,2021-05-29,12706.304271681227,350,191283,182.97496379709645
84047167,USA,47167.0,Tipton,Tennessee,US,"Tipton, Tennessee, US",7443,2021-05-29,12082.988360200652,104,61599,168.83390964139028
84047169,USA,47169.0,Trousdale,Tennessee,US,"Trousdale, Tennessee, US",2510,2021-05-29,22243.885147110952,22,11284,194.96632399858206
84090047,USA,90047.0,Unassigned,Tennessee,US,"Unassigned, Tennessee, US",16912,2021-05-29,,135,0,
84047171,USA,47171.0,Unicoi,Tennessee,US,"Unicoi, Tennessee, US",2049,2021-05-29,11457.809092434156,49,17883,274.00324330369625
84047173,USA,47173.0,Union,Tennessee,US,"Union, Tennessee, US",1944,2021-05-29,9733.627077909072,34,19972,170.238333667134
84047175,USA,47175.0,Van Buren,Tennessee,US,"Van Buren, Tennessee, US",858,2021-05-29,14611.716621253407,23,5872,391.6893732970027
84047177,USA,47177.0,Warren,Tennessee,US,"Warren, Tennessee, US",5554,2021-05-29,13455.435230273519,82,41277,198.65784819633208
84047179,USA,47179.0,Washington,Tennessee,US,"Washington, Tennessee, US",14787,2021-05-29,11429.565217391304,249,129375,192.46376811594203
84047181,USA,47181.0,Wayne,Tennessee,US,"Wayne, Tennessee, US",2976,2021-05-29,17849.217297426978,34,16673,203.92250944641037
84047183,USA,47183.0,Weakley,Tennessee,US,"Weakley, Tennessee, US",4190,2021-05-29,12572.011521843497,67,33328,201.03216514642344
84047185,USA,47185.0,White,Tennessee,US,"White, Tennessee, US",3707,2021-05-29,13556.408849881149,74,27345,270.6162004022673
84047187,USA,47187.0,Williamson,Tennessee,US,"Williamson, Tennessee, US",28253,2021-05-29,11850.49410264584,218,238412,91.4383504186031
84047189,USA,47189.0,Wilson,Tennessee,US,"Wilson, Tennessee, US",19010,2021-05-29,13141.431109452014,239,144657,165.21841321194273
84048001,USA,48001.0,Anderson,Texas,US,"Anderson, Texas, US",6217,2021-05-29,10768.164891313761,127,57735,219.97055512254266
84048003,USA,48003.0,Andrews,Texas,US,"Andrews, Texas, US",1834,2021-05-29,9804.865009355786,47,18705,251.2697139802192
84048005,USA,48005.0,Angelina,Texas,US,"Angelina, Texas, US",8613,2021-05-29,9932.537623248572,283,86715,326.35645505391227
84048007,USA,48007.0,Aransas,Texas,US,"Aransas, Texas, US",1258,2021-05-29,5350.914504466185,41,23510,174.39387494683115
84048009,USA,48009.0,Archer,Texas,US,"Archer, Texas, US",811,2021-05-29,9482.053080790367,12,8553,140.30164854437038
84048011,USA,48011.0,Armstrong,Texas,US,"Armstrong, Texas, US",204,2021-05-29,10810.810810810812,6,1887,317.9650238473768
84048013,USA,48013.0,Atascosa,Texas,US,"Atascosa, Texas, US",5815,2021-05-29,11367.857212675699,150,51153,293.2379332590464
84048015,USA,48015.0,Austin,Texas,US,"Austin, Texas, US",2192,2021-05-29,7298.881193393714,37,30032,123.20191795418222
84048017,USA,48017.0,Bailey,Texas,US,"Bailey, Texas, US",839,2021-05-29,11985.714285714286,19,7000,271.42857142857144
84048019,USA,48019.0,Bandera,Texas,US,"Bandera, Texas, US",1427,2021-05-29,6174.281758393908,28,23112,121.14918656974731
84048021,USA,48021.0,Bastrop,Texas,US,"Bastrop, Texas, US",9609,2021-05-29,10830.337116643937,96,88723,108.201931855325
84048023,USA,48023.0,Baylor,Texas,US,"Baylor, Texas, US",299,2021-05-29,8520.946138500996,13,3509,370.47591906526077
84048025,USA,48025.0,Bee,Texas,US,"Bee, Texas, US",3514,2021-05-29,10790.726239828036,73,32565,224.16705051435594
84048027,USA,48027.0,Bell,Texas,US,"Bell, Texas, US",22634,2021-05-29,6236.567435606353,428,362924,117.93102688166118
84048029,USA,48029.0,Bexar,Texas,US,"Bexar, Texas, US",222898,2021-05-29,11125.13064284766,3571,2003554,178.23327946239533
84048031,USA,48031.0,Blanco,Texas,US,"Blanco, Texas, US",750,2021-05-29,6286.145335680161,20,11931,167.6305422848043
84048033,USA,48033.0,Borden,Texas,US,"Borden, Texas, US",30,2021-05-29,4587.155963302753,2,654,305.81039755351685
84048035,USA,48035.0,Bosque,Texas,US,"Bosque, Texas, US",1688,2021-05-29,9033.984479529034,34,18685,181.96414236018197
84048037,USA,48037.0,Bowie,Texas,US,"Bowie, Texas, US",7073,2021-05-29,7585.393318676604,220,93245,235.93758378465333
84048039,USA,48039.0,Brazoria,Texas,US,"Brazoria, Texas, US",38070,2021-05-29,10171.964175020841,518,374264,138.40497616655622
84048041,USA,48041.0,Brazos,Texas,US,"Brazos, Texas, US",27567,2021-05-29,12026.90970328649,252,229211,109.94236751290295
84048043,USA,48043.0,Brewster,Texas,US,"Brewster, Texas, US",935,2021-05-29,10159.730522655656,16,9203,173.8563511898294
84048045,USA,48045.0,Briscoe,Texas,US,"Briscoe, Texas, US",168,2021-05-29,10866.752910737387,6,1546,388.098318240621
84048047,USA,48047.0,Brooks,Texas,US,"Brooks, Texas, US",827,2021-05-29,11659.382489778654,36,7093,507.5426476808121
84048049,USA,48049.0,Brown,Texas,US,"Brown, Texas, US",4283,2021-05-29,11311.536023663639,120,37864,316.9237270230298
84048051,USA,48051.0,Burleson,Texas,US,"Burleson, Texas, US",2440,2021-05-29,13229.951743208807,48,18443,260.2613457680421
84048053,USA,48053.0,Burnet,Texas,US,"Burnet, Texas, US",4798,2021-05-29,9963.659017755164,65,48155,134.98079119509916
84048055,USA,48055.0,Caldwell,Texas,US,"Caldwell, Texas, US",5716,2021-05-29,13090.875778673508,98,43664,224.4411872480762
84048057,USA,48057.0,Calhoun,Texas,US,"Calhoun, Texas, US",2408,2021-05-29,11310.474401127289,25,21290,117.42602160638798
84048059,USA,48059.0,Callahan,Texas,US,"Callahan, Texas, US",1203,2021-05-29,8627.985369002366,40,13943,286.88230653374455
84048061,USA,48061.0,Cameron,Texas,US,"Cameron, Texas, US",41221,2021-05-29,9741.163570539013,1647,423163,389.21172219688395
84048063,USA,48063.0,Camp,Texas,US,"Camp, Texas, US",1259,2021-05-29,9615.090881319687,44,13094,336.0317702764625
84048065,USA,48065.0,Carson,Texas,US,"Carson, Texas, US",540,2021-05-29,9112.38609517381,14,5926,236.2470469119136
84048067,USA,48067.0,Cass,Texas,US,"Cass, Texas, US",1961,2021-05-29,6531.006461067075,83,30026,276.4270965163525
84048069,USA,48069.0,Castro,Texas,US,"Castro, Texas, US",1012,2021-05-29,13439.575033200532,32,7530,424.96679946879146
84048071,USA,48071.0,Chambers,Texas,US,"Chambers, Texas, US",5100,2021-05-29,11634.00780162876,27,43837,61.591806008622854
84048073,USA,48073.0,Cherokee,Texas,US,"Cherokee, Texas, US",4259,2021-05-29,8089.883371956084,142,52646,269.7260950499563
84048075,USA,48075.0,Childress,Texas,US,"Childress, Texas, US",1378,2021-05-29,18861.20996441281,17,7306,232.68546400218997
84048077,USA,48077.0,Clay,Texas,US,"Clay, Texas, US",1035,2021-05-29,9884.44274663356,16,10471,152.80297965810334
84048079,USA,48079.0,Cochran,Texas,US,"Cochran, Texas, US",320,2021-05-29,11216.263582194182,15,2853,525.7623554153523
84048081,USA,48081.0,Coke,Texas,US,"Coke, Texas, US",467,2021-05-29,13788.012990847357,13,3387,383.82049010924123
84048083,USA,48083.0,Coleman,Texas,US,"Coleman, Texas, US",751,2021-05-29,9186.544342507645,33,8175,403.6697247706422
84048085,USA,48085.0,Collin,Texas,US,"Collin, Texas, US",91521,2021-05-29,8844.91606506045,834,1034730,80.60073642399466
84048087,USA,48087.0,Collingsworth,Texas,US,"Collingsworth, Texas, US",329,2021-05-29,11267.123287671233,9,2920,308.2191780821918
84048089,USA,48089.0,Colorado,Texas,US,"Colorado, Texas, US",1744,2021-05-29,8114.269762248173,32,21493,148.88568371097568
84048091,USA,48091.0,Comal,Texas,US,"Comal, Texas, US",10822,2021-05-29,6927.897880403817,298,156209,190.7700580632358
84048093,USA,48093.0,Comanche,Texas,US,"Comanche, Texas, US",1562,2021-05-29,11455.812247891456,51,13635,374.03740374037403
84048095,USA,48095.0,Concho,Texas,US,"Concho, Texas, US",472,2021-05-29,17314.74688187821,8,2726,293.470286133529
84048097,USA,48097.0,Cooke,Texas,US,"Cooke, Texas, US",3785,2021-05-29,9174.200741692319,72,41257,174.51583973628718
84048099,USA,48099.0,Coryell,Texas,US,"Coryell, Texas, US",7300,2021-05-29,9611.46002027623,86,75951,113.23089886900765
84048101,USA,48101.0,Cottle,Texas,US,"Cottle, Texas, US",190,2021-05-29,13590.844062947066,7,1398,500.7153075822604
84048103,USA,48103.0,Crane,Texas,US,"Crane, Texas, US",536,2021-05-29,11173.650198040443,12,4797,250.1563477173233
84048105,USA,48105.0,Crockett,Texas,US,"Crockett, Texas, US",576,2021-05-29,16628.175519630484,15,3464,433.02540415704385
84048107,USA,48107.0,Crosby,Texas,US,"Crosby, Texas, US",662,2021-05-29,11539.131950496776,29,5737,505.4906745685899
84048109,USA,48109.0,Culberson,Texas,US,"Culberson, Texas, US",364,2021-05-29,16766.467065868263,11,2171,506.6789497927222
84048111,USA,48111.0,Dallam,Texas,US,"Dallam, Texas, US",989,2021-05-29,13572.114724852478,26,7287,356.7997804309044
84048113,USA,48113.0,Dallas,Texas,US,"Dallas, Texas, US",303210,2021-05-29,11504.767946770196,4077,2635516,154.69456455585927
84048115,USA,48115.0,Dawson,Texas,US,"Dawson, Texas, US",1737,2021-05-29,13647.077309868007,69,12728,542.1118793211816
84048123,USA,48123.0,DeWitt,Texas,US,"DeWitt, Texas, US",1930,2021-05-29,9573.4126984127,59,20160,292.6587301587302
84048117,USA,48117.0,Deaf Smith,Texas,US,"Deaf Smith, Texas, US",2858,2021-05-29,15410.331068694059,66,18546,355.8718861209964
84048119,USA,48119.0,Delta,Texas,US,"Delta, Texas, US",323,2021-05-29,6058.9007690864755,12,5331,225.09848058525606
84048121,USA,48121.0,Denton,Texas,US,"Denton, Texas, US",76046,2021-05-29,8571.393147258757,765,887207,86.2256497074527
84048125,USA,48125.0,Dickens,Texas,US,"Dickens, Texas, US",186,2021-05-29,8412.483039348712,10,2211,452.2840343735866
84048127,USA,48127.0,Dimmit,Texas,US,"Dimmit, Texas, US",2275,2021-05-29,22471.35519557487,36,10124,355.5906756222837
84048129,USA,48129.0,Donley,Texas,US,"Donley, Texas, US",418,2021-05-29,12751.677852348994,15,3278,457.5960951799878
84048131,USA,48131.0,Duval,Texas,US,"Duval, Texas, US",1274,2021-05-29,11418.840190015237,41,11157,367.4822981088106
84048133,USA,48133.0,Eastland,Texas,US,"Eastland, Texas, US",1362,2021-05-29,7418.300653594772,49,18360,266.884531590414
84048135,USA,48135.0,Ector,Texas,US,"Ector, Texas, US",17414,2021-05-29,10476.287878332121,377,166223,226.80375158672388
84048137,USA,48137.0,Edwards,Texas,US,"Edwards, Texas, US",252,2021-05-29,13043.478260869564,6,1932,310.5590062111801
84048141,USA,48141.0,El Paso,Texas,US,"El Paso, Texas, US",136045,2021-05-29,16210.538607641694,2715,839238,323.50775346206916
84048139,USA,48139.0,Ellis,Texas,US,"Ellis, Texas, US",23031,2021-05-29,12460.90917944445,316,184826,170.97161654745545
84048143,USA,48143.0,Erath,Texas,US,"Erath, Texas, US",4216,2021-05-29,9873.998782144363,69,42698,161.60007494496227
84048145,USA,48145.0,Falls,Texas,US,"Falls, Texas, US",2100,2021-05-29,12140.833670578713,32,17297,185.00317974215181
84048147,USA,48147.0,Fannin,Texas,US,"Fannin, Texas, US",3487,2021-05-29,9818.663062454243,108,35514,304.1054232133807
84048149,USA,48149.0,Fayette,Texas,US,"Fayette, Texas, US",2739,2021-05-29,10806.438885820247,65,25346,256.45072200741737
84048151,USA,48151.0,Fisher,Texas,US,"Fisher, Texas, US",304,2021-05-29,7937.33681462141,14,3830,365.53524804177545
84048153,USA,48153.0,Floyd,Texas,US,"Floyd, Texas, US",886,2021-05-29,15511.204481792718,30,5712,525.2100840336135
84048155,USA,48155.0,Foard,Texas,US,"Foard, Texas, US",124,2021-05-29,10735.930735930737,10,1155,865.8008658008658
84048157,USA,48157.0,Fort Bend,Texas,US,"Fort Bend, Texas, US",68725,2021-05-29,8466.923251298529,681,811688,83.89923221730517
84048159,USA,48159.0,Franklin,Texas,US,"Franklin, Texas, US",736,2021-05-29,6862.470862470863,26,10725,242.42424242424244
84048161,USA,48161.0,Freestone,Texas,US,"Freestone, Texas, US",1964,2021-05-29,9960.947405791956,50,19717,253.5882740782066
84048163,USA,48163.0,Frio,Texas,US,"Frio, Texas, US",2929,2021-05-29,14424.308086279916,52,20306,256.08194622279126
84048165,USA,48165.0,Gaines,Texas,US,"Gaines, Texas, US",1452,2021-05-29,6756.0022333891675,44,21492,204.72734040573238
84048167,USA,48167.0,Galveston,Texas,US,"Galveston, Texas, US",40354,2021-05-29,11794.621484250552,423,342139,123.63396163547564
84048169,USA,48169.0,Garza,Texas,US,"Garza, Texas, US",502,2021-05-29,8059.078503772676,22,6229,353.1867073366511
84048171,USA,48171.0,Gillespie,Texas,US,"Gillespie, Texas, US",2587,2021-05-29,9585.741811175338,51,26988,188.9728768341485
84048173,USA,48173.0,Glasscock,Texas,US,"Glasscock, Texas, US",104,2021-05-29,7381.121362668559,2,1409,141.94464158978
84048175,USA,48175.0,Goliad,Texas,US,"Goliad, Texas, US",471,2021-05-29,6150.430921911727,13,7658,169.75711674066335
84048177,USA,48177.0,Gonzales,Texas,US,"Gonzales, Texas, US",2752,2021-05-29,13207.275519508567,57,20837,273.55185487354225
84048179,USA,48179.0,Gray,Texas,US,"Gray, Texas, US",2355,2021-05-29,10760.303390295167,57,21886,260.4404642237046
84048181,USA,48181.0,Grayson,Texas,US,"Grayson, Texas, US",11348,2021-05-29,8331.130884209908,342,136212,251.07920007047838
84048183,USA,48183.0,Gregg,Texas,US,"Gregg, Texas, US",11321,2021-05-29,9133.890031868974,356,123945,287.2241720117794
84048185,USA,48185.0,Grimes,Texas,US,"Grimes, Texas, US",3757,2021-05-29,13009.002770083103,71,28880,245.84487534626038
84048187,USA,48187.0,Guadalupe,Texas,US,"Guadalupe, Texas, US",15114,2021-05-29,9058.598596318783,216,166847,129.4599243618405
84048189,USA,48189.0,Hale,Texas,US,"Hale, Texas, US",6148,2021-05-29,18403.879542597137,156,33406,466.98197928515833
84048191,USA,48191.0,Hall,Texas,US,"Hall, Texas, US",487,2021-05-29,16430.499325236167,14,2964,472.33468286099867
84048193,USA,48193.0,Hamilton,Texas,US,"Hamilton, Texas, US",784,2021-05-29,9266.044202812907,27,8461,319.1112161683016
84048195,USA,48195.0,Hansford,Texas,US,"Hansford, Texas, US",915,2021-05-29,16947.582885719577,24,5399,444.52676421559545
84048197,USA,48197.0,Hardeman,Texas,US,"Hardeman, Texas, US",383,2021-05-29,9738.11339944063,12,3933,305.11060259344015
84048199,USA,48199.0,Hardin,Texas,US,"Hardin, Texas, US",5907,2021-05-29,10254.852262074233,113,57602,196.17374396722337
84048201,USA,48201.0,Harris,Texas,US,"Harris, Texas, US",400023,2021-05-29,8487.065924798311,6436,4713325,136.5490391602531
84048203,USA,48203.0,Harrison,Texas,US,"Harrison, Texas, US",4918,2021-05-29,7389.599266749808,109,66553,163.77924361035565
84048205,USA,48205.0,Hartley,Texas,US,"Hartley, Texas, US",652,2021-05-29,11692.969870875178,2,5576,35.86800573888092
84048207,USA,48207.0,Haskell,Texas,US,"Haskell, Texas, US",446,2021-05-29,7882.644043831742,27,5658,477.20042417815483
84048209,USA,48209.0,Hays,Texas,US,"Hays, Texas, US",20914,2021-05-29,9085.498564235788,247,230191,107.30219687129384
84048211,USA,48211.0,Hemphill,Texas,US,"Hemphill, Texas, US",584,2021-05-29,15291.96124639958,2,3819,52.36973029588898
84048213,USA,48213.0,Henderson,Texas,US,"Henderson, Texas, US",5974,2021-05-29,7220.469681037504,191,82737,230.85197674559146
84048215,USA,48215.0,Hidalgo,Texas,US,"Hidalgo, Texas, US",91358,2021-05-29,10516.549308339867,2878,868707,331.29697354804324
84048217,USA,48217.0,Hill,Texas,US,"Hill, Texas, US",4529,2021-05-29,12357.772381238234,109,36649,297.41602772244806
84048219,USA,48219.0,Hockley,Texas,US,"Hockley, Texas, US",2872,2021-05-29,12475.565787759002,103,23021,447.4175752573737
84048221,USA,48221.0,Hood,Texas,US,"Hood, Texas, US",6591,2021-05-29,10692.211605535098,130,61643,210.89174764369025
84048223,USA,48223.0,Hopkins,Texas,US,"Hopkins, Texas, US",3155,2021-05-29,8507.712220903895,112,37084,302.0170423902492
84048225,USA,48225.0,Houston,Texas,US,"Houston, Texas, US",1680,2021-05-29,7314.524555903866,55,22968,239.46360153256703
84048227,USA,48227.0,Howard,Texas,US,"Howard, Texas, US",4674,2021-05-29,12748.199869081387,101,36664,275.4745799694523
84048229,USA,48229.0,Hudspeth,Texas,US,"Hudspeth, Texas, US",538,2021-05-29,11011.05198526402,12,4886,245.59967253376993
84048231,USA,48231.0,Hunt,Texas,US,"Hunt, Texas, US",6095,2021-05-29,6181.917763758444,173,98594,175.4670669614784
84048233,USA,48233.0,Hutchinson,Texas,US,"Hutchinson, Texas, US",2069,2021-05-29,9881.555067341675,71,20938,339.09637978794535
84048235,USA,48235.0,Irion,Texas,US,"Irion, Texas, US",128,2021-05-29,8333.333333333332,1,1536,65.10416666666666
84048237,USA,48237.0,Jack,Texas,US,"Jack, Texas, US",605,2021-05-29,6771.124790151091,16,8935,179.0710688304421
84048239,USA,48239.0,Jackson,Texas,US,"Jackson, Texas, US",1863,2021-05-29,12621.951219512195,31,14760,210.0271002710027
84048241,USA,48241.0,Jasper,Texas,US,"Jasper, Texas, US",2495,2021-05-29,7022.432379183202,92,35529,258.9433983506431
84048243,USA,48243.0,Jeff Davis,Texas,US,"Jeff Davis, Texas, US",191,2021-05-29,8399.29639401935,5,2274,219.87686895338612
84048245,USA,48245.0,Jefferson,Texas,US,"Jefferson, Texas, US",19777,2021-05-29,7861.586468705901,434,251565,172.5200246457178
84048247,USA,48247.0,Jim Hogg,Texas,US,"Jim Hogg, Texas, US",618,2021-05-29,11884.615384615385,16,5200,307.6923076923077
84048249,USA,48249.0,Jim Wells,Texas,US,"Jim Wells, Texas, US",4319,2021-05-29,10668.939281656045,105,40482,259.37453683118423
84048251,USA,48251.0,Johnson,Texas,US,"Johnson, Texas, US",19951,2021-05-29,11347.594373695376,370,175817,210.4460888310004
84048253,USA,48253.0,Jones,Texas,US,"Jones, Texas, US",2603,2021-05-29,12961.210974456008,55,20083,273.8634666135538
84048255,USA,48255.0,Karnes,Texas,US,"Karnes, Texas, US",2268,2021-05-29,14537.529645535544,37,15601,237.16428434074737
84048257,USA,48257.0,Kaufman,Texas,US,"Kaufman, Texas, US",16250,2021-05-29,11935.014762695182,260,136154,190.96023620312292
84048259,USA,48259.0,Kendall,Texas,US,"Kendall, Texas, US",3340,2021-05-29,7041.808100187641,72,47431,151.79945605194914
84048261,USA,48261.0,Kenedy,Texas,US,"Kenedy, Texas, US",39,2021-05-29,9653.465346534655,2,404,495.0495049504951
84048263,USA,48263.0,Kent,Texas,US,"Kent, Texas, US",106,2021-05-29,13910.761154855645,2,762,262.4671916010499
84048265,USA,48265.0,Kerr,Texas,US,"Kerr, Texas, US",4561,2021-05-29,8671.102661596959,88,52600,167.3003802281369
84048267,USA,48267.0,Kimble,Texas,US,"Kimble, Texas, US",282,2021-05-29,6502.190454231036,6,4337,138.34447774959648
84048269,USA,48269.0,King,Texas,US,"King, Texas, US",11,2021-05-29,4044.117647058824,0,272,0.0
84048271,USA,48271.0,Kinney,Texas,US,"Kinney, Texas, US",350,2021-05-29,9544.586855740388,6,3667,163.6214889555495
84048273,USA,48273.0,Kleberg,Texas,US,"Kleberg, Texas, US",2658,2021-05-29,8663.624511082138,93,30680,303.129074315515
84048275,USA,48275.0,Knox,Texas,US,"Knox, Texas, US",263,2021-05-29,7177.947598253275,17,3664,463.9737991266376
84048283,USA,48283.0,La Salle,Texas,US,"La Salle, Texas, US",1052,2021-05-29,13989.361702127659,28,7520,372.3404255319149
84048277,USA,48277.0,Lamar,Texas,US,"Lamar, Texas, US",5881,2021-05-29,11795.262640646624,156,49859,312.88232816542654
84048279,USA,48279.0,Lamb,Texas,US,"Lamb, Texas, US",2348,2021-05-29,18211.43256030404,83,12893,643.7601799426045
84048281,USA,48281.0,Lampasas,Texas,US,"Lampasas, Texas, US",2197,2021-05-29,10252.94007840209,33,21428,154.0041067761807
84048285,USA,48285.0,Lavaca,Texas,US,"Lavaca, Texas, US",2515,2021-05-29,12478.912374714697,76,20154,377.09635804306834
84048287,USA,48287.0,Lee,Texas,US,"Lee, Texas, US",2212,2021-05-29,12831.370729160624,39,17239,226.23121990834736
84048289,USA,48289.0,Leon,Texas,US,"Leon, Texas, US",1647,2021-05-29,9463.341760514824,43,17404,247.06963916341073
84048291,USA,48291.0,Liberty,Texas,US,"Liberty, Texas, US",8030,2021-05-29,9102.347566850678,187,88219,211.97247758419388
84048293,USA,48293.0,Limestone,Texas,US,"Limestone, Texas, US",2811,2021-05-29,11993.855868925202,80,23437,341.340615266459
84048295,USA,48295.0,Lipscomb,Texas,US,"Lipscomb, Texas, US",349,2021-05-29,10794.92731209403,12,3233,371.17228580266004
84048297,USA,48297.0,Live Oak,Texas,US,"Live Oak, Texas, US",1138,2021-05-29,9322.519865650856,22,12207,180.22446137462111
84048299,USA,48299.0,Llano,Texas,US,"Llano, Texas, US",1688,2021-05-29,7744.895618261069,51,21795,233.99862353750862
84048301,USA,48301.0,Loving,Texas,US,"Loving, Texas, US",2,2021-05-29,1183.4319526627219,0,169,0.0
84048303,USA,48303.0,Lubbock,Texas,US,"Lubbock, Texas, US",49319,2021-05-29,15880.206974939545,791,310569,254.69380395338877
84048305,USA,48305.0,Lynn,Texas,US,"Lynn, Texas, US",623,2021-05-29,10468.82876827424,23,5951,386.4896656024198
84048313,USA,48313.0,Madison,Texas,US,"Madison, Texas, US",1982,2021-05-29,13875.665079809576,29,14284,203.02436292355085
84048315,USA,48315.0,Marion,Texas,US,"Marion, Texas, US",542,2021-05-29,5500.304444895474,33,9854,334.88938502131117
84048317,USA,48317.0,Martin,Texas,US,"Martin, Texas, US",636,2021-05-29,11020.620343094784,19,5771,329.232368740253
84048319,USA,48319.0,Mason,Texas,US,"Mason, Texas, US",418,2021-05-29,9780.06551240056,6,4274,140.38371548900327
84048321,USA,48321.0,Matagorda,Texas,US,"Matagorda, Texas, US",4218,2021-05-29,11511.066233659909,114,36643,311.10989820702457
84048323,USA,48323.0,Maverick,Texas,US,"Maverick, Texas, US",10451,2021-05-29,17797.41834406185,356,58722,606.2463812540445
84048307,USA,48307.0,McCulloch,Texas,US,"McCulloch, Texas, US",582,2021-05-29,7289.579158316634,19,7984,237.97595190380764
84048309,USA,48309.0,McLennan,Texas,US,"McLennan, Texas, US",27496,2021-05-29,10714.550137750708,474,256623,184.70674881051193
84048311,USA,48311.0,McMullen,Texas,US,"McMullen, Texas, US",84,2021-05-29,11305.518169582772,5,743,672.9475100942127
84048325,USA,48325.0,Medina,Texas,US,"Medina, Texas, US",5086,2021-05-29,9859.646401985112,105,51584,203.5514888337469
84048327,USA,48327.0,Menard,Texas,US,"Menard, Texas, US",211,2021-05-29,9869.036482694106,9,2138,420.954162768943
84048329,USA,48329.0,Midland,Texas,US,"Midland, Texas, US",17665,2021-05-29,9989.707745204487,272,176832,153.81831342743396
84048331,USA,48331.0,Milam,Texas,US,"Milam, Texas, US",2555,2021-05-29,10292.873544696451,49,24823,197.39757482979493
84048333,USA,48333.0,Mills,Texas,US,"Mills, Texas, US",658,2021-05-29,13502.975579725016,21,4873,430.9460291401601
84048335,USA,48335.0,Mitchell,Texas,US,"Mitchell, Texas, US",606,2021-05-29,7091.866588648332,31,8545,362.7852545348157
84048337,USA,48337.0,Montague,Texas,US,"Montague, Texas, US",2108,2021-05-29,10636.794832980118,71,19818,358.2601675244727
84048339,USA,48339.0,Montgomery,Texas,US,"Montgomery, Texas, US",54376,2021-05-29,8952.388165119337,589,607391,96.9721316252628
84048341,USA,48341.0,Moore,Texas,US,"Moore, Texas, US",2750,2021-05-29,13132.760267430755,73,20940,348.6150907354346
84048343,USA,48343.0,Morris,Texas,US,"Morris, Texas, US",879,2021-05-29,7095.576364223442,33,12388,266.38682596060704
84048345,USA,48345.0,Motley,Texas,US,"Motley, Texas, US",117,2021-05-29,9750.0,8,1200,666.6666666666667
84048347,USA,48347.0,Nacogdoches,Texas,US,"Nacogdoches, Texas, US",4589,2021-05-29,7037.9117845530955,171,65204,262.2538494570885
84048349,USA,48349.0,Navarro,Texas,US,"Navarro, Texas, US",5870,2021-05-29,11713.527428012692,143,50113,285.35509747969587
84048351,USA,48351.0,Newton,Texas,US,"Newton, Texas, US",629,2021-05-29,4626.700993012137,38,13595,279.51452739977935
84048353,USA,48353.0,Nolan,Texas,US,"Nolan, Texas, US",1545,2021-05-29,10500.203887454125,51,14714,346.6086720130488
84048355,USA,48355.0,Nueces,Texas,US,"Nueces, Texas, US",43071,2021-05-29,11888.411069462923,825,362294,227.71561218237125
84048357,USA,48357.0,Ochiltree,Texas,US,"Ochiltree, Texas, US",1186,2021-05-29,12057.747051647011,27,9836,274.50183001220006
84048359,USA,48359.0,Oldham,Texas,US,"Oldham, Texas, US",285,2021-05-29,13494.318181818182,4,2112,189.3939393939394
84048361,USA,48361.0,Orange,Texas,US,"Orange, Texas, US",8710,2021-05-29,10444.14600220634,149,83396,178.665643436136
84080048,USA,80048.0,Out of TX,Texas,US,"Out of TX, Texas, US",0,2021-05-29,,0,0,
84048363,USA,48363.0,Palo Pinto,Texas,US,"Palo Pinto, Texas, US",2909,2021-05-29,9966.083113501662,75,29189,256.9461098358971
84048365,USA,48365.0,Panola,Texas,US,"Panola, Texas, US",1633,2021-05-29,7040.613951884107,75,23194,323.35948952315255
84048367,USA,48367.0,Parker,Texas,US,"Parker, Texas, US",15942,2021-05-29,11157.770965439046,184,142878,128.78119794510002
84048369,USA,48369.0,Parmer,Texas,US,"Parmer, Texas, US",1294,2021-05-29,13472.149921915669,35,9605,364.3935450286309
84048371,USA,48371.0,Pecos,Texas,US,"Pecos, Texas, US",1675,2021-05-29,10585.85603235796,34,15823,214.87707767174368
84048373,USA,48373.0,Polk,Texas,US,"Polk, Texas, US",3365,2021-05-29,6552.6843611863,119,51353,231.7294023718186
84048375,USA,48375.0,Potter,Texas,US,"Potter, Texas, US",17543,2021-05-29,14941.021164246476,456,117415,388.36605203764424
84048377,USA,48377.0,Presidio,Texas,US,"Presidio, Texas, US",818,2021-05-29,12201.670644391408,24,6704,357.99522673031026
84048379,USA,48379.0,Rains,Texas,US,"Rains, Texas, US",812,2021-05-29,6488.732619466197,26,12514,207.76730062330188
84048381,USA,48381.0,Randall,Texas,US,"Randall, Texas, US",16913,2021-05-29,12281.338726191427,287,137713,208.40443531111808
84048383,USA,48383.0,Reagan,Texas,US,"Reagan, Texas, US",382,2021-05-29,9924.655754741492,8,3849,207.84619381657575
84048385,USA,48385.0,Real,Texas,US,"Real, Texas, US",313,2021-05-29,9067.20741599073,12,3452,347.62456546929315
84048387,USA,48387.0,Red River,Texas,US,"Red River, Texas, US",699,2021-05-29,5813.856774515512,37,12023,307.74349164102136
84048389,USA,48389.0,Reeves,Texas,US,"Reeves, Texas, US",1889,2021-05-29,11823.985978968452,43,15976,269.1537305958938
84048391,USA,48391.0,Refugio,Texas,US,"Refugio, Texas, US",678,2021-05-29,9758.203799654577,23,6948,331.03051237766266
84048393,USA,48393.0,Roberts,Texas,US,"Roberts, Texas, US",62,2021-05-29,7259.953161592505,1,854,117.096018735363
84048395,USA,48395.0,Robertson,Texas,US,"Robertson, Texas, US",2174,2021-05-29,12732.810120651284,43,17074,251.8449103900668
84048397,USA,48397.0,Rockwall,Texas,US,"Rockwall, Texas, US",11652,2021-05-29,11106.133536672543,154,104915,146.78549301815755
84048399,USA,48399.0,Runnels,Texas,US,"Runnels, Texas, US",1296,2021-05-29,12626.656274356976,38,10264,370.2260327357755
84048401,USA,48401.0,Rusk,Texas,US,"Rusk, Texas, US",4028,2021-05-29,7403.595191706797,108,54406,198.50751755321104
84048403,USA,48403.0,Sabine,Texas,US,"Sabine, Texas, US",524,2021-05-29,4970.593815215329,45,10542,426.86397268070573
84048405,USA,48405.0,San Augustine,Texas,US,"San Augustine, Texas, US",578,2021-05-29,7017.117882724293,32,8237,388.49095544494355
84048407,USA,48407.0,San Jacinto,Texas,US,"San Jacinto, Texas, US",1349,2021-05-29,4674.451644201115,39,28859,135.13981773450223
84048409,USA,48409.0,San Patricio,Texas,US,"San Patricio, Texas, US",4416,2021-05-29,6617.713172486138,151,66730,226.2850292222389
84048411,USA,48411.0,San Saba,Texas,US,"San Saba, Texas, US",782,2021-05-29,12914.946325350948,23,6055,379.851362510322
84048413,USA,48413.0,Schleicher,Texas,US,"Schleicher, Texas, US",244,2021-05-29,8736.126029359111,6,2793,214.82277121374864
84048415,USA,48415.0,Scurry,Texas,US,"Scurry, Texas, US",2425,2021-05-29,14518.349997006524,62,16703,371.19080404717715
84048417,USA,48417.0,Shackelford,Texas,US,"Shackelford, Texas, US",276,2021-05-29,8453.292496171516,5,3265,153.1393568147014
84048419,USA,48419.0,Shelby,Texas,US,"Shelby, Texas, US",1705,2021-05-29,6746.063147899027,68,25274,269.051198860489
84048421,USA,48421.0,Sherman,Texas,US,"Sherman, Texas, US",235,2021-05-29,7776.307081403044,12,3022,397.08802117802776
84048423,USA,48423.0,Smith,Texas,US,"Smith, Texas, US",20452,2021-05-29,8787.072880460233,482,232751,207.0882617045684
84048425,USA,48425.0,Somervell,Texas,US,"Somervell, Texas, US",1084,2021-05-29,11875.547765118317,14,9128,153.37423312883436
84048427,USA,48427.0,Starr,Texas,US,"Starr, Texas, US",9470,2021-05-29,14651.957978122631,298,64633,461.06478114894867
84048429,USA,48429.0,Stephens,Texas,US,"Stephens, Texas, US",803,2021-05-29,8573.563954729874,26,9366,277.5998291693359
84048431,USA,48431.0,Sterling,Texas,US,"Sterling, Texas, US",108,2021-05-29,8365.608055770721,4,1291,309.83733539891557
84048433,USA,48433.0,Stonewall,Texas,US,"Stonewall, Texas, US",157,2021-05-29,11629.62962962963,6,1350,444.44444444444446
84048435,USA,48435.0,Sutton,Texas,US,"Sutton, Texas, US",470,2021-05-29,12447.033898305084,8,3776,211.864406779661
84048437,USA,48437.0,Swisher,Texas,US,"Swisher, Texas, US",885,2021-05-29,11964.309855346763,18,7397,243.341895362985
84048439,USA,48439.0,Tarrant,Texas,US,"Tarrant, Texas, US",260643,2021-05-29,12396.724874733354,3505,2102515,166.70511268647311
84048441,USA,48441.0,Taylor,Texas,US,"Taylor, Texas, US",15815,2021-05-29,11457.322109045597,411,138034,297.7527275888549
84048443,USA,48443.0,Terrell,Texas,US,"Terrell, Texas, US",74,2021-05-29,9536.082474226803,2,776,257.7319587628866
84048445,USA,48445.0,Terry,Texas,US,"Terry, Texas, US",1695,2021-05-29,13739.158628515846,56,12337,453.91910513090704
84048447,USA,48447.0,Throckmorton,Texas,US,"Throckmorton, Texas, US",73,2021-05-29,4863.424383744171,5,1501,333.11125916055965
84048449,USA,48449.0,Titus,Texas,US,"Titus, Texas, US",3735,2021-05-29,11404.580152671757,84,32750,256.48854961832063
84048451,USA,48451.0,Tom Green,Texas,US,"Tom Green, Texas, US",16890,2021-05-29,14169.463087248321,269,119200,225.6711409395973
84048453,USA,48453.0,Travis,Texas,US,"Travis, Texas, US",83722,2021-05-29,6571.822844466911,1023,1273954,80.30117256981022
84048455,USA,48455.0,Trinity,Texas,US,"Trinity, Texas, US",790,2021-05-29,5392.123404545765,26,14651,177.46228926353152
84048457,USA,48457.0,Tyler,Texas,US,"Tyler, Texas, US",1275,2021-05-29,5883.167220376523,42,21672,193.7984496124031
84090048,USA,90048.0,Unassigned,Texas,US,"Unassigned, Texas, US",0,2021-05-29,,0,0,
84048459,USA,48459.0,Upshur,Texas,US,"Upshur, Texas, US",3301,2021-05-29,7906.018729193112,75,41753,179.6278111752449
84048461,USA,48461.0,Upton,Texas,US,"Upton, Texas, US",373,2021-05-29,10199.617172545803,10,3657,273.4481815695926
84048463,USA,48463.0,Uvalde,Texas,US,"Uvalde, Texas, US",3594,2021-05-29,13440.035899928947,72,26741,269.2494671104297
84048465,USA,48465.0,Val Verde,Texas,US,"Val Verde, Texas, US",7921,2021-05-29,16157.06272310046,223,49025,454.86996430392657
84048467,USA,48467.0,Van Zandt,Texas,US,"Van Zandt, Texas, US",4385,2021-05-29,7748.718854921364,120,56590,212.05159922247748
84048469,USA,48469.0,Victoria,Texas,US,"Victoria, Texas, US",9094,2021-05-29,9875.765605316885,215,92084,233.48247252508577
84048471,USA,48471.0,Walker,Texas,US,"Walker, Texas, US",8800,2021-05-29,12059.585314714064,131,72971,179.52337229858438
84048473,USA,48473.0,Waller,Texas,US,"Waller, Texas, US",4206,2021-05-29,7613.22086666908,49,55246,88.6942041052746
84048475,USA,48475.0,Ward,Texas,US,"Ward, Texas, US",1206,2021-05-29,10051.675279213203,24,11998,200.03333888981498
84048477,USA,48477.0,Washington,Texas,US,"Washington, Texas, US",4141,2021-05-29,11540.605317429352,94,35882,261.96978986678556
84048479,USA,48479.0,Webb,Texas,US,"Webb, Texas, US",44133,2021-05-29,15952.532423405577,794,276652,287.00316643291933
84048481,USA,48481.0,Wharton,Texas,US,"Wharton, Texas, US",4200,2021-05-29,10106.843777071903,116,41556,279.141399557224
84048483,USA,48483.0,Wheeler,Texas,US,"Wheeler, Texas, US",567,2021-05-29,11214.398734177215,11,5056,217.5632911392405
84048485,USA,48485.0,Wichita,Texas,US,"Wichita, Texas, US",15138,2021-05-29,11448.23413748771,377,132230,285.1092792860924
84048487,USA,48487.0,Wilbarger,Texas,US,"Wilbarger, Texas, US",1928,2021-05-29,15099.068055446785,55,12769,430.7306758555877
84048489,USA,48489.0,Willacy,Texas,US,"Willacy, Texas, US",3040,2021-05-29,14233.542466523084,88,21358,412.0235977151419
84048491,USA,48491.0,Williamson,Texas,US,"Williamson, Texas, US",46690,2021-05-29,7906.175757893899,476,590551,80.60269138482536
84048493,USA,48493.0,Wilson,Texas,US,"Wilson, Texas, US",4595,2021-05-29,8997.454474251028,69,51070,135.10867436851382
84048495,USA,48495.0,Winkler,Texas,US,"Winkler, Texas, US",769,2021-05-29,9600.499375780275,21,8010,262.17228464419475
84048497,USA,48497.0,Wise,Texas,US,"Wise, Texas, US",7406,2021-05-29,10582.418838591679,121,69984,172.89666209419295
84048499,USA,48499.0,Wood,Texas,US,"Wood, Texas, US",3462,2021-05-29,7602.27497309998,129,45539,283.2736775071917
84048501,USA,48501.0,Yoakum,Texas,US,"Yoakum, Texas, US",874,2021-05-29,10030.988178583726,27,8713,309.8817858372547
84048503,USA,48503.0,Young,Texas,US,"Young, Texas, US",2181,2021-05-29,12109.938922820655,45,18010,249.8611882287618
84048505,USA,48505.0,Zapata,Texas,US,"Zapata, Texas, US",1780,2021-05-29,12553.77671203893,36,14179,253.89660765921434
84048507,USA,48507.0,Zavala,Texas,US,"Zavala, Texas, US",1871,2021-05-29,15802.364864864865,41,11840,346.2837837837838
84070015,USA,,Bear River,Utah,US,"Bear River, Utah, US",21969,2021-05-29,,103,0,
84049001,USA,49001.0,Beaver,Utah,US,"Beaver, Utah, US",0,2021-05-29,0.0,0,6710,0.0
84049003,USA,49003.0,Box Elder,Utah,US,"Box Elder, Utah, US",0,2021-05-29,0.0,0,56046,0.0
84049005,USA,49005.0,Cache,Utah,US,"Cache, Utah, US",0,2021-05-29,0.0,0,128289,0.0
84049007,USA,49007.0,Carbon,Utah,US,"Carbon, Utah, US",0,2021-05-29,0.0,0,20463,0.0
84070016,USA,,Central Utah,Utah,US,"Central Utah, Utah, US",9039,2021-05-29,,68,0,
84049009,USA,49009.0,Daggett,Utah,US,"Daggett, Utah, US",0,2021-05-29,0.0,0,950,0.0
84049011,USA,49011.0,Davis,Utah,US,"Davis, Utah, US",38671,2021-05-29,10878.499835434242,172,355481,48.3851457602516
84049013,USA,49013.0,Duchesne,Utah,US,"Duchesne, Utah, US",0,2021-05-29,0.0,0,19938,0.0
84049015,USA,49015.0,Emery,Utah,US,"Emery, Utah, US",0,2021-05-29,0.0,0,10012,0.0
84049017,USA,49017.0,Garfield,Utah,US,"Garfield, Utah, US",0,2021-05-29,0.0,0,5051,0.0
84049019,USA,49019.0,Grand,Utah,US,"Grand, Utah, US",0,2021-05-29,0.0,0,9754,0.0
84049021,USA,49021.0,Iron,Utah,US,"Iron, Utah, US",0,2021-05-29,0.0,0,54839,0.0
84049023,USA,49023.0,Juab,Utah,US,"Juab, Utah, US",0,2021-05-29,0.0,0,12017,0.0
84049025,USA,49025.0,Kane,Utah,US,"Kane, Utah, US",0,2021-05-29,0.0,0,7886,0.0
84049027,USA,49027.0,Millard,Utah,US,"Millard, Utah, US",0,2021-05-29,0.0,0,13188,0.0
84049029,USA,49029.0,Morgan,Utah,US,"Morgan, Utah, US",0,2021-05-29,0.0,0,12124,0.0
84080049,USA,80049.0,Out of UT,Utah,US,"Out of UT, Utah, US",0,2021-05-29,,0,0,
84049031,USA,49031.0,Piute,Utah,US,"Piute, Utah, US",0,2021-05-29,0.0,0,1479,0.0
84049033,USA,49033.0,Rich,Utah,US,"Rich, Utah, US",0,2021-05-29,0.0,0,2483,0.0
84049035,USA,49035.0,Salt Lake,Utah,US,"Salt Lake, Utah, US",150858,2021-05-29,13000.102547574748,890,1160437,76.69524498098562
84049037,USA,49037.0,San Juan,Utah,US,"San Juan, Utah, US",1917,2021-05-29,12522.863862032924,37,15308,241.70368434805332
84049039,USA,49039.0,Sanpete,Utah,US,"Sanpete, Utah, US",0,2021-05-29,0.0,0,30939,0.0
84049041,USA,49041.0,Sevier,Utah,US,"Sevier, Utah, US",0,2021-05-29,0.0,0,21620,0.0
84070017,USA,,Southeast Utah,Utah,US,"Southeast Utah, Utah, US",3609,2021-05-29,,28,0,
84070018,USA,,Southwest Utah,Utah,US,"Southwest Utah, Utah, US",29219,2021-05-29,,274,0,
84049043,USA,49043.0,Summit,Utah,US,"Summit, Utah, US",5571,2021-05-29,13218.64989915767,13,42145,30.845889192074978
84049045,USA,49045.0,Tooele,Utah,US,"Tooele, Utah, US",7447,2021-05-29,10305.982645760389,44,72259,60.89206880803775
84070019,USA,,TriCounty,Utah,US,"TriCounty, Utah, US",4179,2021-05-29,,36,0,
84049047,USA,49047.0,Uintah,Utah,US,"Uintah, Utah, US",0,2021-05-29,0.0,0,35734,0.0
84090049,USA,90049.0,Unassigned,Utah,US,"Unassigned, Utah, US",933,2021-05-29,,0,0,
84049049,USA,49049.0,Utah,Utah,US,"Utah, Utah, US",96862,2021-05-29,15224.24890174228,394,636235,61.92680377533459
84049051,USA,49051.0,Wasatch,Utah,US,"Wasatch, Utah, US",4670,2021-05-29,13698.630136986301,22,34091,64.53316124490335
84049053,USA,49053.0,Washington,Utah,US,"Washington,Utah,US",0,2021-05-29,0.0,0,177556,0.0
84049055,USA,49055.0,Wayne,Utah,US,"Wayne, Utah, US",0,2021-05-29,0.0,0,2711,0.0
84049057,USA,49057.0,Weber,Utah,US,"Weber,Utah,US",0,2021-05-29,0.0,0,260213,0.0
84070020,USA,,Weber-Morgan,Utah,US,"Weber-Morgan, Utah, US",30907,2021-05-29,,220,0,
84050001,USA,50001.0,Addison,Vermont,US,"Addison, Vermont, US",1058,2021-05-29,2876.7979987492186,8,36777,21.752725888462898
84050003,USA,50003.0,Bennington,Vermont,US,"Bennington, Vermont, US",2038,2021-05-29,5745.700592049619,15,35470,42.289258528333804
84050005,USA,50005.0,Caledonia,Vermont,US,"Caledonia, Vermont, US",1071,2021-05-29,3570.833194412029,7,29993,23.338779048444636
84050007,USA,50007.0,Chittenden,Vermont,US,"Chittenden, Vermont, US",7492,2021-05-29,4574.596700330944,103,163774,62.89154566658932
84050009,USA,50009.0,Essex,Vermont,US,"Essex, Vermont, US",289,2021-05-29,4689.274703877982,2,6163,32.4517280545189
84050011,USA,50011.0,Franklin,Vermont,US,"Franklin, Vermont, US",2028,2021-05-29,4105.0969596372615,39,49402,78.94417230071657
84050013,USA,50013.0,Grand Isle,Vermont,US,"Grand Isle, Vermont, US",217,2021-05-29,2999.308914996545,2,7235,27.643400138217004
84050015,USA,50015.0,Lamoille,Vermont,US,"Lamoille, Vermont, US",880,2021-05-29,3469.7579055279552,3,25362,11.828720132481665
84050017,USA,50017.0,Orange,Vermont,US,"Orange, Vermont, US",815,2021-05-29,2820.8500623009827,3,28892,10.38349716184411
84050019,USA,50019.0,Orleans,Vermont,US,"Orleans, Vermont, US",1284,2021-05-29,4749.047601435071,11,27037,40.68498723970855
84080050,USA,80050.0,Out of VT,Vermont,US,"Out of VT, Vermont, US",0,2021-05-29,,0,0,
84050021,USA,50021.0,Rutland,Vermont,US,"Rutland, Vermont, US",2268,2021-05-29,3897.5099242150845,20,58191,34.3695760512794
84090050,USA,90050.0,Unassigned,Vermont,US,"Unassigned, Vermont, US",22,2021-05-29,,0,0,
84050023,USA,50023.0,Washington,Vermont,US,"Washington, Vermont, US",1887,2021-05-29,3230.6665068739408,15,58409,25.68097382252735
84050025,USA,50025.0,Windham,Vermont,US,"Windham, Vermont, US",1379,2021-05-29,3266.0698214201125,14,42222,33.158069252996064
84050027,USA,50027.0,Windsor,Vermont,US,"Windsor, Vermont, US",1472,2021-05-29,2673.3500417710943,13,55062,23.609749010206677
850,VIR,78.0,,Virgin Islands,US,"Virgin Islands, US",3442,2021-05-29,3208.7854719021516,27,107268,25.170600738337622
84051001,USA,51001.0,Accomack,Virginia,US,"Accomack, Virginia, US",2856,2021-05-29,8837.727441515039,42,32316,129.96658002228
84051003,USA,51003.0,Albemarle,Virginia,US,"Albemarle, Virginia, US",5790,2021-05-29,5295.893167474618,83,109330,75.91694868745998
84051510,USA,51510.0,Alexandria,Virginia,US,"Alexandria, Virginia, US",11839,2021-05-29,7425.92267355797,137,159428,85.9322076423213
84051005,USA,51005.0,Alleghany,Virginia,US,"Alleghany, Virginia, US",1363,2021-05-29,9172.274562584118,49,14860,329.7442799461642
84051007,USA,51007.0,Amelia,Virginia,US,"Amelia, Virginia, US",920,2021-05-29,6998.85888170407,33,13145,251.0460251046025
84051009,USA,51009.0,Amherst,Virginia,US,"Amherst, Virginia, US",2954,2021-05-29,9346.622369878183,37,31605,117.07008384749248
84051011,USA,51011.0,Appomattox,Virginia,US,"Appomattox, Virginia, US",1614,2021-05-29,10143.92558607253,25,15911,157.12400226258563
84051013,USA,51013.0,Arlington,Virginia,US,"Arlington, Virginia, US",15290,2021-05-29,6455.78064701362,256,236842,108.0889369284164
84051015,USA,51015.0,Augusta,Virginia,US,"Augusta, Virginia, US",5892,2021-05-29,7797.983006432145,73,75558,96.61452129489928
84051017,USA,51017.0,Bath,Virginia,US,"Bath, Virginia, US",273,2021-05-29,6583.0721003134795,10,4147,241.13817217265495
84051019,USA,51019.0,Bedford,Virginia,US,"Bedford, Virginia, US",6572,2021-05-29,8319.303264680937,105,78997,132.916439864805
84051021,USA,51021.0,Bland,Virginia,US,"Bland, Virginia, US",680,2021-05-29,10828.025477707006,10,6280,159.23566878980893
84051023,USA,51023.0,Botetourt,Virginia,US,"Botetourt, Virginia, US",2551,2021-05-29,7633.382207726144,38,33419,113.70777102845686
84051520,USA,51520.0,Bristol,Virginia,US,"Bristol, Virginia, US",1562,2021-05-29,9318.697052857653,35,16762,208.80563178618303
84051025,USA,51025.0,Brunswick,Virginia,US,"Brunswick, Virginia, US",1326,2021-05-29,8169.552091676422,23,16231,141.70414638654427
84051027,USA,51027.0,Buchanan,Virginia,US,"Buchanan, Virginia, US",1471,2021-05-29,7003.427918491716,43,21004,204.72290992191964
84051029,USA,51029.0,Buckingham,Virginia,US,"Buckingham, Virginia, US",2137,2021-05-29,12462.094704921858,30,17148,174.94751574527643
84051530,USA,51530.0,Buena Vista,Virginia,US,"Buena Vista, Virginia, US",915,2021-05-29,14124.729854893487,22,6478,339.61099104661935
84051031,USA,51031.0,Campbell,Virginia,US,"Campbell, Virginia, US",4553,2021-05-29,8295.527011023047,89,54885,162.15723786098206
84051033,USA,51033.0,Caroline,Virginia,US,"Caroline, Virginia, US",2647,2021-05-29,8615.13425549227,38,30725,123.67778681855167
84051035,USA,51035.0,Carroll,Virginia,US,"Carroll, Virginia, US",2685,2021-05-29,9012.789097378403,75,29791,251.75388540163135
84051036,USA,51036.0,Charles City,Virginia,US,"Charles City, Virginia, US",501,2021-05-29,7195.174493752693,16,6963,229.7860117765331
84051037,USA,51037.0,Charlotte,Virginia,US,"Charlotte, Virginia, US",873,2021-05-29,7348.484848484849,21,11880,176.7676767676768
84051540,USA,51540.0,Charlottesville,Virginia,US,"Charlottesville, Virginia, US",4012,2021-05-29,8488.131003258157,57,47266,120.59408454280032
84051550,USA,51550.0,Chesapeake,Virginia,US,"Chesapeake, Virginia, US",21082,2021-05-29,8610.697000020422,298,244835,121.71462413462126
84051041,USA,51041.0,Chesterfield,Virginia,US,"Chesterfield, Virginia, US",28059,2021-05-29,7953.186206427401,440,352802,124.71584628205056
84051043,USA,51043.0,Clarke,Virginia,US,"Clarke, Virginia, US",991,2021-05-29,6778.849442506326,20,14619,136.80826321909842
84051570,USA,51570.0,Colonial Heights,Virginia,US,"Colonial Heights, Virginia, US",1716,2021-05-29,9879.101899827288,61,17370,351.1801957397812
84051580,USA,51580.0,Covington,Virginia,US,"Covington, Virginia, US",606,2021-05-29,10942.57854821235,13,5538,234.7417840375587
84051045,USA,51045.0,Craig,Virginia,US,"Craig, Virginia, US",322,2021-05-29,6275.5798090040935,6,5131,116.93626973299553
84051047,USA,51047.0,Culpeper,Virginia,US,"Culpeper, Virginia, US",4684,2021-05-29,8904.096568767229,64,52605,121.66143902670849
84051049,USA,51049.0,Cumberland,Virginia,US,"Cumberland, Virginia, US",499,2021-05-29,5024.164317358035,9,9932,90.61619009262988
84051590,USA,51590.0,Danville,Virginia,US,"Danville, Virginia, US",4463,2021-05-29,11145.240235740685,139,40044,347.11817001298573
84051051,USA,51051.0,Dickenson,Virginia,US,"Dickenson, Virginia, US",951,2021-05-29,6641.989104623551,16,14318,111.74745076127951
84051053,USA,51053.0,Dinwiddie,Virginia,US,"Dinwiddie, Virginia, US",2138,2021-05-29,7490.190582959641,45,28544,157.65134529147983
84051595,USA,51595.0,Emporia,Virginia,US,"Emporia, Virginia, US",673,2021-05-29,12588.851477740367,42,5346,785.6341189674524
84051057,USA,51057.0,Essex,Virginia,US,"Essex, Virginia, US",778,2021-05-29,7103.076782616635,10,10953,91.29918743723181
84051059,USA,51059.0,Fairfax,Virginia,US,"Fairfax, Virginia, US",76973,2021-05-29,6707.69965456301,1098,1147532,95.68360620880289
84051600,USA,51600.0,Fairfax City,Virginia,US,"Fairfax City, Virginia, US",564,2021-05-29,2348.1410549981265,19,24019,79.10404263291561
84051610,USA,51610.0,Falls Church,Virginia,US,"Falls Church, Virginia, US",433,2021-05-29,2962.3041663816107,9,14617,61.57214202640761
84051061,USA,51061.0,Fauquier,Virginia,US,"Fauquier, Virginia, US",4744,2021-05-29,6660.863216421892,70,71222,98.28423801634327
84051063,USA,51063.0,Floyd,Virginia,US,"Floyd, Virginia, US",875,2021-05-29,5555.908311638835,23,15749,146.04101847736365
84051065,USA,51065.0,Fluvanna,Virginia,US,"Fluvanna, Virginia, US",1920,2021-05-29,7040.7040704070405,20,27270,73.34066740007334
84051067,USA,51067.0,Franklin,Virginia,US,"Franklin, Virginia, US",4081,2021-05-29,7282.03847114664,78,56042,139.18132828949715
84051620,USA,51620.0,Franklin City,Virginia,US,"Franklin City, Virginia, US",1134,2021-05-29,14233.714070540982,32,7967,401.65683444207355
84051069,USA,51069.0,Frederick,Virginia,US,"Frederick, Virginia, US",8058,2021-05-29,9022.202814819791,102,89313,114.2050989217695
84051630,USA,51630.0,Fredericksburg,Virginia,US,"Fredericksburg, Virginia, US",2134,2021-05-29,7349.497175919548,24,29036,82.65601322496211
84051640,USA,51640.0,Galax,Virginia,US,"Galax, Virginia, US",1174,2021-05-29,18496.927682369624,53,6347,835.0401764613202
84051071,USA,51071.0,Giles,Virginia,US,"Giles, Virginia, US",1296,2021-05-29,7751.196172248803,22,16720,131.57894736842104
84051073,USA,51073.0,Gloucester,Virginia,US,"Gloucester, Virginia, US",2247,2021-05-29,6016.386419620863,49,37348,131.19845774874156
84051075,USA,51075.0,Goochland,Virginia,US,"Goochland, Virginia, US",1460,2021-05-29,6146.592009430387,23,23753,96.82987412116364
84051077,USA,51077.0,Grayson,Virginia,US,"Grayson, Virginia, US",1490,2021-05-29,9581.993569131833,35,15550,225.08038585209002
84051079,USA,51079.0,Greene,Virginia,US,"Greene, Virginia, US",1288,2021-05-29,6498.814269135678,18,19819,90.82193854382159
84051081,USA,51081.0,Greensville,Virginia,US,"Greensville, Virginia, US",1584,2021-05-29,13973.182780522231,25,11336,220.5363443895554
84051083,USA,51083.0,Halifax,Virginia,US,"Halifax, Virginia, US",2824,2021-05-29,8327.681283359383,78,33911,230.01385980950133
84051650,USA,51650.0,Hampton,Virginia,US,"Hampton, Virginia, US",10623,2021-05-29,7897.554085198126,178,134510,132.3321686119991
84051085,USA,51085.0,Hanover,Virginia,US,"Hanover, Virginia, US",8181,2021-05-29,7591.448137631534,161,107766,149.3977692407624
84051660,USA,51660.0,Harrisonburg,Virginia,US,"Harrisonburg, Virginia, US",6505,2021-05-29,12269.880790704694,95,53016,179.19118756601782
84051087,USA,51087.0,Henrico,Virginia,US,"Henrico, Virginia, US",25527,2021-05-29,7716.32740661028,620,330818,187.41422776269732
84051089,USA,51089.0,Henry,Virginia,US,"Henry, Virginia, US",4648,2021-05-29,9193.58348003244,124,50557,245.26771762565028
84051091,USA,51091.0,Highland,Virginia,US,"Highland, Virginia, US",109,2021-05-29,4977.16894977169,1,2190,45.662100456621005
84051670,USA,51670.0,Hopewell,Virginia,US,"Hopewell, Virginia, US",2625,2021-05-29,11651.648985751697,75,22529,332.9042567357628
84051093,USA,51093.0,Isle of Wight,Virginia,US,"Isle of Wight, Virginia, US",3162,2021-05-29,8520.84400010779,69,37109,185.93872106497076
84051095,USA,51095.0,James City,Virginia,US,"James City, Virginia, US",4634,2021-05-29,6055.695673196294,72,76523,94.08935875488416
84051099,USA,51099.0,King George,Virginia,US,"King George, Virginia, US",1733,2021-05-29,6457.743329855419,20,26836,74.52675510508273
84051101,USA,51101.0,King William,Virginia,US,"King William, Virginia, US",1240,2021-05-29,7231.163984138092,13,17148,75.81059015628644
84051097,USA,51097.0,King and Queen,Virginia,US,"King and Queen, Virginia, US",405,2021-05-29,5765.124555160142,8,7025,113.87900355871885
84051103,USA,51103.0,Lancaster,Virginia,US,"Lancaster, Virginia, US",716,2021-05-29,6752.805809676507,16,10603,150.90068848439122
84051105,USA,51105.0,Lee,Virginia,US,"Lee, Virginia, US",2436,2021-05-29,10400.034154463561,48,23423,204.92678136874014
84051678,USA,51678.0,Lexington,Virginia,US,"Lexington, Virginia, US",1205,2021-05-29,16183.185603008327,32,7446,429.7609454740801
84051107,USA,51107.0,Loudoun,Virginia,US,"Loudoun, Virginia, US",27923,2021-05-29,6752.221077627691,278,413538,67.22477740860573
84051109,USA,51109.0,Louisa,Virginia,US,"Louisa, Virginia, US",1989,2021-05-29,5291.160118113378,32,37591,85.12675906466973
84051111,USA,51111.0,Lunenburg,Virginia,US,"Lunenburg, Virginia, US",780,2021-05-29,6395.5395211544765,14,12196,114.79173499508036
84051680,USA,51680.0,Lynchburg,Virginia,US,"Lynchburg, Virginia, US",7836,2021-05-29,9536.559244474734,153,82168,186.2038749878298
84051113,USA,51113.0,Madison,Virginia,US,"Madison, Virginia, US",595,2021-05-29,4486.841113038233,16,13261,120.65455093884323
84051683,USA,51683.0,Manassas,Virginia,US,"Manassas,Virginia,US",4307,2021-05-29,10483.14470001217,47,41085,114.3969818668614
84051685,USA,51685.0,Manassas Park,Virginia,US,"Manassas Park, Virginia, US",1217,2021-05-29,6963.03924934203,11,17478,62.9362627302895
84051690,USA,51690.0,Martinsville,Virginia,US,"Martinsville, Virginia, US",1618,2021-05-29,12888.322447028835,77,12554,613.350326589135
84051115,USA,51115.0,Mathews,Virginia,US,"Mathews, Virginia, US",599,2021-05-29,6780.620330541092,12,8834,135.83880461851936
84051117,USA,51117.0,Mecklenburg,Virginia,US,"Mecklenburg, Virginia, US",2331,2021-05-29,7620.884689574002,67,30587,219.0473076797332
84051119,USA,51119.0,Middlesex,Virginia,US,"Middlesex, Virginia, US",575,2021-05-29,5433.755433755434,20,10582,189.000189000189
84051121,USA,51121.0,Montgomery,Virginia,US,"Montgomery, Virginia, US",9409,2021-05-29,9548.891256913786,97,98535,98.44217790632771
84051125,USA,51125.0,Nelson,Virginia,US,"Nelson, Virginia, US",895,2021-05-29,5994.641661085064,13,14930,87.073007367716
84051127,USA,51127.0,New Kent,Virginia,US,"New Kent, Virginia, US",1511,2021-05-29,6543.675024901477,18,23091,77.95244900610628
84051700,USA,51700.0,Newport News,Virginia,US,"Newport News, Virginia, US",14195,2021-05-29,7920.212023992189,229,179225,127.77235318733435
84051710,USA,51710.0,Norfolk,Virginia,US,"Norfolk, Virginia, US",17871,2021-05-29,7362.137578169414,262,242742,107.93352613062427
84051131,USA,51131.0,Northampton,Virginia,US,"Northampton, Virginia, US",807,2021-05-29,6891.545687446626,36,11710,307.42954739538857
84051133,USA,51133.0,Northumberland,Virginia,US,"Northumberland, Virginia, US",745,2021-05-29,6159.570070276975,20,12095,165.35758577924761
84051720,USA,51720.0,Norton,Virginia,US,"Norton, Virginia, US",290,2021-05-29,7284.60185882944,7,3981,175.83521728208993
84051135,USA,51135.0,Nottoway,Virginia,US,"Nottoway, Virginia, US",1922,2021-05-29,12618.172268907563,48,15232,315.1260504201681
84051137,USA,51137.0,Orange,Virginia,US,"Orange, Virginia, US",2226,2021-05-29,6007.935008501795,38,37051,102.56133437693988
84080051,USA,80051.0,Out of VA,Virginia,US,"Out of VA, Virginia, US",0,2021-05-29,,0,0,
84051139,USA,51139.0,Page,Virginia,US,"Page, Virginia, US",2073,2021-05-29,8672.91440046858,56,23902,234.29001757175132
84051141,USA,51141.0,Patrick,Virginia,US,"Patrick, Virginia, US",1377,2021-05-29,7820.308950477056,43,17608,244.2071785552022
84051730,USA,51730.0,Petersburg,Virginia,US,"Petersburg, Virginia, US",3910,2021-05-29,12473.680852421363,86,31346,274.3571747591399
84051143,USA,51143.0,Pittsylvania,Virginia,US,"Pittsylvania, Virginia, US",5576,2021-05-29,9238.82427013951,83,60354,137.52195380587867
84051735,USA,51735.0,Poquoson,Virginia,US,"Poquoson, Virginia, US",890,2021-05-29,7252.872626517807,16,12271,130.38872137560102
84051740,USA,51740.0,Portsmouth,Virginia,US,"Portsmouth, Virginia, US",9129,2021-05-29,9670.755736350346,199,94398,210.80955104981038
84051145,USA,51145.0,Powhatan,Virginia,US,"Powhatan, Virginia, US",1920,2021-05-29,6475.111290975314,17,29652,57.33171455551059
84051147,USA,51147.0,Prince Edward,Virginia,US,"Prince Edward, Virginia, US",2177,2021-05-29,9547.408122094554,34,22802,149.1097272169108
84051149,USA,51149.0,Prince George,Virginia,US,"Prince George, Virginia, US",3604,2021-05-29,9396.918102886346,30,38353,78.22073892524705
84051153,USA,51153.0,Prince William,Virginia,US,"Prince William, Virginia, US",45413,2021-05-29,9655.458343521108,497,470335,105.66936332613989
84051155,USA,51155.0,Pulaski,Virginia,US,"Pulaski, Virginia, US",2673,2021-05-29,7855.526493666794,61,34027,179.26940370881948
84051750,USA,51750.0,Radford,Virginia,US,"Radford, Virginia, US",2167,2021-05-29,11874.623267028332,18,18249,98.63554167351634
84051157,USA,51157.0,Rappahannock,Virginia,US,"Rappahannock, Virginia, US",343,2021-05-29,4654.002713704206,2,7370,27.137042062415198
84051159,USA,51159.0,Richmond,Virginia,US,"Richmond, Virginia, US",1529,2021-05-29,16945.583508810814,15,9023,166.24182644353317
84051760,USA,51760.0,Richmond City,Virginia,US,"Richmond City, Virginia, US",17074,2021-05-29,7409.432553941224,267,230436,115.86731239910432
84051161,USA,51161.0,Roanoke,Virginia,US,"Roanoke, Virginia, US",8300,2021-05-29,8812.35003079014,145,94186,153.95069330898434
84051770,USA,51770.0,Roanoke City,Virginia,US,"Roanoke City, Virginia, US",8504,2021-05-29,8577.509254309432,193,99143,194.66830739436975
84051163,USA,51163.0,Rockbridge,Virginia,US,"Rockbridge, Virginia, US",1550,2021-05-29,6866.610552429895,46,22573,203.78328091082264
84051165,USA,51165.0,Rockingham,Virginia,US,"Rockingham, Virginia, US",6809,2021-05-29,8308.9276126324,108,81948,131.7908917850344
84051167,USA,51167.0,Russell,Virginia,US,"Russell, Virginia, US",2290,2021-05-29,8613.556006920937,39,26586,146.6937485894832
84051775,USA,51775.0,Salem,Virginia,US,"Salem, Virginia, US",2190,2021-05-29,8655.784356349552,50,25301,197.62064740524093
84051169,USA,51169.0,Scott,Virginia,US,"Scott, Virginia, US",1858,2021-05-29,8615.413150329223,59,21566,273.5787814151906
84051171,USA,51171.0,Shenandoah,Virginia,US,"Shenandoah, Virginia, US",4371,2021-05-29,10021.551724137931,133,43616,304.93396918561996
84051173,USA,51173.0,Smyth,Virginia,US,"Smyth, Virginia, US",2968,2021-05-29,9859.154929577464,94,30104,312.25086367260167
84051175,USA,51175.0,Southampton,Virginia,US,"Southampton, Virginia, US",1984,2021-05-29,11252.906811865463,56,17631,317.622369689751
84051177,USA,51177.0,Spotsylvania,Virginia,US,"Spotsylvania, Virginia, US",10127,2021-05-29,7434.570348346364,122,136215,89.56429174466835
84051179,USA,51179.0,Stafford,Virginia,US,"Stafford, Virginia, US",11401,2021-05-29,7457.385434518125,79,152882,51.673839954997966
84051790,USA,51790.0,Staunton,Virginia,US,"Staunton, Virginia, US",2525,2021-05-29,10127.54692764319,71,24932,284.77458687630354
84051800,USA,51800.0,Suffolk,Virginia,US,"Suffolk, Virginia, US",7974,2021-05-29,8657.228470925435,191,92108,207.36526686064187
84051181,USA,51181.0,Surry,Virginia,US,"Surry, Virginia, US",421,2021-05-29,6555.590158829025,9,6422,140.14325755216444
84051183,USA,51183.0,Sussex,Virginia,US,"Sussex, Virginia, US",1197,2021-05-29,10726.767631508199,21,11159,188.18890581593334
84051185,USA,51185.0,Tazewell,Virginia,US,"Tazewell, Virginia, US",3694,2021-05-29,9099.642813154329,72,40595,177.36174405714988
84090051,USA,90051.0,Unassigned,Virginia,US,"Unassigned, Virginia, US",0,2021-05-29,,0,0,
84051810,USA,51810.0,Virginia Beach,Virginia,US,"Virginia Beach, Virginia, US",36158,2021-05-29,8035.575388800243,406,449974,90.22743536293208
84051187,USA,51187.0,Warren,Virginia,US,"Warren, Virginia, US",3028,2021-05-29,7539.089732098396,58,40164,144.40792749726123
84051191,USA,51191.0,Washington,Virginia,US,"Washington, Virginia, US",4978,2021-05-29,9263.118719761816,110,53740,204.68924451060664
84051820,USA,51820.0,Waynesboro,Virginia,US,"Waynesboro, Virginia, US",2387,2021-05-29,10547.945205479451,38,22630,167.91869200176757
84051193,USA,51193.0,Westmoreland,Virginia,US,"Westmoreland, Virginia, US",1305,2021-05-29,7243.963363863447,26,18015,144.32417429919514
84051830,USA,51830.0,Williamsburg,Virginia,US,"Williamsburg, Virginia, US",772,2021-05-29,5162.4983282065,13,14954,86.93326200347732
84051840,USA,51840.0,Winchester,Virginia,US,"Winchester, Virginia, US",2918,2021-05-29,10392.478096730538,47,28078,167.3908398034048
84051195,USA,51195.0,Wise,Virginia,US,"Wise, Virginia, US",3241,2021-05-29,8669.716181151862,100,37383,267.5012706310355
84051197,USA,51197.0,Wythe,Virginia,US,"Wythe, Virginia, US",2678,2021-05-29,9336.215311672013,81,28684,282.38739366894436
84051199,USA,51199.0,York,Virginia,US,"York, Virginia, US",3775,2021-05-29,5528.70533099004,54,68280,79.08611599297012
84053001,USA,53001.0,Adams,Washington,US,"Adams, Washington, US",2189,2021-05-29,10954.311164489816,23,19983,115.09783315818447
84053003,USA,53003.0,Asotin,Washington,US,"Asotin, Washington, US",1481,2021-05-29,6558.320786467098,28,22582,123.99256044637322
84053005,USA,53005.0,Benton,Washington,US,"Benton, Washington, US",17243,2021-05-29,8436.322716375556,221,204390,108.12662067615834
84053007,USA,53007.0,Chelan,Washington,US,"Chelan, Washington, US",6797,2021-05-29,8804.40414507772,66,77200,85.4922279792746
84053009,USA,53009.0,Clallam,Washington,US,"Clallam, Washington, US",1323,2021-05-29,1710.827481863677,11,77331,14.224567120559671
84053011,USA,53011.0,Clark,Washington,US,"Clark, Washington, US",24789,2021-05-29,5077.205724222259,271,488241,55.50537541910655
84053013,USA,53013.0,Columbia,Washington,US,"Columbia, Washington, US",125,2021-05-29,3136.7628607277293,5,3985,125.47051442910914
84053015,USA,53015.0,Cowlitz,Washington,US,"Cowlitz, Washington, US",6212,2021-05-29,5616.99203385386,93,110593,84.09212156284755
84053017,USA,53017.0,Douglas,Washington,US,"Douglas, Washington, US",3606,2021-05-29,8303.207534136176,23,43429,52.96000368417417
84053019,USA,53019.0,Ferry,Washington,US,"Ferry, Washington, US",379,2021-05-29,4969.188409597482,8,7627,104.89052051920807
84053021,USA,53021.0,Franklin,Washington,US,"Franklin, Washington, US",12549,2021-05-29,13178.6771964462,115,95222,120.77041019932368
84053023,USA,53023.0,Garfield,Washington,US,"Garfield, Washington, US",124,2021-05-29,5573.033707865169,5,2225,224.71910112359552
84053025,USA,53025.0,Grant,Washington,US,"Grant, Washington, US",9104,2021-05-29,9315.175017650128,79,97733,80.83247214349298
84053027,USA,53027.0,Grays Harbor,Washington,US,"Grays Harbor, Washington, US",4382,2021-05-29,5837.91849295906,71,75061,94.58973368327094
84053029,USA,53029.0,Island,Washington,US,"Island, Washington, US",1779,2021-05-29,2089.4751060006342,30,85141,35.2356678920849
84053031,USA,53031.0,Jefferson,Washington,US,"Jefferson, Washington, US",414,2021-05-29,1284.8763228950063,4,32221,12.414263989323732
84053033,USA,53033.0,King,Washington,US,"King, Washington, US",109529,2021-05-29,4861.944031868153,1577,2252782,70.002334890815
84053035,USA,53035.0,Kitsap,Washington,US,"Kitsap, Washington, US",8445,2021-05-29,3110.8065995513366,112,271473,41.25640487267611
84053037,USA,53037.0,Kittitas,Washington,US,"Kittitas, Washington, US",3115,2021-05-29,6498.383227286951,34,47935,70.92938354021071
84053039,USA,53039.0,Klickitat,Washington,US,"Klickitat, Washington, US",802,2021-05-29,3576.365663322185,10,22425,44.593088071348944
84053041,USA,53041.0,Lewis,Washington,US,"Lewis, Washington, US",4892,2021-05-29,6061.43209387042,69,80707,85.49444286121403
84053043,USA,53043.0,Lincoln,Washington,US,"Lincoln, Washington, US",598,2021-05-29,5466.67885547125,9,10939,82.27443093518603
84053045,USA,53045.0,Mason,Washington,US,"Mason, Washington, US",2829,2021-05-29,4237.05966930266,33,66768,49.42487419122933
84053047,USA,53047.0,Okanogan,Washington,US,"Okanogan, Washington, US",2635,2021-05-29,6237.719858911536,40,42243,94.69024453755652
84080053,USA,80053.0,Out of WA,Washington,US,"Out of WA, Washington, US",0,2021-05-29,,0,0,
84053049,USA,53049.0,Pacific,Washington,US,"Pacific, Washington, US",965,2021-05-29,4294.423924168929,11,22471,48.95198255529349
84053051,USA,53051.0,Pend Oreille,Washington,US,"Pend Oreille, Washington, US",800,2021-05-29,5829.204313611192,9,13724,65.5785485281259
84053053,USA,53053.0,Pierce,Washington,US,"Pierce, Washington, US",55113,2021-05-29,6089.968839090367,694,904980,76.68677760834493
84053055,USA,53055.0,San Juan,Washington,US,"San Juan, Washington, US",185,2021-05-29,1052.2124900466385,0,17582,0.0
84053057,USA,53057.0,Skagit,Washington,US,"Skagit, Washington, US",5872,2021-05-29,4544.715761773925,73,129205,56.49936147981889
84053059,USA,53059.0,Skamania,Washington,US,"Skamania, Washington, US",359,2021-05-29,2971.116444591575,1,12083,8.276090374906893
84053061,USA,53061.0,Snohomish,Washington,US,"Snohomish, Washington, US",38873,2021-05-29,4728.597963952545,586,822083,71.2823401043447
84053063,USA,53063.0,Spokane,Washington,US,"Spokane, Washington, US",44986,2021-05-29,8604.853117265176,646,522798,123.56588969353365
84053065,USA,53065.0,Stevens,Washington,US,"Stevens, Washington, US",2296,2021-05-29,5021.542768409771,28,45723,61.23832644402161
84053067,USA,53067.0,Thurston,Washington,US,"Thurston, Washington, US",10353,2021-05-29,3563.4138282347108,106,290536,36.484291103340034
84090053,USA,90053.0,Unassigned,Washington,US,"Unassigned, Washington, US",1613,2021-05-29,,3,0,
84053069,USA,53069.0,Wahkiakum,Washington,US,"Wahkiakum, Washington, US",131,2021-05-29,2918.8948306595366,1,4488,22.281639928698752
84053071,USA,53071.0,Walla Walla,Washington,US,"Walla Walla, Washington, US",5148,2021-05-29,8472.679394338382,66,60760,108.62409479921
84053073,USA,53073.0,Whatcom,Washington,US,"Whatcom, Washington, US",9418,2021-05-29,4108.232605006827,98,229247,42.74865101833394
84053075,USA,53075.0,Whitman,Washington,US,"Whitman, Washington, US",4268,2021-05-29,8518.28197349513,49,50104,97.79658310713715
84053077,USA,53077.0,Yakima,Washington,US,"Yakima, Washington, US",30128,2021-05-29,12009.263651329558,457,250873,182.16388371805655
84054001,USA,54001.0,Barbour,West Virginia,US,"Barbour, West Virginia, US",1484,2021-05-29,9026.214950428806,28,16441,170.30594246092087
84054003,USA,54003.0,Berkeley,West Virginia,US,"Berkeley, West Virginia, US",12659,2021-05-29,10622.55078836294,126,119171,105.73042099168421
84054005,USA,54005.0,Boone,West Virginia,US,"Boone, West Virginia, US",2144,2021-05-29,9992.077177611036,34,21457,158.45644777927947
84054007,USA,54007.0,Braxton,West Virginia,US,"Braxton, West Virginia, US",970,2021-05-29,6949.917604069643,3,13957,21.49459052805044
84054009,USA,54009.0,Brooke,West Virginia,US,"Brooke, West Virginia, US",2222,2021-05-29,10128.082410319523,60,21939,273.4855736359907
84054011,USA,54011.0,Cabell,West Virginia,US,"Cabell, West Virginia, US",8794,2021-05-29,9564.41350807548,173,91945,188.15596280385012
84054013,USA,54013.0,Calhoun,West Virginia,US,"Calhoun, West Virginia, US",367,2021-05-29,5162.470108313406,1,7109,14.066676044450697
84054015,USA,54015.0,Clay,West Virginia,US,"Clay, West Virginia, US",537,2021-05-29,6311.706629055007,10,8508,117.53643629525152
84054017,USA,54017.0,Doddridge,West Virginia,US,"Doddridge, West Virginia, US",621,2021-05-29,7350.852272727272,6,8448,71.02272727272728
84054019,USA,54019.0,Fayette,West Virginia,US,"Fayette, West Virginia, US",3510,2021-05-29,8277.130594727161,79,42406,186.294392302976
84054021,USA,54021.0,Gilmer,West Virginia,US,"Gilmer, West Virginia, US",873,2021-05-29,11159.401764029144,6,7823,76.6969193404065
84054023,USA,54023.0,Grant,West Virginia,US,"Grant, West Virginia, US",1283,2021-05-29,11090.940525587828,27,11568,233.40248962655602
84054025,USA,54025.0,Greenbrier,West Virginia,US,"Greenbrier, West Virginia, US",2852,2021-05-29,8228.030696439906,61,34662,175.98522878079743
84054027,USA,54027.0,Hampshire,West Virginia,US,"Hampshire, West Virginia, US",1904,2021-05-29,8215.749730312837,34,23175,146.70981661272924
84054029,USA,54029.0,Hancock,West Virginia,US,"Hancock, West Virginia, US",2835,2021-05-29,9840.333217632768,89,28810,308.9205137105172
84054031,USA,54031.0,Hardy,West Virginia,US,"Hardy, West Virginia, US",1552,2021-05-29,11265.96980255517,24,13776,174.21602787456445
84054033,USA,54033.0,Harrison,West Virginia,US,"Harrison, West Virginia, US",5992,2021-05-29,8909.24229808493,77,67256,114.4879267277269
84054035,USA,54035.0,Jackson,West Virginia,US,"Jackson, West Virginia, US",2187,2021-05-29,7653.275475923852,61,28576,213.46584546472562
84054037,USA,54037.0,Jefferson,West Virginia,US,"Jefferson, West Virginia, US",4704,2021-05-29,8231.547264900431,52,57146,90.99499527525985
84054039,USA,54039.0,Kanawha,West Virginia,US,"Kanawha, West Virginia, US",15280,2021-05-29,8578.293772877321,345,178124,193.68529788237407
84054041,USA,54041.0,Lewis,West Virginia,US,"Lewis, West Virginia, US",1261,2021-05-29,7927.327591626327,21,15907,132.01735085182625
84054043,USA,54043.0,Lincoln,West Virginia,US,"Lincoln, West Virginia, US",1540,2021-05-29,7545.690626684306,23,20409,112.69537948944094
84054045,USA,54045.0,Logan,West Virginia,US,"Logan, West Virginia, US",3208,2021-05-29,10019.051188356912,95,32019,296.6988350666791
84054049,USA,54049.0,Marion,West Virginia,US,"Marion, West Virginia, US",4557,2021-05-29,8127.050934512769,51,56072,90.95448708802968
84054051,USA,54051.0,Marshall,West Virginia,US,"Marshall, West Virginia, US",3506,2021-05-29,11483.410304280895,77,30531,252.202679244047
84054053,USA,54053.0,Mason,West Virginia,US,"Mason, West Virginia, US",2037,2021-05-29,7682.154171066526,37,26516,139.53839191431587
84054047,USA,54047.0,McDowell,West Virginia,US,"McDowell, West Virginia, US",1588,2021-05-29,9010.440308669995,25,17624,141.8520199727644
84054055,USA,54055.0,Mercer,West Virginia,US,"Mercer, West Virginia, US",5043,2021-05-29,8582.661084448075,119,58758,202.5256135334763
84054057,USA,54057.0,Mineral,West Virginia,US,"Mineral, West Virginia, US",2919,2021-05-29,10864.22510049129,89,26868,331.2490695250856
84054059,USA,54059.0,Mingo,West Virginia,US,"Mingo, West Virginia, US",2671,2021-05-29,11402.834699453553,41,23424,175.03415300546447
84054061,USA,54061.0,Monongalia,West Virginia,US,"Monongalia, West Virginia, US",9326,2021-05-29,8830.435935310381,87,105612,82.37700261333939
84054063,USA,54063.0,Monroe,West Virginia,US,"Monroe, West Virginia, US",1170,2021-05-29,8813.559322033898,17,13275,128.060263653484
84054065,USA,54065.0,Morgan,West Virginia,US,"Morgan, West Virginia, US",1217,2021-05-29,6804.965332140461,21,17884,117.42339521359875
84054067,USA,54067.0,Nicholas,West Virginia,US,"Nicholas, West Virginia, US",1840,2021-05-29,7511.430437622468,20,24496,81.64598301763553
84054069,USA,54069.0,Ohio,West Virginia,US,"Ohio, West Virginia, US",4275,2021-05-29,10323.344039023448,86,41411,207.6742894400039
84080054,USA,80054.0,Out of WV,West Virginia,US,"Out of WV, West Virginia, US",0,2021-05-29,,0,0,
84054071,USA,54071.0,Pendleton,West Virginia,US,"Pendleton, West Virginia, US",709,2021-05-29,10173.626058258,11,6969,157.8418711436361
84054073,USA,54073.0,Pleasants,West Virginia,US,"Pleasants, West Virginia, US",952,2021-05-29,12761.394101876675,11,7460,147.45308310991956
84054075,USA,54075.0,Pocahontas,West Virginia,US,"Pocahontas, West Virginia, US",673,2021-05-29,8160.543227840426,12,8247,145.50745725718443
84054077,USA,54077.0,Preston,West Virginia,US,"Preston, West Virginia, US",2927,2021-05-29,8755.084948552285,46,33432,137.59272553242403
84054079,USA,54079.0,Putnam,West Virginia,US,"Putnam, West Virginia, US",5276,2021-05-29,9346.324180690877,93,56450,164.74756421612048
84054081,USA,54081.0,Raleigh,West Virginia,US,"Raleigh, West Virginia, US",6958,2021-05-29,9484.603535938713,88,73361,119.95474434645111
84054083,USA,54083.0,Randolph,West Virginia,US,"Randolph, West Virginia, US",2762,2021-05-29,9625.370273566823,12,28695,41.81913225300575
84054085,USA,54085.0,Ritchie,West Virginia,US,"Ritchie, West Virginia, US",747,2021-05-29,7818.714674481893,11,9554,115.13502198032238
84054087,USA,54087.0,Roane,West Virginia,US,"Roane, West Virginia, US",649,2021-05-29,4741.379310344827,9,13688,65.75102279368791
84054089,USA,54089.0,Summers,West Virginia,US,"Summers, West Virginia, US",838,2021-05-29,6665.075956414538,22,12573,174.97812773403325
84054091,USA,54091.0,Taylor,West Virginia,US,"Taylor, West Virginia, US",1249,2021-05-29,7481.281820904462,23,16695,137.76579814315662
84054093,USA,54093.0,Tucker,West Virginia,US,"Tucker, West Virginia, US",541,2021-05-29,7910.513232928791,10,6839,146.22020763269484
84054095,USA,54095.0,Tyler,West Virginia,US,"Tyler, West Virginia, US",737,2021-05-29,8578.745198463508,10,8591,116.40088464672331
84090054,USA,90054.0,Unassigned,West Virginia,US,"Unassigned, West Virginia, US",0,2021-05-29,,0,0,
84054097,USA,54097.0,Upshur,West Virginia,US,"Upshur, West Virginia, US",1927,2021-05-29,7970.71475843812,33,24176,136.49900727994705
84054099,USA,54099.0,Wayne,West Virginia,US,"Wayne, West Virginia, US",3164,2021-05-29,8030.049236079387,42,39402,106.59357393025735
84054101,USA,54101.0,Webster,West Virginia,US,"Webster, West Virginia, US",525,2021-05-29,6470.298249938378,8,8114,98.59502095144195
84054103,USA,54103.0,Wetzel,West Virginia,US,"Wetzel, West Virginia, US",1377,2021-05-29,9140.391636242948,31,15065,205.7749751078659
84054105,USA,54105.0,Wirt,West Virginia,US,"Wirt, West Virginia, US",446,2021-05-29,7661.913760522248,3,5821,51.53753650575503
84054107,USA,54107.0,Wood,West Virginia,US,"Wood, West Virginia, US",7879,2021-05-29,9433.894489810578,173,83518,207.14097559807465
84054109,USA,54109.0,Wyoming,West Virginia,US,"Wyoming, West Virginia, US",2023,2021-05-29,9919.584191428852,39,20394,191.23271550456016
84055001,USA,55001.0,Adams,Wisconsin,US,"Adams, Wisconsin, US",1952,2021-05-29,9653.808110781405,18,20220,89.02077151335311
84055003,USA,55003.0,Ashland,Wisconsin,US,"Ashland, Wisconsin, US",1391,2021-05-29,8938.439789230177,15,15562,96.38863899241743
84055005,USA,55005.0,Barron,Wisconsin,US,"Barron, Wisconsin, US",6023,2021-05-29,13312.26239943418,83,45244,183.44973919193706
84055007,USA,55007.0,Bayfield,Wisconsin,US,"Bayfield, Wisconsin, US",1285,2021-05-29,8546.155892524608,19,15036,126.36339451981911
84055009,USA,55009.0,Brown,Wisconsin,US,"Brown, Wisconsin, US",35462,2021-05-29,13405.054773911137,292,264542,110.37944825396345
84055011,USA,55011.0,Buffalo,Wisconsin,US,"Buffalo, Wisconsin, US",1407,2021-05-29,10797.329445169213,7,13031,53.71805694114036
84055013,USA,55013.0,Burnett,Wisconsin,US,"Burnett, Wisconsin, US",1568,2021-05-29,10172.570390554041,23,15414,149.21499935123913
84055015,USA,55015.0,Calumet,Wisconsin,US,"Calumet, Wisconsin, US",6509,2021-05-29,12994.86913294336,56,50089,111.80099423027012
84055017,USA,55017.0,Chippewa,Wisconsin,US,"Chippewa, Wisconsin, US",7660,2021-05-29,11846.948560116305,96,64658,148.47350675863774
84055019,USA,55019.0,Clark,Wisconsin,US,"Clark, Wisconsin, US",3691,2021-05-29,10614.252027376777,64,34774,184.0455512739403
84055021,USA,55021.0,Columbia,Wisconsin,US,"Columbia, Wisconsin, US",5905,2021-05-29,10263.853159980532,69,57532,119.93325453660572
84055023,USA,55023.0,Crawford,Wisconsin,US,"Crawford, Wisconsin, US",1794,2021-05-29,11121.44318393156,19,16131,117.7856301531213
84055025,USA,55025.0,Dane,Wisconsin,US,"Dane, Wisconsin, US",46517,2021-05-29,8508.766313941047,332,546695,60.72855980025425
84055027,USA,55027.0,Dodge,Wisconsin,US,"Dodge, Wisconsin, US",12896,2021-05-29,14681.40575370849,191,87839,217.44327690433633
84055029,USA,55029.0,Door,Wisconsin,US,"Door, Wisconsin, US",2842,2021-05-29,10271.794130403354,30,27668,108.42850946942316
84055031,USA,55031.0,Douglas,Wisconsin,US,"Douglas, Wisconsin, US",4966,2021-05-29,11508.690614136733,58,43150,134.41483198146003
84055033,USA,55033.0,Dunn,Wisconsin,US,"Dunn, Wisconsin, US",5092,2021-05-29,11223.770058190796,33,45368,72.7384940927526
84055035,USA,55035.0,Eau Claire,Wisconsin,US,"Eau Claire, Wisconsin, US",11949,2021-05-29,11418.496645834528,120,104646,114.67232383464251
84055037,USA,55037.0,Florence,Wisconsin,US,"Florence, Wisconsin, US",506,2021-05-29,11781.140861466822,13,4295,302.67753201396977
84055039,USA,55039.0,Fond du Lac,Wisconsin,US,"Fond du Lac, Wisconsin, US",13796,2021-05-29,13341.972670038587,125,103403,120.88624121157027
84055041,USA,55041.0,Forest,Wisconsin,US,"Forest, Wisconsin, US",1041,2021-05-29,11561.528209684586,26,9004,288.7605508662816
84055043,USA,55043.0,Grant,Wisconsin,US,"Grant, Wisconsin, US",5727,2021-05-29,11133.57569159587,92,51439,178.8526215517409
84055045,USA,55045.0,Green,Wisconsin,US,"Green, Wisconsin, US",3642,2021-05-29,9853.896103896104,25,36960,67.64069264069263
84055047,USA,55047.0,Green Lake,Wisconsin,US,"Green Lake, Wisconsin, US",2043,2021-05-29,10802.093797916777,22,18913,116.32210648760112
84055049,USA,55049.0,Iowa,Wisconsin,US,"Iowa, Wisconsin, US",2142,2021-05-29,9046.372159810795,12,23678,50.6799560773714
84055051,USA,55051.0,Iron,Wisconsin,US,"Iron, Wisconsin, US",701,2021-05-29,12326.358361174609,40,5687,703.358537014243
84055053,USA,55053.0,Jackson,Wisconsin,US,"Jackson, Wisconsin, US",2708,2021-05-29,13118.248316620646,28,20643,135.63919972872162
84055055,USA,55055.0,Jefferson,Wisconsin,US,"Jefferson, Wisconsin, US",9654,2021-05-29,11388.597246634972,133,84769,156.89697884839975
84055057,USA,55057.0,Juneau,Wisconsin,US,"Juneau, Wisconsin, US",3330,2021-05-29,12477.985536028778,28,26687,104.91999850114287
84055059,USA,55059.0,Kenosha,Wisconsin,US,"Kenosha, Wisconsin, US",18661,2021-05-29,11005.478854217657,327,169561,192.8509503954329
84055061,USA,55061.0,Kewaunee,Wisconsin,US,"Kewaunee, Wisconsin, US",2712,2021-05-29,13271.997650973866,36,20434,176.17695996867965
84055063,USA,55063.0,La Crosse,Wisconsin,US,"La Crosse, Wisconsin, US",13615,2021-05-29,11536.571312364425,88,118016,74.56616052060737
84055065,USA,55065.0,Lafayette,Wisconsin,US,"Lafayette, Wisconsin, US",1728,2021-05-29,10369.036903690368,10,16665,60.00600060006001
84055067,USA,55067.0,Langlade,Wisconsin,US,"Langlade, Wisconsin, US",2189,2021-05-29,11407.57725780395,47,19189,244.9319922872479
84055069,USA,55069.0,Lincoln,Wisconsin,US,"Lincoln, Wisconsin, US",3284,2021-05-29,11901.569238575,94,27593,340.6661109701736
84055071,USA,55071.0,Manitowoc,Wisconsin,US,"Manitowoc, Wisconsin, US",8892,2021-05-29,11258.40391993011,91,78981,115.21758397589294
84055073,USA,55073.0,Marathon,Wisconsin,US,"Marathon, Wisconsin, US",16371,2021-05-29,12064.823276243256,225,135692,165.81670253220528
84055075,USA,55075.0,Marinette,Wisconsin,US,"Marinette, Wisconsin, US",4696,2021-05-29,11638.16604708798,70,40350,173.4820322180917
84055077,USA,55077.0,Marquette,Wisconsin,US,"Marquette, Wisconsin, US",1583,2021-05-29,10164.376524977526,28,15574,179.78682419416978
84055078,USA,55078.0,Menominee,Wisconsin,US,"Menominee, Wisconsin, US",812,2021-05-29,17822.651448639157,11,4556,241.43985952589992
84055079,USA,55079.0,Milwaukee,Wisconsin,US,"Milwaukee, Wisconsin, US",117165,2021-05-29,12388.894880758275,1381,945726,146.02538155871784
84055081,USA,55081.0,Monroe,Wisconsin,US,"Monroe, Wisconsin, US",4720,2021-05-29,10204.743476098847,41,46253,88.64289883899423
84055083,USA,55083.0,Oconto,Wisconsin,US,"Oconto, Wisconsin, US",5074,2021-05-29,13377.273925652518,67,37930,176.64118112312153
84055085,USA,55085.0,Oneida,Wisconsin,US,"Oneida, Wisconsin, US",3813,2021-05-29,10712.178676780446,77,35595,216.32251720747294
84080055,USA,80055.0,Out of WI,Wisconsin,US,"Out of WI, Wisconsin, US",0,2021-05-29,,0,0,
84055087,USA,55087.0,Outagamie,Wisconsin,US,"Outagamie, Wisconsin, US",23806,2021-05-29,12670.51653937249,226,187885,120.28634537083855
84055089,USA,55089.0,Ozaukee,Wisconsin,US,"Ozaukee, Wisconsin, US",9265,2021-05-29,10384.326559890607,98,89221,109.83961175059683
84055091,USA,55091.0,Pepin,Wisconsin,US,"Pepin, Wisconsin, US",890,2021-05-29,12213.530945519418,7,7287,96.06147934678194
84055093,USA,55093.0,Pierce,Wisconsin,US,"Pierce, Wisconsin, US",4973,2021-05-29,11631.660195537259,43,42754,100.57538475932077
84055095,USA,55095.0,Polk,Wisconsin,US,"Polk, Wisconsin, US",4795,2021-05-29,10951.739259529955,60,43783,137.03949021309643
84055097,USA,55097.0,Portage,Wisconsin,US,"Portage, Wisconsin, US",7407,2021-05-29,10466.003504210705,72,70772,101.73514949415024
84055099,USA,55099.0,Price,Wisconsin,US,"Price, Wisconsin, US",1346,2021-05-29,10081.641824582428,7,13351,52.43052954834843
84055101,USA,55101.0,Racine,Wisconsin,US,"Racine, Wisconsin, US",25203,2021-05-29,12838.302489417303,384,196311,195.6079893638156
84055103,USA,55103.0,Richland,Wisconsin,US,"Richland, Wisconsin, US",1394,2021-05-29,8080.22258288894,16,17252,92.74287039183862
84055105,USA,55105.0,Rock,Wisconsin,US,"Rock, Wisconsin, US",18284,2021-05-29,11192.869473658435,200,163354,122.43348800763985
84055107,USA,55107.0,Rusk,Wisconsin,US,"Rusk, Wisconsin, US",1433,2021-05-29,10107.208350966286,18,14178,126.95725772323318
84055111,USA,55111.0,Sauk,Wisconsin,US,"Sauk, Wisconsin, US",6210,2021-05-29,9636.572421712548,55,64442,85.34806492660066
84055113,USA,55113.0,Sawyer,Wisconsin,US,"Sawyer, Wisconsin, US",1827,2021-05-29,11033.941297258123,28,16558,169.10254861698274
84055115,USA,55115.0,Shawano,Wisconsin,US,"Shawano, Wisconsin, US",5322,2021-05-29,13012.543093963177,84,40899,205.3839947186973
84055117,USA,55117.0,Sheboygan,Wisconsin,US,"Sheboygan, Wisconsin, US",14749,2021-05-29,12787.41113230449,160,115340,138.72030518467142
84055109,USA,55109.0,St. Croix,Wisconsin,US,"St. Croix, Wisconsin, US",9745,2021-05-29,10745.751871822864,66,90687,72.77779615600913
84055119,USA,55119.0,Taylor,Wisconsin,US,"Taylor, Wisconsin, US",2129,2021-05-29,10465.51639384555,33,20343,162.21796195251437
84055121,USA,55121.0,Trempealeau,Wisconsin,US,"Trempealeau, Wisconsin, US",3664,2021-05-29,12357.921009140275,46,29649,155.14857162130258
84090055,USA,90055.0,Unassigned,Wisconsin,US,"Unassigned, Wisconsin, US",0,2021-05-29,,0,0,
84055123,USA,55123.0,Vernon,Wisconsin,US,"Vernon, Wisconsin, US",2016,2021-05-29,6540.782557913179,42,30822,136.2663032898579
84055125,USA,55125.0,Vilas,Wisconsin,US,"Vilas, Wisconsin, US",2429,2021-05-29,10943.90628519937,41,22195,184.7262897048885
84055127,USA,55127.0,Walworth,Wisconsin,US,"Walworth, Wisconsin, US",12448,2021-05-29,11984.441791504601,164,103868,157.89270997804906
84055129,USA,55129.0,Washburn,Wisconsin,US,"Washburn, Wisconsin, US",1576,2021-05-29,10025.445292620865,23,15720,146.31043256997455
84055131,USA,55131.0,Washington,Wisconsin,US,"Washington, Wisconsin, US",16861,2021-05-29,12394.695443786111,174,136034,127.90919917079553
84055133,USA,55133.0,Waukesha,Wisconsin,US,"Waukesha, Wisconsin, US",49055,2021-05-29,12136.378705485926,605,404198,149.67911766015666
84055135,USA,55135.0,Waupaca,Wisconsin,US,"Waupaca, Wisconsin, US",6062,2021-05-29,11888.60560894293,164,50990,321.6316924887233
84055137,USA,55137.0,Waushara,Wisconsin,US,"Waushara, Wisconsin, US",2558,2021-05-29,10465.16385059117,37,24443,151.37258110706543
84055139,USA,55139.0,Winnebago,Wisconsin,US,"Winnebago, Wisconsin, US",21389,2021-05-29,12442.192580872215,221,171907,128.55788304141194
84055141,USA,55141.0,Wood,Wisconsin,US,"Wood, Wisconsin, US",7653,2021-05-29,10483.705256236386,94,72999,128.76888724503075
84056001,USA,56001.0,Albany,Wyoming,US,"Albany, Wyoming, US",4516,2021-05-29,11615.22633744856,15,38880,38.58024691358025
84056003,USA,56003.0,Big Horn,Wyoming,US,"Big Horn, Wyoming, US",1182,2021-05-29,10025.445292620865,34,11790,288.37998303647163
84056005,USA,56005.0,Campbell,Wyoming,US,"Campbell, Wyoming, US",5018,2021-05-29,10828.424073714421,60,46341,129.47497896031592
84056007,USA,56007.0,Carbon,Wyoming,US,"Carbon, Wyoming, US",1608,2021-05-29,10864.864864864865,23,14800,155.4054054054054
84056009,USA,56009.0,Converse,Wyoming,US,"Converse, Wyoming, US",1013,2021-05-29,7328.895962957605,17,13822,122.99233106641586
84056011,USA,56011.0,Crook,Wyoming,US,"Crook, Wyoming, US",446,2021-05-29,5880.801687763714,12,7584,158.2278481012658
84056013,USA,56013.0,Fremont,Wyoming,US,"Fremont, Wyoming, US",5233,2021-05-29,13328.74863095693,84,39261,213.95277756552306
84056015,USA,56015.0,Goshen,Wyoming,US,"Goshen, Wyoming, US",1225,2021-05-29,9272.575883733252,24,13211,181.6667928241617
84056017,USA,56017.0,Hot Springs,Wyoming,US,"Hot Springs, Wyoming, US",369,2021-05-29,8361.658735554045,3,4413,67.98096532970767
84056019,USA,56019.0,Johnson,Wyoming,US,"Johnson, Wyoming, US",723,2021-05-29,8561.278863232683,10,8445,118.41326228537595
84056021,USA,56021.0,Laramie,Wyoming,US,"Laramie, Wyoming, US",9533,2021-05-29,9580.904522613066,114,99500,114.57286432160804
84056023,USA,56023.0,Lincoln,Wyoming,US,"Lincoln, Wyoming, US",1413,2021-05-29,7125.567322239032,12,19830,60.5143721633888
84056025,USA,56025.0,Natrona,Wyoming,US,"Natrona, Wyoming, US",8108,2021-05-29,10153.02161336372,138,79858,172.80673194920985
84056027,USA,56027.0,Niobrara,Wyoming,US,"Niobrara, Wyoming, US",162,2021-05-29,6876.061120543293,2,2356,84.88964346349745
84080056,USA,80056.0,Out of WY,Wyoming,US,"Out of WY, Wyoming, US",0,2021-05-29,,0,0,
84056029,USA,56029.0,Park,Wyoming,US,"Park, Wyoming, US",2820,2021-05-29,9659.519079262862,30,29194,102.76084126875386
84056031,USA,56031.0,Platte,Wyoming,US,"Platte, Wyoming, US",651,2021-05-29,7756.463719766472,11,8393,131.06159895150722
84056033,USA,56033.0,Sheridan,Wyoming,US,"Sheridan, Wyoming, US",3207,2021-05-29,10519.927833360669,31,30485,101.6893554206987
84056035,USA,56035.0,Sublette,Wyoming,US,"Sublette, Wyoming, US",795,2021-05-29,8086.664632285627,7,9831,71.20333638490489
84056037,USA,56037.0,Sweetwater,Wyoming,US,"Sweetwater, Wyoming, US",4496,2021-05-29,10618.047847341944,39,42343,92.10495241244125
84056039,USA,56039.0,Teton,Wyoming,US,"Teton, Wyoming, US",3784,2021-05-29,16126.832594613024,9,23464,38.35663143539038
84056041,USA,56041.0,Uinta,Wyoming,US,"Uinta, Wyoming, US",2266,2021-05-29,11203.401562345496,13,20226,64.27370710966083
84090056,USA,90056.0,Unassigned,Wyoming,US,"Unassigned, Wyoming, US",0,2021-05-29,,0,0,
84056043,USA,56043.0,Washakie,Wyoming,US,"Washakie, Wyoming, US",922,2021-05-29,11812.940422805894,26,7805,333.1197950032031
84056045,USA,56045.0,Weston,Wyoming,US,"Weston, Wyoming, US",654,2021-05-29,9441.316587267214,5,6927,72.18131947452
